gameid,datacompleteness,url,league,year,split,playoffs,date,game,patch,participantid,side,position,playername,playerid,teamname,teamid,champion,result,gamelength,kills,deaths,assists,teamkills,teamdeaths,team kpm,ckpm,damageshare,totalgold,earned gpm,earnedgoldshare,total cs,cspm,wardsplaced,wpm,wardskilled,wcpm,dpm,damagetochampions,visionscore,vspm,xpdiffat15,dragons,opp_dragons,elementaldrakes,opp_elementaldrakes,infernals,mountains,clouds,oceans,chemtechs,hextechs,elders,opp_elders,barons,opp_barons,towers,opp_towers,inhibitors,opp_inhibitors,goldat10,csat10,opp_goldat10,opp_csat10,golddiffat10,csdiffat10,killsat10,assistsat10,deathsat10,opp_killsat10,opp_assistsat10,opp_deathsat10,goldat15,csat15,opp_goldat15,opp_csat15,golddiffat15,csdiffat15,killsat15,assistsat15,deathsat15,opp_killsat15,opp_assistsat15,opp_deathsat15,goldat20,csat20,opp_goldat20,opp_csat20,golddiffat20,csdiffat20,killsat20,assistsat20,deathsat20,opp_killsat20,opp_assistsat20,opp_deathsat20,goldat25,csat25,opp_goldat25,opp_csat25,golddiffat25,csdiffat25,killsat25,assistsat25,deathsat25,opp_killsat25,opp_assistsat25,opp_deathsat25,cito_source,riot_source
lol-game-115548147900553446,partial,,LCK,2026,,0,2026-08-05 11:25:00,1,16.15.800.4844,1,Blue,top,Kiin,,Gen.G Esports,,Ornn,1,2056,3,1,7,17,8,,,0.1533,14231,415.3,0.1907,297,8.67,26,0.76,7,0.2,,,,,,,,,,,,,,,,,,,,,,,,4712,132,4499,124,213,8,0,1,0,0,0,1,6123,167,6099,167,24,0,0,2,1,0,1,1,7895,202,7522,203,373,-1,1,2,1,0,2,1,9582,243,9449,260,133,-17,1,2,1,0,2,1,1,1
lol-game-115548147900553446,partial,,LCK,2026,,0,2026-08-05 11:25:00,1,16.15.800.4844,2,Blue,jng,Canyon,,Gen.G Esports,,Lee Sin,1,2056,5,1,8,17,8,,,0.1709,15816,461.6,0.212,289,8.43,27,0.79,19,0.55,,,,,,,,,,,,,,,,,,,,,,,,5610,115,4759,98,851,17,2,1,0,1,1,1,7992,166,6750,136,1242,30,3,2,0,1,4,1,9399,185,8449,174,950,11,3,3,1,1,5,1,11255,226,9987,206,1268,20,3,3,1,1,5,1,1,1
lol-game-115548147900553446,partial,,LCK,2026,,0,2026-08-05 11:25:00,1,16.15.800.4844,3,Blue,mid,Chovy,,Gen.G Esports,,Anivia,1,2056,4,4,3,17,8,,,0.2594,16112,470.2,0.2159,346,10.1,15,0.44,16,0.47,,,,,,,,,,,,,,,,,,,,,,,,4499,111,5032,125,-533,-14,1,1,2,1,1,1,5848,149,7283,181,-1435,-32,1,2,3,2,2,1,7746,193,8704,216,-958,-23,1,2,3,2,2,1,9944,248,10532,269,-588,-21,1,2,3,2,2,1,1,1
lol-game-115548147900553446,partial,,LCK,2026,,0,2026-08-05 11:25:00,1,16.15.800.4844,4,Blue,bot,Ruler,,Gen.G Esports,,Jhin,1,2056,5,0,8,17,8,,,0.3394,19059,556.2,0.2554,422,12.32,19,0.55,12,0.35,,,,,,,,,,,,,,,,,,,,,,,,5525,139,6018,148,-493,-9,1,1,0,0,0,1,7698,185,8864,197,-1166,-12,2,2,0,2,1,2,9855,239,11036,245,-1181,-6,2,3,0,3,1,2,12330,309,13561,314,-1231,-5,2,3,0,3,1,2,1,1
lol-game-115548147900553446,partial,,LCK,2026,,0,2026-08-05 11:25:00,1,16.15.800.4844,5,Blue,sup,Duro,,Gen.G Esports,,Poppy,1,2056,0,2,12,17,8,,,0.077,9393,274.1,0.1259,33,0.96,87,2.54,20,0.58,,,,,,,,,,,,,,,,,,,,,,,,3184,16,3199,26,-15,-10,0,2,0,0,1,0,4309,20,4527,31,-218,-11,0,4,1,0,4,1,5351,22,5654,37,-303,-15,0,4,1,0,5,2,6533,27,6691,40,-158,-13,0,4,1,0,5,2,1,1
lol-game-115548147900553446,partial,,LCK,2026,,0,2026-08-05 11:25:00,1,16.15.800.4844,,Blue,team,,,Gen.G Esports,,,1,2056,17,8,38,17,8,0.496,0.73,,74611,,,1387,,174,,74,,,,,,,4,2,4,2,3,0,0,0,1,0,0,0,1,0,9,1,2,0,23530,513,23507,521,23,-8,4,6,2,2,3,4,31970,687,33523,712,-1553,-25,6,12,5,5,12,6,40246,841,41365,875,-1119,-34,7,14,6,6,15,7,49644,1053,50220,1089,-576,-36,7,14,6,6,15,7,1,1
lol-game-115548147900553446,partial,,LCK,2026,,0,2026-08-05 11:25:00,1,16.15.800.4844,6,Red,top,Zeus,,Hanwha Life Esports,,Rumble,0,2056,0,4,2,8,17,,,0.2212,11634,339.5,0.1763,294,8.58,18,0.53,4,0.12,,,,,,,,,,,,,,,,,,,,,,,,4499,124,4712,132,-213,-8,0,0,1,0,1,0,6099,167,6123,167,-24,0,0,1,1,0,2,1,7522,203,7895,202,-373,1,0,2,1,1,2,1,9449,260,9582,243,-133,17,0,2,1,1,2,1,1,1
lol-game-115548147900553446,partial,,LCK,2026,,0,2026-08-05 11:25:00,1,16.15.800.4844,7,Red,jng,Kanavi,,Hanwha Life Esports,,Jarvan IV,0,2056,1,3,7,8,17,,,0.1523,12588,367.4,0.1908,245,7.15,16,0.47,17,0.5,,,,,,,,,,,,,,,,,,,,,,,,4759,98,5610,115,-851,-17,1,1,1,2,1,0,6750,136,7992,166,-1242,-30,1,4,1,3,2,0,8449,174,9399,185,-950,-11,1,5,1,3,3,1,9987,206,11255,226,-1268,-20,1,5,1,3,3,1,1,1
lol-game-115548147900553446,partial,,LCK,2026,,0,2026-08-05 11:25:00,1,16.15.800.4844,8,Red,mid,Zeka,,Hanwha Life Esports,,Cassiopeia,0,2056,2,2,3,8,17,,,0.1824,13512,394.3,0.2048,336,9.81,15,0.44,10,0.29,,,,,,,,,,,,,,,,,,,,,,,,5032,125,4499,111,533,14,1,1,1,1,1,2,7283,181,5848,149,1435,32,2,2,1,1,2,3,8704,216,7746,193,958,23,2,2,1,1,2,3,10532,269,9944,248,588,21,2,2,1,1,2,3,1,1
lol-game-115548147900553446,partial,,LCK,2026,,0,2026-08-05 11:25:00,1,16.15.800.4844,9,Red,bot,Gumayusi,,Hanwha Life Esports,,Miss Fortune,0,2056,5,4,1,8,17,,,0.3749,19495,568.9,0.2955,417,12.17,17,0.5,24,0.7,,,,,,,,,,,,,,,,,,,,,,,,6018,148,5525,139,493,9,0,0,1,1,1,0,8864,197,7698,185,1166,12,2,1,2,2,2,0,11036,245,9855,239,1181,6,3,1,2,2,3,0,13561,314,12330,309,1231,5,3,1,2,2,3,0,1,1
lol-game-115548147900553446,partial,,LCK,2026,,0,2026-08-05 11:25:00,1,16.15.800.4844,10,Red,sup,Delight,,Hanwha Life Esports,,Shen,0,2056,0,4,6,8,17,,,0.0693,8747,255.3,0.1326,47,1.37,84,2.45,23,0.67,,,,,,,,,,,,,,,,,,,,,,,,3199,26,3184,16,15,10,0,1,0,0,2,0,4527,31,4309,20,218,11,0,4,1,0,4,1,5654,37,5351,22,303,15,0,5,2,0,4,1,6691,40,6533,27,158,13,0,5,2,0,4,1,1,1
lol-game-115548147900553446,partial,,LCK,2026,,0,2026-08-05 11:25:00,1,16.15.800.4844,,Red,team,,,Hanwha Life Esports,,,0,2056,8,17,19,8,17,0.233,0.73,,65976,,,1339,,150,,78,,,,,,,2,4,2,4,1,0,0,1,0,0,0,0,0,1,1,9,0,2,23507,521,23530,513,-23,8,2,3,4,4,6,2,33523,712,31970,687,1553,25,5,12,6,6,12,5,41365,875,40246,841,1119,34,6,15,7,7,14,6,50220,1089,49644,1053,576,36,6,15,7,7,14,6,1,1
lol-game-115548147900553447,partial,,LCK,2026,,0,2026-08-05 12:25:00,2,16.15.800.4844,1,Blue,top,Kiin,,Gen.G Esports,,Zaahen,0,1530,0,3,1,5,16,,,0.2309,8939,350.5,0.1847,237,9.29,10,0.39,5,0.2,,,,,,,,,,,,,,,,,,,,,,,,3597,92,4626,120,-1029,-28,0,0,0,1,2,0,5241,142,6306,173,-1065,-31,0,0,0,1,2,0,7470,203,7711,204,-241,-1,0,0,0,1,2,0,8876,237,10132,246,-1256,-9,0,1,3,2,8,0,1,1
lol-game-115548147900553447,partial,,LCK,2026,,0,2026-08-05 12:25:00,2,16.15.800.4844,2,Blue,jng,Canyon,,Gen.G Esports,,Pantheon,0,1530,1,3,3,5,16,,,0.1252,9665,379.0,0.1997,211,8.27,11,0.43,8,0.31,,,,,,,,,,,,,,,,,,,,,,,,4060,89,4563,105,-503,-16,0,1,1,1,0,0,6017,129,6274,149,-257,-20,1,1,1,1,0,1,7988,178,8362,198,-374,-20,1,1,1,1,1,1,9602,211,10363,220,-761,-9,1,3,3,1,11,3,1,1
lol-game-115548147900553447,partial,,LCK,2026,,0,2026-08-05 12:25:00,2,16.15.800.4844,3,Blue,mid,Chovy,,Gen.G Esports,,Ryze,0,1530,1,4,1,5,16,,,0.2467,9903,388.4,0.2047,268,10.51,12,0.47,8,0.31,,,,,,,,,,,,,,,,,,,,,,,,4503,128,4422,107,81,21,0,0,0,1,1,0,6171,176,6482,162,-311,14,0,1,1,2,1,0,8010,229,9159,223,-1149,6,0,1,2,3,1,0,9835,268,12712,260,-2877,8,1,1,4,8,5,0,1,1
lol-game-115548147900553447,partial,,LCK,2026,,0,2026-08-05 12:25:00,2,16.15.800.4844,4,Blue,bot,Ruler,,Gen.G Esports,,Ezreal,0,1530,3,3,2,5,16,,,0.3349,13551,531.4,0.28,312,12.24,13,0.51,14,0.55,,,,,,,,,,,,,,,,,,,,,,,,5246,131,4660,121,586,10,1,0,1,0,0,0,8357,191,7008,183,1349,8,2,1,1,0,0,0,11069,259,9673,250,1396,9,2,1,1,0,0,0,13488,312,14464,304,-976,8,3,2,3,5,5,0,1,1
lol-game-115548147900553447,partial,,LCK,2026,,0,2026-08-05 12:25:00,2,16.15.800.4844,5,Blue,sup,Duro,,Gen.G Esports,,Braum,0,1530,0,3,5,5,16,,,0.0622,6330,248.2,0.1308,20,0.78,63,2.47,10,0.39,,,,,,,,,,,,,,,,,,,,,,,,2685,9,2863,23,-178,-14,0,1,1,0,3,1,3997,14,3947,32,50,-18,0,3,1,0,3,2,5124,18,5382,40,-258,-22,0,3,1,0,4,2,6239,20,7237,46,-998,-26,0,5,3,0,15,2,1,1
lol-game-115548147900553447,partial,,LCK,2026,,0,2026-08-05 12:25:00,2,16.15.800.4844,,Blue,team,,,Gen.G Esports,,,0,1530,5,16,12,5,16,0.196,0.824,,48388,,,1048,,109,,45,,,,,,,0,4,0,4,0,0,0,0,0,0,0,0,0,0,2,7,0,1,20091,449,21134,476,-1043,-27,1,2,3,3,6,1,29783,652,30017,699,-234,-47,3,6,4,4,6,3,39661,887,40287,915,-626,-28,3,6,5,5,8,3,48040,1048,54908,1076,-6868,-28,5,12,16,16,44,5,1,1
lol-game-115548147900553447,partial,,LCK,2026,,0,2026-08-05 12:25:00,2,16.15.800.4844,6,Red,top,Zeus,,Hanwha Life Esports,,Olaf,1,1530,2,0,8,16,5,,,0.2753,10618,416.4,0.1857,248,9.73,11,0.43,3,0.12,,,,,,,,,,,,,,,,,,,,,,,,4626,120,3597,92,1029,28,1,2,0,0,0,0,6306,173,5241,142,1065,31,1,2,0,0,0,0,7711,204,7470,203,241,1,1,2,0,0,0,0,10132,246,8876,237,1256,9,2,8,0,0,1,3,1,1
lol-game-115548147900553447,partial,,LCK,2026,,0,2026-08-05 12:25:00,2,16.15.800.4844,7,Red,jng,Kanavi,,Hanwha Life Esports,,Vi,1,1530,1,3,11,16,5,,,0.0978,10782,422.8,0.1886,221,8.67,8,0.31,14,0.55,,,,,,,,,,,,,,,,,,,,,,,,4563,105,4060,89,503,16,1,0,0,0,1,1,6274,149,6017,129,257,20,1,0,1,1,1,1,8362,198,7988,178,374,20,1,1,1,1,1,1,10363,220,9602,211,761,9,1,11,3,1,3,3,1,1
lol-game-115548147900553447,partial,,LCK,2026,,0,2026-08-05 12:25:00,2,16.15.800.4844,8,Red,mid,Zeka,,Hanwha Life Esports,,Akali,1,1530,8,0,5,16,5,,,0.2712,13117,514.4,0.2295,260,10.2,7,0.27,5,0.2,,,,,,,,,,,,,,,,,,,,,,,,4422,107,4503,128,-81,-21,1,1,0,0,0,0,6482,162,6171,176,311,-14,2,1,0,0,1,1,9159,223,8010,229,1149,-6,3,1,0,0,1,2,12712,260,9835,268,2877,-8,8,5,0,1,1,4,1,1
lol-game-115548147900553447,partial,,LCK,2026,,0,2026-08-05 12:25:00,2,16.15.800.4844,9,Red,bot,Gumayusi,,Hanwha Life Esports,,Corki,1,1530,5,0,5,16,5,,,0.3142,14963,586.8,0.2618,306,12.0,16,0.63,11,0.43,,,,,,,,,,,,,,,,,,,,,,,,4660,121,5246,131,-586,-10,0,0,0,1,0,1,7008,183,8357,191,-1349,-8,0,0,0,2,1,1,9673,250,11069,259,-1396,-9,0,0,0,2,1,1,14464,304,13488,312,976,-8,5,5,0,3,2,3,1,1
lol-game-115548147900553447,partial,,LCK,2026,,0,2026-08-05 12:25:00,2,16.15.800.4844,10,Red,sup,Delight,,Hanwha Life Esports,,Alistar,1,1530,0,2,15,16,5,,,0.0415,7685,301.4,0.1344,47,1.84,61,2.39,18,0.71,,,,,,,,,,,,,,,,,,,,,,,,2863,23,2685,9,178,14,0,3,1,0,1,1,3947,32,3997,14,-50,18,0,3,2,0,3,1,5382,40,5124,18,258,22,0,4,2,0,3,1,7237,46,6239,20,998,26,0,15,2,0,5,3,1,1
lol-game-115548147900553447,partial,,LCK,2026,,0,2026-08-05 12:25:00,2,16.15.800.4844,,Red,team,,,Hanwha Life Esports,,,1,1530,16,5,44,16,5,0.627,0.824,,57165,,,1082,,103,,51,,,,,,,4,0,4,0,0,0,2,1,0,1,0,0,0,0,7,2,1,0,21134,476,20091,449,1043,27,3,6,1,1,2,3,30017,699,29783,652,234,47,4,6,3,3,6,4,40287,915,39661,887,626,28,5,8,3,3,6,5,54908,1076,48040,1048,6868,28,16,44,5,5,12,16,1,1
lol-game-115548147900553448,partial,,LCK,2026,,0,2026-08-05 13:17:00,3,16.15.800.4844,1,Blue,top,Zeus,,Hanwha Life Esports,,Dr. Mundo,0,2075,9,3,1,14,27,,,0.2506,15347,443.8,0.223,235,6.8,11,0.32,5,0.14,,,,,,,,,,,,,,,,,,,,,,,,4236,87,4216,90,20,-3,2,0,1,1,0,2,6323,139,5998,128,325,11,3,0,1,2,0,3,7993,167,8345,158,-352,9,4,0,1,5,1,4,10522,208,10391,207,131,1,6,0,2,5,2,5,1,1
lol-game-115548147900553448,partial,,LCK,2026,,0,2026-08-05 13:17:00,3,16.15.800.4844,2,Blue,jng,Kanavi,,Hanwha Life Esports,,Shyvana,0,2075,1,6,6,14,27,,,0.1649,13972,404.0,0.203,259,7.49,8,0.23,33,0.95,,,,,,,,,,,,,,,,,,,,,,,,4483,92,4445,95,38,-3,0,2,0,1,1,0,6425,141,6449,150,-24,-9,0,2,0,1,1,0,8805,179,8859,197,-54,-18,1,2,2,1,4,0,10742,221,11094,247,-352,-26,1,3,3,1,7,0,1,1
lol-game-115548147900553448,partial,,LCK,2026,,0,2026-08-05 13:17:00,3,16.15.800.4844,3,Blue,mid,Zeka,,Hanwha Life Esports,,Viktor,0,2075,0,3,9,14,27,,,0.3081,13334,385.6,0.1937,315,9.11,16,0.46,6,0.17,,,,,,,,,,,,,,,,,,,,,,,,3988,117,4371,128,-383,-11,0,0,0,0,0,0,5922,177,6304,183,-382,-6,0,0,0,0,0,0,7866,235,8412,218,-546,17,0,2,0,1,4,0,9458,266,10909,239,-1451,27,0,4,1,4,6,0,1,1
lol-game-115548147900553448,partial,,LCK,2026,,0,2026-08-05 13:17:00,3,16.15.800.4844,4,Blue,bot,Gumayusi,,Hanwha Life Esports,,Yunara,0,2075,3,7,7,14,27,,,0.2096,16857,487.4,0.2449,333,9.63,18,0.52,11,0.32,,,,,,,,,,,,,,,,,,,,,,,,4282,103,5211,121,-929,-18,0,1,2,1,1,0,6779,146,7294,175,-515,-29,0,2,3,1,1,0,8394,177,10381,220,-1987,-43,0,4,5,3,3,1,11451,244,12916,257,-1465,-13,1,6,5,5,4,2,1,1
lol-game-115548147900553448,partial,,LCK,2026,,0,2026-08-05 13:17:00,3,16.15.800.4844,5,Blue,sup,Delight,,Hanwha Life Esports,,Leona,0,2075,1,8,3,14,27,,,0.0668,9326,269.7,0.1355,51,1.47,78,2.26,22,0.64,,,,,,,,,,,,,,,,,,,,,,,,2835,21,2757,7,78,14,1,0,0,0,2,1,4101,31,3993,14,108,17,1,0,0,0,2,1,5361,44,5553,17,-192,27,1,0,2,0,8,1,6699,46,6841,20,-142,26,1,2,4,0,11,2,1,1
lol-game-115548147900553448,partial,,LCK,2026,,0,2026-08-05 13:17:00,3,16.15.800.4844,,Blue,team,,,Hanwha Life Esports,,,0,2075,14,27,26,14,27,0.405,1.186,,68836,,,1193,,131,,77,,,,,,,1,4,0,4,0,0,0,0,0,0,1,0,1,2,6,9,1,1,19824,420,21000,441,-1176,-21,3,3,3,3,4,3,29550,634,30038,650,-488,-16,4,4,4,4,4,4,38419,802,41550,810,-3131,-8,6,8,10,10,20,6,48872,985,52151,970,-3279,15,9,15,15,15,30,9,1,1
lol-game-115548147900553448,partial,,LCK,2026,,0,2026-08-05 13:17:00,3,16.15.800.4844,6,Red,top,Kiin,,Gen.G Esports,,Varus,1,2075,7,6,7,27,14,,,0.2997,13709,396.4,0.1817,238,6.88,20,0.58,7,0.2,,,,,,,,,,,,,,,,,,,,,,,,4216,90,4236,87,-20,3,1,0,2,2,0,1,5998,128,6323,139,-325,-11,2,0,3,3,0,1,8345,158,7993,167,352,-9,5,1,4,4,0,1,10391,207,10522,208,-131,-1,5,2,5,6,0,2,1,1
lol-game-115548147900553448,partial,,LCK,2026,,0,2026-08-05 13:17:00,3,16.15.800.4844,7,Red,jng,Canyon,,Gen.G Esports,,Nocturne,1,2075,2,2,12,27,14,,,0.1352,15479,447.6,0.2052,302,8.73,12,0.35,21,0.61,,,,,,,,,,,,,,,,,,,,,,,,4445,95,4483,92,-38,3,1,1,0,0,2,0,6449,150,6425,141,24,9,1,1,0,0,2,0,8859,197,8805,179,54,18,1,4,0,1,2,2,11094,247,10742,221,352,26,1,7,0,1,3,3,1,1
lol-game-115548147900553448,partial,,LCK,2026,,0,2026-08-05 13:17:00,3,16.15.800.4844,8,Red,mid,Chovy,,Gen.G Esports,,Syndra,1,2075,8,0,14,27,14,,,0.2009,16590,479.7,0.2199,326,9.43,15,0.43,10,0.29,,,,,,,,,,,,,,,,,,,,,,,,4371,128,3988,117,383,11,0,0,0,0,0,0,6304,183,5922,177,382,6,0,0,0,0,0,0,8412,218,7866,235,546,-17,1,4,0,0,2,0,10909,239,9458,266,1451,-27,4,6,0,0,4,1,1,1
lol-game-115548147900553448,partial,,LCK,2026,,0,2026-08-05 13:17:00,3,16.15.800.4844,9,Red,bot,Ruler,,Gen.G Esports,,Kalista,1,2075,9,3,9,27,14,,,0.3234,19355,559.7,0.2566,342,9.89,20,0.58,23,0.67,,,,,,,,,,,,,,,,,,,,,,,,5211,121,4282,103,929,18,1,1,0,0,1,2,7294,175,6779,146,515,29,1,1,0,0,2,3,10381,220,8394,177,1987,43,3,3,1,0,4,5,12916,257,11451,244,1465,13,5,4,2,1,6,5,1,1
lol-game-115548147900553448,partial,,LCK,2026,,0,2026-08-05 13:17:00,3,16.15.800.4844,10,Red,sup,Duro,,Gen.G Esports,,Renata,1,2075,1,3,21,27,14,,,0.0409,10295,297.7,0.1365,24,0.69,90,2.6,15,0.43,,,,,,,,,,,,,,,,,,,,,,,,2757,7,2835,21,-78,-14,0,2,1,1,0,0,3993,14,4101,31,-108,-17,0,2,1,1,0,0,5553,17,5361,44,192,-27,0,8,1,1,0,2,6841,20,6699,46,142,-26,0,11,2,1,2,4,1,1
lol-game-115548147900553448,partial,,LCK,2026,,0,2026-08-05 13:17:00,3,16.15.800.4844,,Red,team,,,Gen.G Esports,,,1,2075,27,14,63,27,14,0.781,1.186,,75428,,,1232,,157,,76,,,,,,,4,1,4,0,1,0,2,0,0,1,0,1,2,1,9,6,1,1,21000,441,19824,420,1176,21,3,4,3,3,3,3,30038,650,29550,634,488,16,4,4,4,4,4,4,41550,810,38419,802,3131,8,10,20,6,6,8,10,52151,970,48872,985,3279,-15,15,30,9,9,15,15,1,1
lol-game-115548147900553450,partial,,LCK,2026,,0,2026-08-02 11:35:00,1,16.14.794.9266,1,Blue,top,Zeus,,Hanwha Life Esports,,Ambessa,0,1675,3,7,6,12,36,,,0.2496,13582,486.5,0.1981,260,9.31,11,0.39,4,0.14,,,,,,,,,,,,,,,,,,,,,,,,6014,171,5993,153,21,18,0,1,1,1,5,0,7713,211,8135,187,-422,24,0,3,2,3,5,1,9974,248,10682,232,-708,16,0,4,4,4,6,1,12628,259,12676,254,-48,5,3,5,5,6,7,1,1,1
lol-game-115548147900553450,partial,,LCK,2026,,0,2026-08-02 11:35:00,1,16.14.794.9266,2,Blue,jng,Kanavi,,Hanwha Life Esports,,Jarvan IV,0,1675,1,12,11,12,36,,,0.1074,11804,422.8,0.1722,179,6.41,9,0.32,17,0.61,,,,,,,,,,,,,,,,,,,,,,,,5133,104,6785,143,-1652,-39,0,1,4,2,5,0,7753,145,9016,173,-1263,-28,1,3,5,2,7,0,8981,160,11274,198,-2293,-38,1,4,8,2,14,1,10403,170,12861,221,-2458,-51,1,9,11,2,18,1,1,1
lol-game-115548147900553450,partial,,LCK,2026,,0,2026-08-02 11:35:00,1,16.14.794.9266,3,Blue,mid,Zeka,,Hanwha Life Esports,,Locke,0,1675,5,5,3,12,36,,,0.1808,16124,577.6,0.2352,311,11.14,7,0.25,14,0.5,,,,,,,,,,,,,,,,,,,,,,,,6441,152,7308,162,-867,-10,1,0,2,5,2,1,8718,188,9740,225,-1022,-37,2,0,3,6,2,1,10998,232,12127,259,-1129,-27,2,1,4,7,6,1,13664,290,13640,269,24,21,3,3,4,8,11,3,1,1
lol-game-115548147900553450,partial,,LCK,2026,,0,2026-08-02 11:35:00,1,16.14.794.9266,4,Blue,bot,Gumayusi,,Hanwha Life Esports,,Lucian,0,1675,3,5,8,12,36,,,0.4132,17727,635.0,0.2586,359,12.86,20,0.72,15,0.54,,,,,,,,,,,,,,,,,,,,,,,,5969,155,7163,127,-1194,28,0,1,2,3,7,0,9385,229,9530,179,-145,50,1,2,2,4,8,1,12529,283,13364,220,-835,63,2,2,2,9,9,1,15954,339,15682,261,272,78,3,6,3,11,9,3,1,1
lol-game-115548147900553450,partial,,LCK,2026,,0,2026-08-02 11:35:00,1,16.14.794.9266,5,Blue,sup,Delight,,Hanwha Life Esports,,Milio,0,1675,0,7,11,12,36,,,0.0491,9320,333.9,0.1359,31,1.11,60,2.15,11,0.39,,,,,,,,,,,,,,,,,,,,,,,,3842,22,4529,30,-687,-8,0,1,3,1,6,0,5149,23,5921,31,-772,-8,0,3,4,1,8,1,6370,24,7951,35,-1581,-11,0,4,5,1,14,1,8006,31,9705,37,-1699,-6,0,9,6,2,17,2,1,1
lol-game-115548147900553450,partial,,LCK,2026,,0,2026-08-02 11:35:00,1,16.14.794.9266,,Blue,team,,,Hanwha Life Esports,,,0,1675,12,36,39,12,36,0.43,1.719,,68557,,,1140,,107,,61,,,,,,,1,4,1,4,0,0,0,1,0,0,0,0,0,2,6,9,1,4,27399,604,31778,615,-4379,-11,1,4,12,12,25,1,38718,796,42342,795,-3624,1,4,11,16,16,30,4,48852,947,55398,944,-6546,3,5,15,23,23,49,5,60655,1089,64564,1042,-3909,47,10,32,29,29,62,10,1,1
lol-game-115548147900553450,partial,,LCK,2026,,0,2026-08-02 11:35:00,1,16.14.794.9266,6,Red,top,PerfecT,,kt Rolster,,Rumble,1,1675,7,1,10,36,12,,,0.2316,13948,499.6,0.1905,261,9.35,22,0.79,4,0.14,,,,,,,,,,,,,,,,,,,,,,,,5993,153,6014,171,-21,-18,1,5,0,0,1,1,8135,187,7713,211,422,-24,3,5,1,0,3,2,10682,232,9974,248,708,-16,4,6,1,0,4,4,12676,254,12628,259,48,-5,6,7,1,3,5,5,1,1
lol-game-115548147900553450,partial,,LCK,2026,,0,2026-08-02 11:35:00,1,16.14.794.9266,7,Red,jng,Cuzz,,kt Rolster,,Skarner,1,1675,2,1,23,36,12,,,0.1564,14452,517.7,0.1974,237,8.49,14,0.5,9,0.32,,,,,,,,,,,,,,,,,,,,,,,,6785,143,5133,104,1652,39,2,5,0,0,1,4,9016,173,7753,145,1263,28,2,7,0,1,3,5,11274,198,8981,160,2293,38,2,14,1,1,4,8,12861,221,10403,170,2458,51,2,18,1,1,9,11,1,1
lol-game-115548147900553450,partial,,LCK,2026,,0,2026-08-02 11:35:00,1,16.14.794.9266,8,Red,mid,Bdd,,kt Rolster,,Cassiopeia,1,1675,10,4,13,36,12,,,0.2224,15196,544.3,0.2076,269,9.64,15,0.54,12,0.43,,,,,,,,,,,,,,,,,,,,,,,,7308,162,6441,152,867,10,5,2,1,1,0,2,9740,225,8718,188,1022,37,6,2,1,2,0,3,12127,259,10998,232,1129,27,7,6,1,2,1,4,13640,269,13664,290,-24,-21,8,11,3,3,3,4,1,1
lol-game-115548147900553450,partial,,LCK,2026,,0,2026-08-02 11:35:00,1,16.14.794.9266,9,Red,bot,FenRir,,kt Rolster,,Miss Fortune,1,1675,14,4,10,36,12,,,0.3229,18290,655.2,0.2498,290,10.39,12,0.43,15,0.54,,,,,,,,,,,,,,,,,,,,,,,,7163,127,5969,155,1194,-28,3,7,0,0,1,2,9530,179,9385,229,145,-50,4,8,1,1,2,2,13364,220,12529,283,835,-63,9,9,1,2,2,2,15682,261,15954,339,-272,-78,11,9,3,3,6,3,1,1
lol-game-115548147900553450,partial,,LCK,2026,,0,2026-08-02 11:35:00,1,16.14.794.9266,10,Red,sup,Effort,,kt Rolster,,Nautilus,1,1675,3,2,21,36,12,,,0.0666,11319,405.5,0.1546,41,1.47,69,2.47,13,0.47,,,,,,,,,,,,,,,,,,,,,,,,4529,30,3842,22,687,8,1,6,0,0,1,3,5921,31,5149,23,772,8,1,8,1,0,3,4,7951,35,6370,24,1581,11,1,14,1,0,4,5,9705,37,8006,31,1699,6,2,17,2,0,9,6,1,1
lol-game-115548147900553450,partial,,LCK,2026,,0,2026-08-02 11:35:00,1,16.14.794.9266,,Red,team,,,kt Rolster,,,1,1675,36,12,77,36,12,1.29,1.719,,73205,,,1098,,132,,53,,,,,,,4,1,4,1,3,1,0,0,0,0,0,0,2,0,9,6,4,1,31778,615,27399,604,4379,11,12,25,1,1,4,12,42342,795,38718,796,3624,-1,16,30,4,4,11,16,55398,944,48852,947,6546,-3,23,49,5,5,15,23,64564,1042,60655,1089,3909,-47,29,62,10,10,32,29,1,1
lol-game-115548147900553451,partial,,LCK,2026,,0,2026-08-02 12:27:00,2,16.14.794.9266,1,Blue,top,PerfecT,,kt Rolster,,Gragas,0,1698,0,2,2,7,19,,,0.2033,9019,318.7,0.1851,229,8.09,11,0.39,3,0.11,,,,,,,,,,,,,,,,,,,,,,,,3495,86,3573,97,-78,-11,0,0,0,0,0,0,4891,126,5195,147,-304,-21,0,0,0,0,0,0,6505,174,7953,215,-1448,-41,0,0,0,0,0,0,8255,225,11178,235,-2923,-10,0,1,1,4,3,0,1,1
lol-game-115548147900553451,partial,,LCK,2026,,0,2026-08-02 12:27:00,2,16.14.794.9266,2,Blue,jng,Cuzz,,kt Rolster,,Pantheon,0,1698,4,5,2,7,19,,,0.2509,10907,385.4,0.2238,202,7.14,12,0.42,9,0.32,,,,,,,,,,,,,,,,,,,,,,,,3259,66,3889,86,-630,-20,0,0,1,0,3,0,5455,109,6226,122,-771,-13,1,0,2,2,3,1,7243,152,8135,165,-892,-13,1,0,2,2,3,1,9208,192,10388,214,-1180,-22,2,1,3,2,5,2,1,1
lol-game-115548147900553451,partial,,LCK,2026,,0,2026-08-02 12:27:00,2,16.14.794.9266,3,Blue,mid,Bdd,,kt Rolster,,Syndra,0,1698,2,5,1,7,19,,,0.2345,10988,388.3,0.2255,262,9.26,10,0.35,4,0.14,,,,,,,,,,,,,,,,,,,,,,,,3271,89,4337,98,-1066,-9,0,0,1,2,1,0,4902,139,6297,150,-1395,-11,0,0,2,2,3,0,6828,195,8419,214,-1591,-19,0,0,2,2,3,0,8452,225,11365,244,-2913,-19,1,0,4,5,5,0,1,1
lol-game-115548147900553451,partial,,LCK,2026,,0,2026-08-02 12:27:00,2,16.14.794.9266,4,Blue,bot,FenRir,,kt Rolster,,Corki,0,1698,1,3,4,7,19,,,0.2721,10947,386.8,0.2246,255,9.01,9,0.32,8,0.28,,,,,,,,,,,,,,,,,,,,,,,,3062,72,4038,95,-976,-23,0,0,0,1,2,0,5604,123,6234,143,-630,-20,1,0,0,1,3,1,7602,184,8550,212,-948,-28,1,0,0,1,3,1,9439,224,11024,261,-1585,-37,1,2,1,1,7,1,1,1
lol-game-115548147900553451,partial,,LCK,2026,,0,2026-08-02 12:27:00,2,16.14.794.9266,5,Blue,sup,Effort,,kt Rolster,,Alistar,0,1698,0,4,4,7,19,,,0.0393,6872,242.8,0.141,38,1.34,64,2.26,15,0.53,,,,,,,,,,,,,,,,,,,,,,,,2240,10,2399,14,-159,-4,0,0,1,0,2,0,3473,20,3754,25,-281,-5,0,0,1,0,4,0,4630,27,5131,35,-501,-8,0,0,1,0,4,0,5793,33,6864,42,-1071,-9,0,1,3,0,9,1,1,1
lol-game-115548147900553451,partial,,LCK,2026,,0,2026-08-02 12:27:00,2,16.14.794.9266,,Blue,team,,,kt Rolster,,,0,1698,7,19,13,7,19,0.247,0.919,,48733,,,986,,106,,39,,,,,,,1,3,1,3,0,0,0,0,1,0,0,0,0,1,1,10,0,2,15327,323,18236,390,-2909,-67,0,0,3,3,8,0,24325,517,27706,587,-3381,-70,2,0,5,5,13,2,32808,732,38188,841,-5380,-109,2,0,5,5,13,2,41147,899,50819,996,-9672,-97,4,5,12,12,29,4,1,1
lol-game-115548147900553451,partial,,LCK,2026,,0,2026-08-02 12:27:00,2,16.14.794.9266,6,Red,top,Zeus,,Hanwha Life Esports,,Anivia,1,1698,5,0,8,19,7,,,0.279,13488,476.6,0.2157,247,8.73,14,0.49,2,0.07,,,,,,,,,,,,,,,,,,,,,,,,3573,97,3495,86,78,11,0,0,0,0,0,0,5195,147,4891,126,304,21,0,0,0,0,0,0,7953,215,6505,174,1448,41,0,0,0,0,0,0,11178,235,8255,225,2923,10,4,3,0,0,1,1,1,1
lol-game-115548147900553451,partial,,LCK,2026,,0,2026-08-02 12:27:00,2,16.14.794.9266,7,Red,jng,Kanavi,,Hanwha Life Esports,,Nocturne,1,1698,3,3,10,19,7,,,0.1921,12589,444.8,0.2013,235,8.3,7,0.25,2,0.07,,,,,,,,,,,,,,,,,,,,,,,,3889,86,3259,66,630,20,0,3,0,0,0,1,6226,122,5455,109,771,13,2,3,1,1,0,2,8135,165,7243,152,892,13,2,3,1,1,0,2,10388,214,9208,192,1180,22,2,5,2,2,1,3,1,1
lol-game-115548147900553451,partial,,LCK,2026,,0,2026-08-02 12:27:00,2,16.14.794.9266,8,Red,mid,Zeka,,Hanwha Life Esports,,Ryze,1,1698,7,1,8,19,7,,,0.267,13620,481.3,0.2178,267,9.43,12,0.42,10,0.35,,,,,,,,,,,,,,,,,,,,,,,,4337,98,3271,89,1066,9,2,1,0,0,0,1,6297,150,4902,139,1395,11,2,3,0,0,0,2,8419,214,6828,195,1591,19,2,3,0,0,0,2,11365,244,8452,225,2913,19,5,5,0,1,0,4,1,1
lol-game-115548147900553451,partial,,LCK,2026,,0,2026-08-02 12:27:00,2,16.14.794.9266,9,Red,bot,Gumayusi,,Hanwha Life Esports,,Jhin,1,1698,4,1,10,19,7,,,0.1951,14482,511.7,0.2316,295,10.42,15,0.53,11,0.39,,,,,,,,,,,,,,,,,,,,,,,,4038,95,3062,72,976,23,1,2,0,0,0,0,6234,143,5604,123,630,20,1,3,1,1,0,0,8550,212,7602,184,948,28,1,3,1,1,0,0,11024,261,9439,224,1585,37,1,7,1,1,2,1,1,1
lol-game-115548147900553451,partial,,LCK,2026,,0,2026-08-02 12:27:00,2,16.14.794.9266,10,Red,sup,Delight,,Hanwha Life Esports,,Shen,1,1698,0,2,15,19,7,,,0.0667,8352,295.1,0.1336,45,1.59,62,2.19,25,0.88,,,,,,,,,,,,,,,,,,,,,,,,2399,14,2240,10,159,4,0,2,0,0,0,1,3754,25,3473,20,281,5,0,4,0,0,0,1,5131,35,4630,27,501,8,0,4,0,0,0,1,6864,42,5793,33,1071,9,0,9,1,0,1,3,1,1
lol-game-115548147900553451,partial,,LCK,2026,,0,2026-08-02 12:27:00,2,16.14.794.9266,,Red,team,,,Hanwha Life Esports,,,1,1698,19,7,51,19,7,0.671,0.919,,62531,,,1089,,110,,50,,,,,,,3,1,3,1,0,0,1,0,0,2,0,0,1,0,10,1,2,0,18236,390,15327,323,2909,67,3,8,0,0,0,3,27706,587,24325,517,3381,70,5,13,2,2,0,5,38188,841,32808,732,5380,109,5,13,2,2,0,5,50819,996,41147,899,9672,97,12,29,4,4,5,12,1,1
lol-game-115548147900553452,partial,,LCK,2026,,0,2026-08-02 13:25:00,3,16.14.794.9266,1,Blue,top,PerfecT,,kt Rolster,,Gnar,1,1561,1,0,8,23,11,,,0.1499,13078,502.7,0.1866,271,10.42,20,0.77,14,0.54,,,,,,,,,,,,,,,,,,,,,,,,6701,157,5156,119,1545,38,1,3,0,1,0,5,8377,192,7423,178,954,14,1,6,0,2,3,6,11000,237,8596,199,2404,38,1,7,0,2,3,6,12331,266,10754,259,1577,7,1,7,0,2,3,6,1,1
lol-game-115548147900553452,partial,,LCK,2026,,0,2026-08-02 13:25:00,3,16.14.794.9266,2,Blue,jng,Cuzz,,kt Rolster,,Naafiri,1,1561,12,1,4,23,11,,,0.2898,17118,658.0,0.2442,245,9.42,11,0.42,12,0.46,,,,,,,,,,,,,,,,,,,,,,,,8627,143,6898,133,1729,10,7,1,0,3,2,3,10740,178,8672,169,2068,9,8,2,1,3,4,4,14178,212,10543,202,3635,10,10,4,1,4,4,6,15780,244,12433,252,3347,-8,10,4,1,4,4,6,1,1
lol-game-115548147900553452,partial,,LCK,2026,,0,2026-08-02 13:25:00,3,16.14.794.9266,3,Blue,mid,Bdd,,kt Rolster,,Annie,1,1561,1,5,16,23,11,,,0.1736,11615,446.4,0.1657,230,8.84,9,0.35,3,0.12,,,,,,,,,,,,,,,,,,,,,,,,5850,141,7098,168,-1248,-27,1,6,3,2,3,1,7553,177,9775,218,-2222,-41,1,10,4,4,5,1,9445,199,11307,252,-1862,-53,1,12,5,4,5,1,10788,230,12838,295,-2050,-65,1,12,5,4,5,1,1,1
lol-game-115548147900553452,partial,,LCK,2026,,0,2026-08-02 13:25:00,3,16.14.794.9266,4,Blue,bot,FenRir,,kt Rolster,,Yunara,1,1561,9,2,6,23,11,,,0.3473,18763,721.2,0.2676,348,13.38,16,0.61,16,0.61,,,,,,,,,,,,,,,,,,,,,,,,7543,164,6815,181,728,-17,1,4,1,0,3,0,10652,215,9447,233,1205,-18,4,4,2,1,6,1,14100,270,11113,268,2987,2,6,4,2,1,6,2,16396,332,13485,326,2911,6,6,4,2,1,6,2,1,1
lol-game-115548147900553452,partial,,LCK,2026,,0,2026-08-02 13:25:00,3,16.14.794.9266,5,Blue,sup,Effort,,kt Rolster,,Lulu,1,1561,0,3,18,23,11,,,0.0393,9530,366.3,0.1359,36,1.38,90,3.46,17,0.65,,,,,,,,,,,,,,,,,,,,,,,,4192,27,4287,21,-95,6,0,6,2,0,5,1,5433,30,5588,23,-155,7,0,9,3,0,9,2,7556,34,6672,26,884,8,0,13,3,0,9,3,8608,36,7667,28,941,8,0,13,3,0,9,3,1,1
lol-game-115548147900553452,partial,,LCK,2026,,0,2026-08-02 13:25:00,3,16.14.794.9266,,Blue,team,,,kt Rolster,,,1,1561,23,11,52,23,11,0.884,1.307,,70104,,,1130,,146,,62,,,,,,,3,2,3,2,3,0,0,0,0,0,0,0,2,0,11,2,2,0,32913,632,30254,622,2659,10,10,20,6,6,13,10,42755,792,40905,821,1850,-29,14,31,10,10,27,14,56279,952,48231,947,8048,5,18,40,11,11,27,18,63903,1108,57177,1160,6726,-52,18,40,11,11,27,18,1,1
lol-game-115548147900553452,partial,,LCK,2026,,0,2026-08-02 13:25:00,3,16.14.794.9266,6,Red,top,Zeus,,Hanwha Life Esports,,Varus,0,1561,2,7,3,11,23,,,0.1918,11028,423.9,0.1893,264,10.15,14,0.54,7,0.27,,,,,,,,,,,,,,,,,,,,,,,,5156,119,6701,157,-1545,-38,1,0,5,1,3,0,7423,178,8377,192,-954,-14,2,3,6,1,6,0,8596,199,11000,237,-2404,-38,2,3,6,1,7,0,10754,259,12331,266,-1577,-7,2,3,6,1,7,0,1,1
lol-game-115548147900553452,partial,,LCK,2026,,0,2026-08-02 13:25:00,3,16.14.794.9266,7,Red,jng,Kanavi,,Hanwha Life Esports,,Shyvana,0,1561,4,7,4,11,23,,,0.2034,12639,485.8,0.217,254,9.76,9,0.35,20,0.77,,,,,,,,,,,,,,,,,,,,,,,,6898,133,8627,143,-1729,-10,3,2,3,7,1,0,8672,169,10740,178,-2068,-9,3,4,4,8,2,1,10543,202,14178,212,-3635,-10,4,4,6,10,4,1,12433,252,15780,244,-3347,8,4,4,6,10,4,1,1,1
lol-game-115548147900553452,partial,,LCK,2026,,0,2026-08-02 13:25:00,3,16.14.794.9266,8,Red,mid,Zeka,,Hanwha Life Esports,,Viktor,0,1561,4,2,5,11,23,,,0.3123,13026,500.7,0.2236,298,11.45,18,0.69,16,0.61,,,,,,,,,,,,,,,,,,,,,,,,7098,168,5850,141,1248,27,2,3,1,1,6,3,9775,218,7553,177,2222,41,4,5,1,1,10,4,11307,252,9445,199,1862,53,4,5,1,1,12,5,12838,295,10788,230,2050,65,4,5,1,1,12,5,1,1
lol-game-115548147900553452,partial,,LCK,2026,,0,2026-08-02 13:25:00,3,16.14.794.9266,9,Red,bot,Gumayusi,,Hanwha Life Esports,,Ashe,0,1561,1,3,6,11,23,,,0.2167,13705,526.8,0.2353,328,12.61,16,0.61,11,0.42,,,,,,,,,,,,,,,,,,,,,,,,6815,181,7543,164,-728,17,0,3,0,1,4,1,9447,233,10652,215,-1205,18,1,6,1,4,4,2,11113,268,14100,270,-2987,-2,1,6,2,6,4,2,13485,326,16396,332,-2911,-6,1,6,2,6,4,2,1,1
lol-game-115548147900553452,partial,,LCK,2026,,0,2026-08-02 13:25:00,3,16.14.794.9266,10,Red,sup,Delight,,Hanwha Life Esports,,Seraphine,0,1561,0,4,9,11,23,,,0.0758,7850,301.7,0.1348,28,1.08,70,2.69,7,0.27,,,,,,,,,,,,,,,,,,,,,,,,4287,21,4192,27,95,-6,0,5,1,0,6,2,5588,23,5433,30,155,-7,0,9,2,0,9,3,6672,26,7556,34,-884,-8,0,9,3,0,13,3,7667,28,8608,36,-941,-8,0,9,3,0,13,3,1,1
lol-game-115548147900553452,partial,,LCK,2026,,0,2026-08-02 13:25:00,3,16.14.794.9266,,Red,team,,,Hanwha Life Esports,,,0,1561,11,23,27,11,23,0.423,1.307,,58248,,,1172,,127,,61,,,,,,,2,3,2,3,0,0,0,0,1,1,0,0,0,2,2,11,0,2,30254,622,32913,632,-2659,-10,6,13,10,10,20,6,40905,821,42755,792,-1850,29,10,27,14,14,31,10,48231,947,56279,952,-8048,-5,11,27,18,18,40,11,57177,1160,63903,1108,-6726,52,11,27,18,18,40,11,1,1
lol-game-115548147900553454,partial,,LCK,2026,,0,2026-07-30 10:25:00,1,16.14.794.9266,1,Blue,top,Zeus,,Hanwha Life Esports,,Ambessa,0,1420,1,2,4,8,20,,,0.2735,10765,454.9,0.1998,265,11.2,13,0.55,4,0.17,,,,,,,,,,,,,,,,,,,,,,,,6394,163,5425,150,969,13,1,1,0,0,0,1,8425,218,7927,197,498,21,1,1,1,1,0,2,10127,261,10057,234,70,27,1,3,1,3,2,2,,,,,,,,,,,,,1,1
lol-game-115548147900553454,partial,,LCK,2026,,0,2026-07-30 10:25:00,1,16.14.794.9266,2,Blue,jng,Kanavi,,Hanwha Life Esports,,Vi,0,1420,0,6,4,8,20,,,0.0943,10197,430.9,0.1892,209,8.83,7,0.3,13,0.55,,,,,,,,,,,,,,,,,,,,,,,,6133,134,6689,146,-556,-12,0,1,1,2,0,1,8021,174,9458,199,-1437,-25,0,2,2,3,3,1,9341,197,11178,222,-1837,-25,0,3,4,3,8,2,,,,,,,,,,,,,1,1
lol-game-115548147900553454,partial,,LCK,2026,,0,2026-07-30 10:25:00,1,16.14.794.9266,3,Blue,mid,Zeka,,Hanwha Life Esports,,Aurora,0,1420,4,2,3,8,20,,,0.3467,12024,508.1,0.2232,287,12.13,6,0.25,7,0.3,,,,,,,,,,,,,,,,,,,,,,,,7072,164,6759,187,313,-23,3,0,0,0,1,1,9425,229,9043,231,382,-2,4,0,0,1,2,1,10795,258,11797,282,-1002,-24,4,2,1,3,6,1,,,,,,,,,,,,,1,1
lol-game-115548147900553454,partial,,LCK,2026,,0,2026-07-30 10:25:00,1,16.14.794.9266,4,Blue,bot,Gumayusi,,Hanwha Life Esports,,Cassiopeia,0,1420,3,3,1,8,20,,,0.1953,13443,568.0,0.2495,288,12.17,13,0.55,6,0.25,,,,,,,,,,,,,,,,,,,,,,,,6597,173,7704,182,-1107,-9,0,1,1,1,0,1,8598,223,10726,250,-2128,-27,0,1,1,2,0,1,11521,268,15086,308,-3565,-40,2,1,2,4,3,1,,,,,,,,,,,,,1,1
lol-game-115548147900553454,partial,,LCK,2026,,0,2026-07-30 10:25:00,1,16.14.794.9266,5,Blue,sup,Delight,,Hanwha Life Esports,,Camille,0,1420,0,7,6,8,20,,,0.0902,7454,315.0,0.1383,37,1.56,61,2.58,21,0.89,,,,,,,,,,,,,,,,,,,,,,,,4539,31,4382,36,157,-5,0,3,1,0,3,0,5621,32,6043,40,-422,-8,0,4,3,0,7,0,6646,34,7463,47,-817,-13,0,5,5,0,11,1,,,,,,,,,,,,,1,1
lol-game-115548147900553454,partial,,LCK,2026,,0,2026-07-30 10:25:00,1,16.14.794.9266,,Blue,team,,,Hanwha Life Esports,,,0,1420,8,20,18,8,20,0.338,1.183,,53883,,,1086,,100,,51,,,,,,,0,3,0,3,0,0,0,0,0,0,0,0,0,2,2,9,0,1,30735,665,30959,701,-224,-36,4,6,3,3,4,4,40090,876,43197,917,-3107,-41,5,8,7,7,12,5,48430,1018,55581,1093,-7151,-75,7,14,13,13,30,7,,,,,,,,,,,,,1,1
lol-game-115548147900553454,partial,,LCK,2026,,0,2026-07-30 10:25:00,1,16.14.794.9266,6,Red,top,Siwoo,,Dplus KIA,,Olaf,1,1420,4,2,4,20,8,,,0.1508,11781,497.8,0.1797,254,10.73,16,0.68,6,0.25,,,,,,,,,,,,,,,,,,,,,,,,5425,150,6394,163,-969,-13,0,0,1,1,1,0,7927,197,8425,218,-498,-21,1,0,2,1,1,1,10057,234,10127,261,-70,-27,3,2,2,1,3,1,,,,,,,,,,,,,1,1
lol-game-115548147900553454,partial,,LCK,2026,,0,2026-07-30 10:25:00,1,16.14.794.9266,7,Red,jng,Lucid,,Dplus KIA,,Xin Zhao,1,1420,4,2,13,20,8,,,0.2917,13528,571.6,0.2063,246,10.39,10,0.42,13,0.55,,,,,,,,,,,,,,,,,,,,,,,,6689,146,6133,134,556,12,2,0,1,0,1,1,9458,199,8021,174,1437,25,3,3,1,0,2,2,11178,222,9341,197,1837,25,3,8,2,0,3,4,,,,,,,,,,,,,1,1
lol-game-115548147900553454,partial,,LCK,2026,,0,2026-07-30 10:25:00,1,16.14.794.9266,8,Red,mid,ShowMaker,,Dplus KIA,,Orianna,1,1420,6,1,10,20,8,,,0.2603,14440,610.1,0.2203,302,12.76,13,0.55,6,0.25,,,,,,,,,,,,,,,,,,,,,,,,6759,187,7072,164,-313,23,0,1,1,3,0,0,9043,231,9425,229,-382,2,1,2,1,4,0,0,11797,282,10795,258,1002,24,3,6,1,4,2,1,,,,,,,,,,,,,1,1
lol-game-115548147900553454,partial,,LCK,2026,,0,2026-07-30 10:25:00,1,16.14.794.9266,9,Red,bot,Smash,,Dplus KIA,,Ezreal,1,1420,4,2,5,20,8,,,0.2147,16511,697.6,0.2518,326,13.77,18,0.76,7,0.3,,,,,,,,,,,,,,,,,,,,,,,,7704,182,6597,173,1107,9,1,0,1,0,1,1,10726,250,8598,223,2128,27,2,0,1,0,1,1,15086,308,11521,268,3565,40,4,3,1,2,1,2,,,,,,,,,,,,,1,1
lol-game-115548147900553454,partial,,LCK,2026,,0,2026-07-30 10:25:00,1,16.14.794.9266,10,Red,sup,Career,,Dplus KIA,,Shen,1,1420,2,1,16,20,8,,,0.0824,9299,392.9,0.1418,49,2.07,68,2.87,17,0.72,,,,,,,,,,,,,,,,,,,,,,,,4382,36,4539,31,-157,5,0,3,0,0,3,1,6043,40,5621,32,422,8,0,7,0,0,4,3,7463,47,6646,34,817,13,0,11,1,0,5,5,,,,,,,,,,,,,1,1
lol-game-115548147900553454,partial,,LCK,2026,,0,2026-07-30 10:25:00,1,16.14.794.9266,,Red,team,,,Dplus KIA,,,1,1420,20,8,48,20,8,0.845,1.183,,65559,,,1177,,125,,49,,,,,,,3,0,3,0,0,0,1,1,1,0,0,0,2,0,9,2,1,0,30959,701,30735,665,224,36,3,4,4,4,6,3,43197,917,40090,876,3107,41,7,12,5,5,8,7,55581,1093,48430,1018,7151,75,13,30,7,7,14,13,,,,,,,,,,,,,1,1
lol-game-115548147900553455,partial,,LCK,2026,,0,2026-07-30 10:00:00,2,,1,Blue,top,Siwoo,,Dplus KIA,,Renekton,0,,1,6,5,10,24,,,,12184,,0.1975,276,,0,,0,,,,,,,,,,,,,,,,,,,,,,,,,,,,,,,,,,,,,,,,,,,,,,,,,,,,,,,,,,,,,,,,,,,,,,,,,1,0
lol-game-115548147900553455,partial,,LCK,2026,,0,2026-07-30 10:00:00,2,,2,Blue,jng,Lucid,,Dplus KIA,,Skarner,0,,1,3,7,10,24,,,,12248,,0.1986,243,,0,,0,,,,,,,,,,,,,,,,,,,,,,,,,,,,,,,,,,,,,,,,,,,,,,,,,,,,,,,,,,,,,,,,,,,,,,,,,1,0
lol-game-115548147900553455,partial,,LCK,2026,,0,2026-07-30 10:00:00,2,,3,Blue,mid,ShowMaker,,Dplus KIA,,Ryze,0,,1,5,2,10,24,,,,12693,,0.2058,291,,0,,0,,,,,,,,,,,,,,,,,,,,,,,,,,,,,,,,,,,,,,,,,,,,,,,,,,,,,,,,,,,,,,,,,,,,,,,,,1,0
lol-game-115548147900553455,partial,,LCK,2026,,0,2026-07-30 10:00:00,2,,4,Blue,bot,Smash,,Dplus KIA,,Viktor,0,,5,4,2,10,24,,,,15246,,0.2472,316,,0,,0,,,,,,,,,,,,,,,,,,,,,,,,,,,,,,,,,,,,,,,,,,,,,,,,,,,,,,,,,,,,,,,,,,,,,,,,,1,0
lol-game-115548147900553455,partial,,LCK,2026,,0,2026-07-30 10:00:00,2,,5,Blue,sup,Career,,Dplus KIA,,Pyke,0,,2,6,4,10,24,,,,9311,,0.151,36,,0,,0,,,,,,,,,,,,,,,,,,,,,,,,,,,,,,,,,,,,,,,,,,,,,,,,,,,,,,,,,,,,,,,,,,,,,,,,,1,0
lol-game-115548147900553455,partial,,LCK,2026,,0,2026-07-30 10:00:00,2,,,Blue,team,,,Dplus KIA,,,0,,10,24,20,10,24,,,,61682,,,1162,,0,,0,,,,,,,0,5,0,0,0,0,0,0,0,0,0,0,0,1,4,9,,,,,,,,,,,,,,,,,,,,,,,,,,,,,,,,,,,,,,,,,,,,,,,,,,,1,0
lol-game-115548147900553455,partial,,LCK,2026,,0,2026-07-30 10:00:00,2,,6,Red,top,Zeus,,Hanwha Life Esports,,Aatrox,1,,6,1,4,24,10,,,,14369,,0.208,292,,0,,0,,,,,,,,,,,,,,,,,,,,,,,,,,,,,,,,,,,,,,,,,,,,,,,,,,,,,,,,,,,,,,,,,,,,,,,,,1,0
lol-game-115548147900553455,partial,,LCK,2026,,0,2026-07-30 10:00:00,2,,7,Red,jng,Kanavi,,Hanwha Life Esports,,Lee Sin,1,,5,5,12,24,10,,,,14064,,0.2036,233,,0,,0,,,,,,,,,,,,,,,,,,,,,,,,,,,,,,,,,,,,,,,,,,,,,,,,,,,,,,,,,,,,,,,,,,,,,,,,,1,0
lol-game-115548147900553455,partial,,LCK,2026,,0,2026-07-30 10:00:00,2,,8,Red,mid,Zeka,,Hanwha Life Esports,,Annie,1,,6,2,14,24,10,,,,14420,,0.2087,275,,0,,0,,,,,,,,,,,,,,,,,,,,,,,,,,,,,,,,,,,,,,,,,,,,,,,,,,,,,,,,,,,,,,,,,,,,,,,,,1,0
lol-game-115548147900553455,partial,,LCK,2026,,0,2026-07-30 10:00:00,2,,9,Red,bot,Gumayusi,,Hanwha Life Esports,,Jhin,1,,7,1,12,24,10,,,,16721,,0.242,319,,0,,0,,,,,,,,,,,,,,,,,,,,,,,,,,,,,,,,,,,,,,,,,,,,,,,,,,,,,,,,,,,,,,,,,,,,,,,,,1,0
lol-game-115548147900553455,partial,,LCK,2026,,0,2026-07-30 10:00:00,2,,10,Red,sup,Delight,,Hanwha Life Esports,,Bard,1,,0,2,21,24,10,,,,9514,,0.1377,43,,0,,0,,,,,,,,,,,,,,,,,,,,,,,,,,,,,,,,,,,,,,,,,,,,,,,,,,,,,,,,,,,,,,,,,,,,,,,,,1,0
lol-game-115548147900553455,partial,,LCK,2026,,0,2026-07-30 10:00:00,2,,,Red,team,,,Hanwha Life Esports,,,1,,24,10,63,24,10,,,,69088,,,1162,,0,,0,,,,,,,5,0,0,0,0,0,0,0,0,0,0,0,1,0,9,4,,,,,,,,,,,,,,,,,,,,,,,,,,,,,,,,,,,,,,,,,,,,,,,,,,,1,0
lol-game-115548147900553456,partial,,LCK,2026,,0,2026-07-30 12:15:00,3,16.14.794.9266,1,Blue,top,Zeus,,Hanwha Life Esports,,Gnar,0,1730,0,3,7,13,17,,,0.2238,12834,445.1,0.1834,299,10.37,20,0.69,4,0.14,,,,,,,,,,,,,,,,,,,,,,,,6103,164,6509,141,-406,23,0,1,1,2,1,0,8441,218,8393,189,48,29,0,3,1,2,1,0,10600,269,10599,246,1,23,0,4,1,2,1,0,12158,297,13583,311,-1425,-14,0,5,1,3,1,1,1,1
lol-game-115548147900553456,partial,,LCK,2026,,0,2026-07-30 12:15:00,3,16.14.794.9266,2,Blue,jng,Kanavi,,Hanwha Life Esports,,Qiyana,0,1730,3,6,3,13,17,,,0.1602,16023,555.7,0.229,304,10.54,9,0.31,12,0.42,,,,,,,,,,,,,,,,,,,,,,,,7152,133,6325,138,827,-5,1,1,2,0,4,1,9586,175,7894,165,1692,10,2,1,4,0,5,2,12568,234,9022,180,3546,54,2,2,4,0,5,3,14866,280,10343,192,4523,88,3,2,5,0,8,5,1,1
lol-game-115548147900553456,partial,,LCK,2026,,0,2026-07-30 12:15:00,3,16.14.794.9266,3,Blue,mid,Zeka,,Hanwha Life Esports,,Galio,0,1730,2,4,4,13,17,,,0.2162,13153,456.2,0.188,306,10.61,6,0.21,10,0.35,,,,,,,,,,,,,,,,,,,,,,,,5372,146,6635,182,-1263,-36,0,1,1,1,1,0,7721,194,8552,208,-831,-14,1,2,1,3,1,2,10125,247,9997,244,128,3,1,2,1,3,1,2,11899,289,11473,275,426,14,1,3,3,3,3,2,1,1
lol-game-115548147900553456,partial,,LCK,2026,,0,2026-07-30 12:15:00,3,16.14.794.9266,4,Blue,bot,Gumayusi,,Hanwha Life Esports,,Lucian,0,1730,7,2,2,13,17,,,0.3531,18076,626.9,0.2583,378,13.11,19,0.66,16,0.55,,,,,,,,,,,,,,,,,,,,,,,,8072,192,7717,160,355,32,2,0,0,2,0,0,11116,246,9640,221,1476,25,4,1,0,2,0,1,13746,302,12128,295,1618,7,4,1,0,2,0,1,16650,352,16511,353,139,-1,6,2,1,5,0,1,1,1
lol-game-115548147900553456,partial,,LCK,2026,,0,2026-07-30 12:15:00,3,16.14.794.9266,5,Blue,sup,Delight,,Hanwha Life Esports,,Milio,0,1730,1,2,11,13,17,,,0.0468,9886,342.9,0.1413,40,1.39,77,2.67,22,0.76,,,,,,,,,,,,,,,,,,,,,,,,4636,28,4810,25,-174,3,0,3,1,0,5,2,5963,29,5848,30,115,-1,0,6,1,0,5,2,7708,34,6855,34,853,0,1,6,1,0,5,2,8987,38,8093,36,894,2,1,9,1,0,8,2,1,1
lol-game-115548147900553456,partial,,LCK,2026,,0,2026-07-30 12:15:00,3,16.14.794.9266,,Blue,team,,,Hanwha Life Esports,,,0,1730,13,17,27,13,17,0.451,1.04,,69972,,,1327,,131,,64,,,,,,,3,2,3,2,0,0,0,0,1,2,0,0,1,1,6,8,0,1,31335,663,31996,646,-661,17,3,6,5,5,11,3,42827,862,40327,813,2500,49,7,13,7,7,12,7,54747,1086,48601,999,6146,87,8,15,7,7,12,8,64560,1256,60003,1167,4557,89,11,21,11,11,20,11,1,1
lol-game-115548147900553456,partial,,LCK,2026,,0,2026-07-30 12:15:00,3,16.14.794.9266,6,Red,top,Siwoo,,Dplus KIA,,Jax,1,1730,4,1,3,17,13,,,0.1706,15990,554.6,0.2197,336,11.65,23,0.8,12,0.42,,,,,,,,,,,,,,,,,,,,,,,,6509,141,6103,164,406,-23,2,1,0,0,1,1,8393,189,8441,218,-48,-29,2,1,0,0,3,1,10599,246,10600,269,-1,-23,2,1,0,0,4,1,13583,311,12158,297,1425,14,3,1,1,0,5,1,1,1
lol-game-115548147900553456,partial,,LCK,2026,,0,2026-07-30 12:15:00,3,16.14.794.9266,7,Red,jng,Lucid,,Dplus KIA,,Jarvan IV,1,1730,0,6,13,17,13,,,0.1363,11841,410.7,0.1627,201,6.97,16,0.55,19,0.66,,,,,,,,,,,,,,,,,,,,,,,,6325,138,7152,133,-827,5,0,4,1,1,1,2,7894,165,9586,175,-1692,-10,0,5,2,2,1,4,9022,180,12568,234,-3546,-54,0,5,3,2,2,4,10343,192,14866,280,-4523,-88,0,8,5,3,2,5,1,1
lol-game-115548147900553456,partial,,LCK,2026,,0,2026-07-30 12:15:00,3,16.14.794.9266,8,Red,mid,ShowMaker,,Dplus KIA,,Syndra,1,1730,5,2,5,17,13,,,0.2977,14141,490.4,0.1943,288,9.99,16,0.55,7,0.24,,,,,,,,,,,,,,,,,,,,,,,,6635,182,5372,146,1263,36,1,1,0,0,1,1,8552,208,7721,194,831,14,3,1,2,1,2,1,9997,244,10125,247,-128,-3,3,1,2,1,2,1,11473,275,11899,289,-426,-14,3,3,2,1,3,3,1,1
lol-game-115548147900553456,partial,,LCK,2026,,0,2026-07-30 12:15:00,3,16.14.794.9266,9,Red,bot,Smash,,Dplus KIA,,Yunara,1,1730,8,1,3,17,13,,,0.3323,20933,726.0,0.2876,400,13.87,13,0.45,10,0.35,,,,,,,,,,,,,,,,,,,,,,,,7717,160,8072,192,-355,-32,2,0,0,2,0,0,9640,221,11116,246,-1476,-25,2,0,1,4,1,0,12128,295,13746,302,-1618,-7,2,0,1,4,1,0,16511,353,16650,352,-139,1,5,0,1,6,2,1,1,1
lol-game-115548147900553456,partial,,LCK,2026,,0,2026-07-30 12:15:00,3,16.14.794.9266,10,Red,sup,Career,,Dplus KIA,,Lulu,1,1730,0,3,14,17,13,,,0.0631,9890,343.0,0.1359,36,1.25,68,2.36,14,0.49,,,,,,,,,,,,,,,,,,,,,,,,4810,25,4636,28,174,-3,0,5,2,0,3,1,5848,30,5963,29,-115,1,0,5,2,0,6,1,6855,34,7708,34,-853,0,0,5,2,1,6,1,8093,36,8987,38,-894,-2,0,8,2,1,9,1,1,1
lol-game-115548147900553456,partial,,LCK,2026,,0,2026-07-30 12:15:00,3,16.14.794.9266,,Red,team,,,Dplus KIA,,,1,1730,17,13,38,17,13,0.59,1.04,,72795,,,1261,,136,,62,,,,,,,2,3,2,3,0,0,0,1,0,1,0,0,1,1,8,6,1,0,31996,646,31335,663,661,-17,5,11,3,3,6,5,40327,813,42827,862,-2500,-49,7,12,7,7,13,7,48601,999,54747,1086,-6146,-87,7,12,8,8,15,7,60003,1167,64560,1256,-4557,-89,11,20,11,11,21,11,1,1
lol-game-115548147900553458,partial,,LCK,2026,,0,2026-07-31 08:17:00,1,16.14.794.9266,1,Blue,top,Kiin,,Gen.G Esports,,Ambessa,0,1677,2,6,1,4,13,,,0.3309,9848,352.3,0.1971,230,8.23,10,0.36,8,0.29,,,,,,,,,,,,,,,,,,,,,,,,3854,110,4010,101,-156,9,0,0,1,0,1,0,6580,158,6397,154,183,4,2,0,2,1,1,1,8251,199,8430,194,-179,5,2,1,3,1,2,1,9337,224,10485,240,-1148,-16,2,1,4,2,3,1,1,1
lol-game-115548147900553458,partial,,LCK,2026,,0,2026-07-31 08:17:00,1,16.14.794.9266,2,Blue,jng,Canyon,,Gen.G Esports,,Lee Sin,0,1677,0,1,3,4,13,,,0.1329,10172,363.9,0.2036,198,7.08,20,0.72,11,0.39,,,,,,,,,,,,,,,,,,,,,,,,3802,87,4448,97,-646,-10,0,0,0,1,0,0,5651,130,6858,138,-1207,-8,0,1,1,2,3,0,7937,162,8772,177,-835,-15,0,2,1,2,4,1,9447,186,10637,209,-1190,-23,0,3,1,2,6,1,1,1
lol-game-115548147900553458,partial,,LCK,2026,,0,2026-07-31 08:17:00,1,16.14.794.9266,3,Blue,mid,Chovy,,Gen.G Esports,,Galio,0,1677,1,4,1,4,13,,,0.2868,10679,382.1,0.2138,274,9.8,11,0.39,6,0.21,,,,,,,,,,,,,,,,,,,,,,,,4182,123,3918,111,264,12,0,0,0,0,0,0,5851,170,5917,172,-66,-2,0,0,1,0,1,0,7674,208,7729,209,-55,-1,0,1,2,0,3,0,9771,253,9173,240,598,13,1,1,3,0,5,1,1,1
lol-game-115548147900553458,partial,,LCK,2026,,0,2026-07-31 08:17:00,1,16.14.794.9266,4,Blue,bot,Ruler,,Gen.G Esports,,Xayah,0,1677,1,1,0,4,13,,,0.2035,12715,454.9,0.2545,277,9.91,12,0.43,8,0.29,,,,,,,,,,,,,,,,,,,,,,,,3977,99,4093,113,-116,-14,0,0,0,0,0,0,6900,158,7073,157,-173,1,0,0,0,2,1,1,10199,221,9710,218,489,3,1,0,0,3,2,1,12102,267,12318,273,-216,-6,1,0,0,4,3,1,1,1
lol-game-115548147900553458,partial,,LCK,2026,,0,2026-07-31 08:17:00,1,16.14.794.9266,5,Blue,sup,Duro,,Gen.G Esports,,Rakan,0,1677,0,1,2,4,13,,,0.0459,6538,233.9,0.1309,27,0.97,57,2.04,13,0.47,,,,,,,,,,,,,,,,,,,,,,,,2572,17,2761,13,-189,4,0,0,0,0,1,0,3648,19,4006,16,-358,3,0,1,1,0,4,0,4914,22,5688,19,-774,3,0,2,1,1,5,0,6011,27,6972,19,-961,8,0,2,1,1,7,0,1,1
lol-game-115548147900553458,partial,,LCK,2026,,0,2026-07-31 08:17:00,1,16.14.794.9266,,Blue,team,,,Gen.G Esports,,,0,1677,4,13,7,4,13,0.143,0.608,,49952,,,1006,,110,,46,,,,,,,0,4,0,4,0,0,0,0,0,0,0,0,0,1,3,9,0,2,18387,436,19230,435,-843,1,0,0,1,1,2,0,28630,635,30251,637,-1621,-2,2,2,5,5,10,2,38975,812,40329,817,-1354,-5,3,6,7,7,16,3,46668,957,49585,981,-2917,-24,4,7,9,9,24,4,1,1
lol-game-115548147900553458,partial,,LCK,2026,,0,2026-07-31 08:17:00,1,16.14.794.9266,6,Red,top,Doran,,T1,,Gnar,1,1677,2,1,6,13,4,,,0.1405,12557,449.3,0.2103,274,9.8,12,0.43,5,0.18,,,,,,,,,,,,,,,,,,,,,,,,4010,101,3854,110,156,-9,0,1,0,0,0,1,6397,154,6580,158,-183,-4,1,1,1,2,0,2,8430,194,8251,199,179,-5,1,2,1,2,1,3,10485,240,9337,224,1148,16,2,3,1,2,1,4,1,1
lol-game-115548147900553458,partial,,LCK,2026,,0,2026-07-31 08:17:00,1,16.14.794.9266,7,Red,jng,Oner,,T1,,Jarvan IV,1,1677,4,1,8,13,4,,,0.2023,12880,460.8,0.2157,222,7.94,11,0.39,14,0.5,,,,,,,,,,,,,,,,,,,,,,,,4448,97,3802,87,646,10,1,0,0,0,0,0,6858,138,5651,130,1207,8,2,3,0,0,1,1,8772,177,7937,162,835,15,2,4,1,0,2,1,10637,209,9447,186,1190,23,2,6,1,0,3,1,1,1
lol-game-115548147900553458,partial,,LCK,2026,,0,2026-07-31 08:17:00,1,16.14.794.9266,8,Red,mid,Faker,,T1,,Orianna,1,1677,0,1,9,13,4,,,0.2847,10747,384.5,0.18,255,9.12,13,0.47,8,0.29,,,,,,,,,,,,,,,,,,,,,,,,3918,111,4182,123,-264,-12,0,0,0,0,0,0,5917,172,5851,170,66,2,0,1,0,0,0,1,7729,209,7674,208,55,1,0,3,0,0,1,2,9173,240,9771,253,-598,-13,0,5,1,1,1,3,1,1
lol-game-115548147900553458,partial,,LCK,2026,,0,2026-07-31 08:17:00,1,16.14.794.9266,9,Red,bot,Peyz,,T1,,Lucian,1,1677,6,1,4,13,4,,,0.3237,15265,546.2,0.2557,317,11.34,12,0.43,17,0.61,,,,,,,,,,,,,,,,,,,,,,,,4093,113,3977,99,116,14,0,0,0,0,0,0,7073,157,6900,158,173,-1,2,1,1,0,0,0,9710,218,10199,221,-489,-3,3,2,1,1,0,0,12318,273,12102,267,216,6,4,3,1,1,0,0,1,1
lol-game-115548147900553458,partial,,LCK,2026,,0,2026-07-31 08:17:00,1,16.14.794.9266,10,Red,sup,Keria,,T1,,Milio,1,1677,1,0,11,13,4,,,0.0488,8258,295.5,0.1383,21,0.75,60,2.15,5,0.18,,,,,,,,,,,,,,,,,,,,,,,,2761,13,2572,17,189,-4,0,1,0,0,0,0,4006,16,3648,19,358,-3,0,4,0,0,1,1,5688,19,4914,22,774,-3,1,5,0,0,2,1,6972,19,6011,27,961,-8,1,7,0,0,2,1,1,1
lol-game-115548147900553458,partial,,LCK,2026,,0,2026-07-31 08:17:00,1,16.14.794.9266,,Red,team,,,T1,,,1,1677,13,4,38,13,4,0.465,0.608,,59707,,,1089,,108,,49,,,,,,,4,0,4,0,0,0,1,1,0,2,0,0,1,0,9,3,2,0,19230,435,18387,436,843,-1,1,2,0,0,0,1,30251,637,28630,635,1621,2,5,10,2,2,2,5,40329,817,38975,812,1354,5,7,16,3,3,6,7,49585,981,46668,957,2917,24,9,24,4,4,7,9,1,1
lol-game-115548147900553459,partial,,LCK,2026,,0,2026-07-31 09:15:00,2,16.14.794.9266,1,Blue,top,Doran,,T1,,Jax,1,1617,2,3,7,17,15,,,0.1457,13260,492.0,0.197,250,9.28,18,0.67,8,0.3,,,,,,,,,,,,,,,,,,,,,,,,5783,112,6763,133,-980,-21,0,1,1,5,2,1,7606,154,8737,185,-1131,-31,0,2,2,5,4,1,9007,190,10658,233,-1651,-43,0,4,3,5,4,1,11637,240,12182,269,-545,-29,1,7,3,5,4,2,1,1
lol-game-115548147900553459,partial,,LCK,2026,,0,2026-07-31 09:15:00,2,16.14.794.9266,2,Blue,jng,Oner,,T1,,Xin Zhao,1,1617,2,5,6,17,15,,,0.1816,12576,466.6,0.1868,236,8.76,12,0.45,25,0.93,,,,,,,,,,,,,,,,,,,,,,,,5514,120,6920,120,-1406,0,0,1,3,4,4,0,7234,158,9850,167,-2616,-9,0,2,4,6,4,0,8849,194,11686,204,-2837,-10,0,2,5,6,6,0,10409,218,13133,233,-2724,-15,0,4,5,6,6,1,1,1
lol-game-115548147900553459,partial,,LCK,2026,,0,2026-07-31 09:15:00,2,16.14.794.9266,3,Blue,mid,Faker,,T1,,Ryze,1,1617,1,4,8,17,15,,,0.1577,12245,454.4,0.1819,279,10.35,24,0.89,12,0.45,,,,,,,,,,,,,,,,,,,,,,,,4801,120,6769,158,-1968,-38,0,2,4,1,8,0,6714,179,8962,215,-2248,-36,0,3,4,1,10,1,8340,226,10486,245,-2146,-19,0,4,4,1,12,2,10376,261,12001,280,-1625,-19,0,7,4,1,12,3,1,1
lol-game-115548147900553459,partial,,LCK,2026,,0,2026-07-31 09:15:00,2,16.14.794.9266,4,Blue,bot,Peyz,,T1,,Ezreal,1,1617,8,1,4,17,15,,,0.4006,18494,686.2,0.2748,386,14.32,17,0.63,8,0.3,,,,,,,,,,,,,,,,,,,,,,,,7947,174,6249,158,1698,16,2,1,1,0,0,1,10141,245,8786,225,1355,20,2,2,1,0,1,1,13149,317,11924,292,1225,25,4,2,1,2,1,1,17191,373,14549,342,2642,31,7,3,1,3,1,2,1,1
lol-game-115548147900553459,partial,,LCK,2026,,0,2026-07-31 09:15:00,2,16.14.794.9266,5,Blue,sup,Keria,,T1,,Seraphine,1,1617,4,2,12,17,15,,,0.1144,10732,398.2,0.1594,38,1.41,65,2.41,22,0.82,,,,,,,,,,,,,,,,,,,,,,,,4340,21,3776,12,564,9,2,1,1,0,6,2,6085,24,4938,14,1147,10,3,1,1,0,8,2,7554,34,6080,20,1474,14,3,3,1,0,9,3,9487,38,7042,21,2445,17,4,7,2,0,9,4,1,1
lol-game-115548147900553459,partial,,LCK,2026,,0,2026-07-31 09:15:00,2,16.14.794.9266,,Blue,team,,,T1,,,1,1617,17,15,37,17,15,0.631,1.187,,67307,,,1189,,136,,75,,,,,,,2,3,2,3,0,0,0,1,1,0,0,0,1,0,7,3,1,0,28385,547,30477,581,-2092,-34,4,6,10,10,20,4,37780,760,41273,806,-3493,-46,5,10,12,12,27,5,46899,961,50834,994,-3935,-33,7,15,14,14,32,7,59100,1130,58907,1145,193,-15,12,28,15,15,32,12,1,1
lol-game-115548147900553459,partial,,LCK,2026,,0,2026-07-31 09:15:00,2,16.14.794.9266,6,Red,top,Kiin,,Gen.G Esports,,Varus,0,1617,5,3,4,15,17,,,0.2015,12819,475.7,0.2101,284,10.54,16,0.59,10,0.37,,,,,,,,,,,,,,,,,,,,,,,,6763,133,5783,112,980,21,5,2,1,0,1,1,8737,185,7606,154,1131,31,5,4,1,0,2,2,10658,233,9007,190,1651,43,5,4,1,0,4,3,12182,269,11637,240,545,29,5,4,2,1,7,3,1,1
lol-game-115548147900553459,partial,,LCK,2026,,0,2026-07-31 09:15:00,2,16.14.794.9266,7,Red,jng,Canyon,,Gen.G Esports,,Vi,0,1617,6,2,6,15,17,,,0.1716,13527,501.9,0.2218,239,8.87,12,0.45,22,0.82,,,,,,,,,,,,,,,,,,,,,,,,6920,120,5514,120,1406,0,4,4,0,0,1,3,9850,167,7234,158,2616,9,6,4,0,0,2,4,11686,204,8849,194,2837,10,6,6,0,0,2,5,13133,233,10409,218,2724,15,6,6,1,0,4,5,1,1
lol-game-115548147900553459,partial,,LCK,2026,,0,2026-07-31 09:15:00,2,16.14.794.9266,8,Red,mid,Chovy,,Gen.G Esports,,Anivia,0,1617,1,4,12,15,17,,,0.3043,12430,461.2,0.2038,286,10.61,14,0.52,14,0.52,,,,,,,,,,,,,,,,,,,,,,,,6769,158,4801,120,1968,38,1,8,0,0,2,4,8962,215,6714,179,2248,36,1,10,1,0,3,4,10486,245,8340,226,2146,19,1,12,2,0,4,4,12001,280,10376,261,1625,19,1,12,3,0,7,4,1,1
lol-game-115548147900553459,partial,,LCK,2026,,0,2026-07-31 09:15:00,2,16.14.794.9266,9,Red,bot,Ruler,,Gen.G Esports,,Ziggs,0,1617,3,3,1,15,17,,,0.2646,14816,549.8,0.2429,343,12.73,19,0.71,9,0.33,,,,,,,,,,,,,,,,,,,,,,,,6249,158,7947,174,-1698,-16,0,0,1,2,1,1,8786,225,10141,245,-1355,-20,0,1,1,2,2,1,11924,292,13149,317,-1225,-25,2,1,1,4,2,1,14549,342,17191,373,-2642,-31,3,1,2,7,3,1,1,1
lol-game-115548147900553459,partial,,LCK,2026,,0,2026-07-31 09:15:00,2,16.14.794.9266,10,Red,sup,Duro,,Gen.G Esports,,Shen,0,1617,0,5,9,15,17,,,0.0581,7409,274.9,0.1215,21,0.78,79,2.93,9,0.33,,,,,,,,,,,,,,,,,,,,,,,,3776,12,4340,21,-564,-9,0,6,2,2,1,1,4938,14,6085,24,-1147,-10,0,8,2,3,1,1,6080,20,7554,34,-1474,-14,0,9,3,3,3,1,7042,21,9487,38,-2445,-17,0,9,4,4,7,2,1,1
lol-game-115548147900553459,partial,,LCK,2026,,0,2026-07-31 09:15:00,2,16.14.794.9266,,Red,team,,,Gen.G Esports,,,0,1617,15,17,32,15,17,0.557,1.187,,61001,,,1173,,140,,64,,,,,,,3,2,3,2,0,1,0,0,2,0,0,0,0,1,3,7,0,1,30477,581,28385,547,2092,34,10,20,4,4,6,10,41273,806,37780,760,3493,46,12,27,5,5,10,12,50834,994,46899,961,3935,33,14,32,7,7,15,14,58907,1145,59100,1130,-193,15,15,32,12,12,28,15,1,1
lol-game-115548147900553462,partial,,LCK,2026,,0,2026-07-29 10:15:00,1,16.14.794.9266,1,Blue,top,Doran,,T1,,Ambessa,0,2101,3,4,2,14,22,,,0.2876,14639,418.1,0.2188,329,9.4,10,0.29,6,0.17,,,,,,,,,,,,,,,,,,,,,,,,3889,106,3629,98,260,8,0,0,0,0,0,0,5941,150,5177,138,764,12,0,0,1,0,1,1,7601,197,7282,189,319,8,0,1,2,1,2,1,9585,243,9064,246,521,-3,1,2,2,1,2,1,1,1
lol-game-115548147900553462,partial,,LCK,2026,,0,2026-07-29 10:15:00,1,16.14.794.9266,2,Blue,jng,Oner,,T1,,Vi,0,2101,4,6,6,14,22,,,0.11,13641,389.6,0.2039,263,7.51,13,0.37,15,0.43,,,,,,,,,,,,,,,,,,,,,,,,3906,74,4240,86,-334,-12,1,1,1,1,1,0,6360,117,6614,121,-254,-4,2,3,1,3,3,1,8445,156,8742,150,-297,6,3,3,2,5,4,1,10480,201,10579,178,-99,23,3,6,3,6,4,2,1,1
lol-game-115548147900553462,partial,,LCK,2026,,0,2026-07-29 10:15:00,1,16.14.794.9266,3,Blue,mid,Faker,,T1,,Akali,0,2101,6,4,4,14,22,,,0.2704,13718,391.8,0.205,302,8.62,13,0.37,15,0.43,,,,,,,,,,,,,,,,,,,,,,,,3689,104,4480,113,-791,-9,0,0,0,1,1,0,6227,144,6348,153,-121,-9,3,1,1,2,3,1,8183,193,8274,203,-91,-10,4,2,1,2,5,2,10332,228,9773,243,559,-15,6,2,1,2,6,2,1,1
lol-game-115548147900553462,partial,,LCK,2026,,0,2026-07-29 10:15:00,1,16.14.794.9266,4,Blue,bot,Peyz,,T1,,Viktor,0,2101,1,3,7,14,22,,,0.2831,16267,464.6,0.2431,375,10.71,17,0.49,12,0.34,,,,,,,,,,,,,,,,,,,,,,,,4200,92,3307,84,893,8,1,0,1,0,0,1,6911,159,6172,128,739,31,1,0,1,1,1,1,9340,224,8399,177,941,47,1,1,1,1,4,1,11979,291,10351,230,1628,61,1,4,1,1,5,2,1,1
lol-game-115548147900553462,partial,,LCK,2026,,0,2026-07-29 10:15:00,1,16.14.794.9266,5,Blue,sup,Keria,,T1,,Leona,0,2101,0,5,10,14,22,,,0.0489,8644,246.9,0.1292,45,1.29,80,2.28,29,0.83,,,,,,,,,,,,,,,,,,,,,,,,2603,19,2498,23,105,-4,0,2,0,0,0,1,3922,24,3789,27,133,-3,0,4,2,0,3,2,5199,31,4888,29,311,2,0,6,3,0,5,3,6450,35,6136,37,314,-2,0,8,3,0,6,4,1,1
lol-game-115548147900553462,partial,,LCK,2026,,0,2026-07-29 10:15:00,1,16.14.794.9266,,Blue,team,,,T1,,,0,2101,14,22,29,14,22,0.4,1.028,,66909,,,1314,,133,,77,,,,,,,2,2,2,2,1,0,1,0,0,0,0,0,0,1,6,6,0,1,18287,395,18154,404,133,-9,2,3,2,2,2,2,29361,594,28100,567,1261,27,6,8,6,6,11,6,38768,801,37585,748,1183,53,8,13,9,9,20,8,48826,998,45903,934,2923,64,11,22,10,10,23,11,1,1
lol-game-115548147900553462,partial,,LCK,2026,,0,2026-07-29 10:15:00,1,16.14.794.9266,6,Red,top,PerfecT,,kt Rolster,,Zaahen,1,2101,2,1,9,22,14,,,0.2368,14153,404.2,0.1957,336,9.6,15,0.43,10,0.29,,,,,,,,,,,,,,,,,,,,,,,,3629,98,3889,106,-260,-8,0,0,0,0,0,0,5177,138,5941,150,-764,-12,0,1,1,0,0,1,7282,189,7601,197,-319,-8,1,2,1,0,1,2,9064,246,9585,243,-521,3,1,2,1,1,2,2,1,1
lol-game-115548147900553462,partial,,LCK,2026,,0,2026-07-29 10:15:00,1,16.14.794.9266,7,Red,jng,Cuzz,,kt Rolster,,Pantheon,1,2101,12,2,9,22,14,,,0.2794,17841,509.5,0.2467,238,6.8,8,0.23,9,0.26,,,,,,,,,,,,,,,,,,,,,,,,4240,86,3906,74,334,12,1,1,0,1,1,1,6614,121,6360,117,254,4,3,3,1,2,3,1,8742,150,8445,156,297,-6,5,4,1,3,3,2,10579,178,10480,201,99,-23,6,4,2,3,6,3,1,1
lol-game-115548147900553462,partial,,LCK,2026,,0,2026-07-29 10:15:00,1,16.14.794.9266,8,Red,mid,Bdd,,kt Rolster,,Cassiopeia,1,2101,5,2,14,22,14,,,0.2055,14372,410.4,0.1987,294,8.4,13,0.37,6,0.17,,,,,,,,,,,,,,,,,,,,,,,,4480,113,3689,104,791,9,1,1,0,0,0,0,6348,153,6227,144,121,9,2,3,1,3,1,1,8274,203,8183,193,91,10,2,5,2,4,2,1,9773,243,10332,228,-559,15,2,6,2,6,2,1,1,1
lol-game-115548147900553462,partial,,LCK,2026,,0,2026-07-29 10:15:00,1,16.14.794.9266,9,Red,bot,FenRir,,kt Rolster,,Ezreal,1,2101,3,3,12,22,14,,,0.2435,16936,483.7,0.2342,332,9.48,17,0.49,6,0.17,,,,,,,,,,,,,,,,,,,,,,,,3307,84,4200,92,-893,-8,0,0,1,1,0,1,6172,128,6911,159,-739,-31,1,1,1,1,0,1,8399,177,9340,224,-941,-47,1,4,1,1,1,1,10351,230,11979,291,-1628,-61,1,5,2,1,4,1,1,1
lol-game-115548147900553462,partial,,LCK,2026,,0,2026-07-29 10:15:00,1,16.14.794.9266,10,Red,sup,Effort,,kt Rolster,,Nautilus,1,2101,0,6,8,22,14,,,0.0348,9024,257.7,0.1248,47,1.34,84,2.4,28,0.8,,,,,,,,,,,,,,,,,,,,,,,,2498,23,2603,19,-105,4,0,0,1,0,2,0,3789,27,3922,24,-133,3,0,3,2,0,4,2,4888,29,5199,31,-311,-2,0,5,3,0,6,3,6136,37,6450,35,-314,2,0,6,4,0,8,3,1,1
lol-game-115548147900553462,partial,,LCK,2026,,0,2026-07-29 10:15:00,1,16.14.794.9266,,Red,team,,,kt Rolster,,,1,2101,22,14,52,22,14,0.628,1.028,,72326,,,1247,,137,,59,,,,,,,2,2,2,2,0,0,1,1,0,0,0,0,1,0,6,6,1,0,18154,404,18287,395,-133,9,2,2,2,2,3,2,28100,567,29361,594,-1261,-27,6,11,6,6,8,6,37585,748,38768,801,-1183,-53,9,20,8,8,13,9,45903,934,48826,998,-2923,-64,10,23,11,11,22,10,1,1
lol-game-115548147900553463,partial,,LCK,2026,,0,2026-07-29 11:15:00,2,16.14.794.9266,1,Blue,top,PerfecT,,kt Rolster,,Rumble,1,1986,3,4,7,17,10,,,0.2902,13471,407.0,0.1927,254,7.67,24,0.73,6,0.18,,,,,,,,,,,,,,,,,,,,,,,,4504,126,4562,123,-58,3,0,0,0,0,0,0,6261,163,7352,179,-1091,-16,1,0,1,1,0,1,7962,198,9349,224,-1387,-26,1,1,3,1,1,2,9786,224,12531,273,-2745,-49,2,1,4,3,2,2,1,1
lol-game-115548147900553463,partial,,LCK,2026,,0,2026-07-29 11:15:00,2,16.14.794.9266,2,Blue,jng,Cuzz,,kt Rolster,,Jarvan IV,1,1986,3,3,13,17,10,,,0.1514,12731,384.6,0.1821,173,5.23,11,0.33,21,0.63,,,,,,,,,,,,,,,,,,,,,,,,3822,64,4443,104,-621,-40,0,3,0,0,0,1,5636,95,6930,161,-1294,-66,0,6,1,0,2,1,7077,128,9278,191,-2201,-63,0,6,2,2,2,1,8530,151,10734,216,-2204,-65,0,8,3,2,4,3,1,1
lol-game-115548147900553463,partial,,LCK,2026,,0,2026-07-29 11:15:00,2,16.14.794.9266,3,Blue,mid,Bdd,,kt Rolster,,Yone,1,1986,8,2,4,17,10,,,0.3034,15976,482.7,0.2285,342,10.33,13,0.39,5,0.15,,,,,,,,,,,,,,,,,,,,,,,,5564,130,4514,126,1050,4,3,0,0,0,0,1,7607,179,6262,169,1345,10,4,1,0,0,1,2,9838,227,8823,226,1015,1,5,1,0,1,2,2,12195,290,10987,287,1208,3,6,1,1,1,3,2,1,1
lol-game-115548147900553463,partial,,LCK,2026,,0,2026-07-29 11:15:00,2,16.14.794.9266,4,Blue,bot,FenRir,,kt Rolster,,Miss Fortune,1,1986,1,0,4,17,10,,,0.1957,17327,523.5,0.2479,390,11.78,20,0.6,11,0.33,,,,,,,,,,,,,,,,,,,,,,,,4925,120,4913,135,12,-15,0,0,0,0,0,0,7164,178,7458,199,-294,-21,0,1,0,1,0,0,9133,237,9977,246,-844,-9,0,1,0,2,2,0,11693,301,12737,312,-1044,-11,0,2,0,3,3,0,1,1
lol-game-115548147900553463,partial,,LCK,2026,,0,2026-07-29 11:15:00,2,16.14.794.9266,5,Blue,sup,Effort,,kt Rolster,,Rell,1,1986,2,1,13,17,10,,,0.0594,10402,314.3,0.1488,36,1.09,92,2.78,17,0.51,,,,,,,,,,,,,,,,,,,,,,,,3022,17,2910,19,112,-2,0,3,0,0,0,1,4705,24,4272,25,433,-1,1,4,0,0,2,2,5788,29,5629,30,159,-1,1,4,1,0,3,2,7092,34,6829,34,263,0,1,6,1,0,5,2,1,1
lol-game-115548147900553463,partial,,LCK,2026,,0,2026-07-29 11:15:00,2,16.14.794.9266,,Blue,team,,,kt Rolster,,,1,1986,17,10,41,17,10,0.514,0.816,,69907,,,1195,,160,,60,,,,,,,4,1,4,1,0,1,2,1,0,0,0,0,1,0,8,6,1,0,21837,457,21342,507,495,-50,3,6,0,0,0,3,31373,639,32274,733,-901,-94,6,12,2,2,5,6,39798,819,43056,917,-3258,-98,7,13,6,6,10,7,49296,1000,53818,1122,-4522,-122,9,18,9,9,17,9,1,1
lol-game-115548147900553463,partial,,LCK,2026,,0,2026-07-29 11:15:00,2,16.14.794.9266,6,Red,top,Doran,,T1,,Jayce,0,1986,4,4,2,10,17,,,0.2634,16696,504.4,0.2461,339,10.24,16,0.48,15,0.45,,,,,,,,,,,,,,,,,,,,,,,,4562,123,4504,126,58,-3,0,0,0,0,0,0,7352,179,6261,163,1091,16,1,0,1,1,0,1,9349,224,7962,198,1387,26,1,1,2,1,1,3,12531,273,9786,224,2745,49,3,2,2,2,1,4,1,1
lol-game-115548147900553463,partial,,LCK,2026,,0,2026-07-29 11:15:00,2,16.14.794.9266,7,Red,jng,Oner,,T1,,Lee Sin,0,1986,2,5,5,10,17,,,0.1313,12856,388.4,0.1895,251,7.58,26,0.79,15,0.45,,,,,,,,,,,,,,,,,,,,,,,,4443,104,3822,64,621,40,0,0,1,0,3,0,6930,161,5636,95,1294,66,0,2,1,0,6,1,9278,191,7077,128,2201,63,2,2,1,0,6,2,10734,216,8530,151,2204,65,2,4,3,0,8,3,1,1
lol-game-115548147900553463,partial,,LCK,2026,,0,2026-07-29 11:15:00,2,16.14.794.9266,8,Red,mid,Faker,,T1,,Ryze,0,1986,1,4,3,10,17,,,0.3087,13405,405.0,0.1976,338,10.21,11,0.33,16,0.48,,,,,,,,,,,,,,,,,,,,,,,,4514,126,5564,130,-1050,-4,0,0,1,3,0,0,6262,169,7607,179,-1345,-10,0,1,2,4,1,0,8823,226,9838,227,-1015,-1,1,2,2,5,1,0,10987,287,12195,290,-1208,-3,1,3,2,6,1,1,1,1
lol-game-115548147900553463,partial,,LCK,2026,,0,2026-07-29 11:15:00,2,16.14.794.9266,9,Red,bot,Peyz,,T1,,Jhin,0,1986,3,1,4,10,17,,,0.2551,16381,494.9,0.2414,389,11.75,18,0.54,7,0.21,,,,,,,,,,,,,,,,,,,,,,,,4913,135,4925,120,-12,15,0,0,0,0,0,0,7458,199,7164,178,294,21,1,0,0,0,1,0,9977,246,9133,237,844,9,2,2,0,0,1,0,12737,312,11693,301,1044,11,3,3,0,0,2,0,1,1
lol-game-115548147900553463,partial,,LCK,2026,,0,2026-07-29 11:15:00,2,16.14.794.9266,10,Red,sup,Keria,,T1,,Shen,0,1986,0,3,5,10,17,,,0.0416,8509,257.1,0.1254,39,1.18,88,2.66,23,0.69,,,,,,,,,,,,,,,,,,,,,,,,2910,19,3022,17,-112,2,0,0,1,0,3,0,4272,25,4705,24,-433,1,0,2,2,1,4,0,5629,30,5788,29,-159,1,0,3,2,1,4,1,6829,34,7092,34,-263,0,0,5,2,1,6,1,1,1
lol-game-115548147900553463,partial,,LCK,2026,,0,2026-07-29 11:15:00,2,16.14.794.9266,,Red,team,,,T1,,,0,1986,10,17,19,10,17,0.302,0.816,,67847,,,1356,,159,,76,,,,,,,1,4,1,4,0,0,1,0,0,0,0,0,0,1,6,8,0,1,21342,507,21837,457,-495,50,0,0,3,3,6,0,32274,733,31373,639,901,94,2,5,6,6,12,2,43056,917,39798,819,3258,98,6,10,7,7,13,6,53818,1122,49296,1000,4522,122,9,17,9,9,18,9,1,1
lol-game-115548147900553466,partial,,LCK,2026,,0,2026-08-06 10:17:00,1,16.15.800.4844,1,Blue,top,Doran,,T1,,Ambessa,1,1621,5,0,5,20,4,,,0.2976,12986,480.7,0.2119,264,9.77,10,0.37,4,0.15,,,,,,,,,,,,,,,,,,,,,,,,3778,104,3897,106,-119,-2,0,0,0,0,0,0,5896,151,5934,157,-38,-6,1,1,0,1,0,1,8627,204,7922,215,705,-11,2,1,0,1,0,1,10945,244,10058,259,887,-15,3,3,0,1,2,1,1,1
lol-game-115548147900553466,partial,,LCK,2026,,0,2026-08-06 10:17:00,1,16.15.800.4844,2,Blue,jng,Oner,,T1,,Vi,1,1621,2,1,10,20,4,,,0.1368,11785,436.2,0.1923,198,7.33,14,0.52,9,0.33,,,,,,,,,,,,,,,,,,,,,,,,4226,84,3899,90,327,-6,1,2,0,0,0,2,6075,119,5708,137,367,-18,1,4,1,0,0,2,7918,156,7363,177,555,-21,1,6,1,0,0,3,10954,197,10393,215,561,-18,2,7,1,1,1,4,1,1
lol-game-115548147900553466,partial,,LCK,2026,,0,2026-08-06 10:17:00,1,16.15.800.4844,3,Blue,mid,Faker,,T1,,Cassiopeia,1,1621,6,1,3,20,4,,,0.2635,12411,459.4,0.2025,287,10.62,11,0.41,10,0.37,,,,,,,,,,,,,,,,,,,,,,,,4822,102,3366,85,1456,17,4,0,0,0,0,2,7079,164,5365,139,1714,25,5,1,0,0,0,3,8975,222,7126,197,1849,25,5,1,0,0,0,3,11269,274,9596,233,1673,41,5,2,1,1,1,4,1,1
lol-game-115548147900553466,partial,,LCK,2026,,0,2026-08-06 10:17:00,1,16.15.800.4844,4,Blue,bot,Peyz,,T1,,Jhin,1,1621,7,1,5,20,4,,,0.2306,16145,597.6,0.2634,334,12.36,13,0.48,4,0.15,,,,,,,,,,,,,,,,,,,,,,,,5256,113,3341,85,1915,28,3,2,0,0,0,2,7605,176,5761,142,1844,34,3,2,0,0,0,2,10345,245,8385,205,1960,40,4,3,0,0,0,2,13749,306,12233,270,1516,36,5,3,1,1,0,2,1,1
lol-game-115548147900553466,partial,,LCK,2026,,0,2026-08-06 10:17:00,1,16.15.800.4844,5,Blue,sup,Keria,,T1,,Shen,1,1621,0,1,11,20,4,,,0.0715,7967,294.9,0.13,32,1.18,62,2.29,15,0.56,,,,,,,,,,,,,,,,,,,,,,,,3389,19,2674,21,715,-2,0,6,0,0,0,2,4390,24,3820,30,570,-6,0,6,0,0,0,2,5684,28,4807,33,877,-5,0,8,0,0,0,3,7091,32,6503,37,588,-5,0,8,1,0,3,4,1,1
lol-game-115548147900553466,partial,,LCK,2026,,0,2026-08-06 10:17:00,1,16.15.800.4844,,Blue,team,,,T1,,,1,1621,20,4,34,20,4,0.74,0.888,,61294,,,1115,,110,,42,,,,,,,3,1,3,1,1,0,0,0,0,2,0,0,1,0,9,2,1,0,21471,422,17177,387,4294,35,8,10,0,0,0,8,31045,634,26588,605,4457,29,10,14,1,1,0,10,41549,855,35603,827,5946,28,12,19,1,1,0,12,54008,1053,48783,1014,5225,39,15,23,4,4,7,15,1,1
lol-game-115548147900553466,partial,,LCK,2026,,0,2026-08-06 10:17:00,1,16.15.800.4844,6,Red,top,Siwoo,,Dplus KIA,,Aatrox,0,1621,1,2,2,4,20,,,0.2781,10576,391.5,0.2068,269,9.96,15,0.56,2,0.07,,,,,,,,,,,,,,,,,,,,,,,,3897,106,3778,104,119,2,0,0,0,0,0,0,5934,157,5896,151,38,6,1,0,1,1,1,0,7922,215,8627,204,-705,11,1,0,1,2,1,0,10058,259,10945,244,-887,15,1,2,1,3,3,0,1,1
lol-game-115548147900553466,partial,,LCK,2026,,0,2026-08-06 10:17:00,1,16.15.800.4844,7,Red,jng,Lucid,,Dplus KIA,,Xin Zhao,0,1621,1,5,1,4,20,,,0.1687,10670,394.9,0.2086,217,8.03,10,0.37,16,0.59,,,,,,,,,,,,,,,,,,,,,,,,3899,90,4226,84,-327,6,0,0,2,1,2,0,5708,137,6075,119,-367,18,0,0,2,1,4,1,7363,177,7918,156,-555,21,0,0,3,1,6,1,10393,215,10954,197,-561,18,1,1,4,2,7,1,1,1
lol-game-115548147900553466,partial,,LCK,2026,,0,2026-08-06 10:17:00,1,16.15.800.4844,8,Red,mid,ShowMaker,,Dplus KIA,,Anivia,0,1621,1,5,1,4,20,,,0.2027,10165,376.2,0.1987,245,9.07,16,0.59,6,0.22,,,,,,,,,,,,,,,,,,,,,,,,3366,85,4822,102,-1456,-17,0,0,2,4,0,0,5365,139,7079,164,-1714,-25,0,0,3,5,1,0,7126,197,8975,222,-1849,-25,0,0,3,5,1,0,9596,233,11269,274,-1673,-41,1,1,4,5,2,1,1,1
lol-game-115548147900553466,partial,,LCK,2026,,0,2026-08-06 10:17:00,1,16.15.800.4844,9,Red,bot,Smash,,Dplus KIA,,Ezreal,0,1621,1,3,0,4,20,,,0.2584,12873,476.5,0.2517,286,10.59,11,0.41,5,0.19,,,,,,,,,,,,,,,,,,,,,,,,3341,85,5256,113,-1915,-28,0,0,2,3,2,0,5761,142,7605,176,-1844,-34,0,0,2,3,2,0,8385,205,10345,245,-1960,-40,0,0,2,4,3,0,12233,270,13749,306,-1516,-36,1,0,2,5,3,1,1,1
lol-game-115548147900553466,partial,,LCK,2026,,0,2026-08-06 10:17:00,1,16.15.800.4844,10,Red,sup,Career,,Dplus KIA,,Bard,0,1621,0,5,3,4,20,,,0.0921,6865,254.1,0.1342,37,1.37,61,2.26,17,0.63,,,,,,,,,,,,,,,,,,,,,,,,2674,21,3389,19,-715,2,0,0,2,0,6,0,3820,30,4390,24,-570,6,0,0,2,0,6,0,4807,33,5684,28,-877,5,0,0,3,0,8,0,6503,37,7091,32,-588,5,0,3,4,0,8,1,1,1
lol-game-115548147900553466,partial,,LCK,2026,,0,2026-08-06 10:17:00,1,16.15.800.4844,,Red,team,,,Dplus KIA,,,0,1621,4,20,7,4,20,0.148,0.888,,51149,,,1054,,113,,46,,,,,,,1,3,1,3,0,0,0,0,1,0,0,0,0,1,2,9,0,1,17177,387,21471,422,-4294,-35,0,0,8,8,10,0,26588,605,31045,634,-4457,-29,1,0,10,10,14,1,35603,827,41549,855,-5946,-28,1,0,12,12,19,1,48783,1014,54008,1053,-5225,-39,4,7,15,15,23,4,1,1
lol-game-115548147900553467,partial,,LCK,2026,,0,2026-08-06 11:07:00,2,16.15.800.4844,1,Blue,top,Doran,,T1,,Jayce,1,2208,4,4,1,17,7,,,0.2458,15465,420.2,0.2045,354,9.62,21,0.57,5,0.14,,,,,,,,,,,,,,,,,,,,,,,,3692,92,3628,90,64,2,1,0,1,1,0,1,5094,136,6073,153,-979,-17,1,0,2,2,0,1,7443,201,7932,200,-489,1,1,0,2,2,0,1,10104,258,9624,242,480,16,1,0,2,2,0,1,1,1
lol-game-115548147900553467,partial,,LCK,2026,,0,2026-08-06 11:07:00,2,16.15.800.4844,2,Blue,jng,Oner,,T1,,Sejuani,1,2208,1,0,8,17,7,,,0.1019,13350,362.8,0.1765,231,6.28,16,0.43,24,0.65,,,,,,,,,,,,,,,,,,,,,,,,3284,64,3634,82,-350,-18,0,1,0,0,1,0,4897,99,5255,121,-358,-22,0,2,0,0,1,1,6556,130,6981,162,-425,-32,0,2,0,0,1,1,8414,164,8513,196,-99,-32,0,2,0,0,1,1,1,1
lol-game-115548147900553467,partial,,LCK,2026,,0,2026-08-06 11:07:00,2,16.15.800.4844,3,Blue,mid,Faker,,T1,,Ryze,1,2208,1,0,3,17,7,,,0.1616,15038,408.6,0.1989,387,10.52,21,0.57,11,0.3,,,,,,,,,,,,,,,,,,,,,,,,3308,94,3736,108,-428,-14,0,0,0,0,0,0,5110,154,5256,154,-146,0,0,0,0,0,0,0,7618,226,7517,221,101,5,0,0,0,0,0,0,9678,275,9213,267,465,8,0,0,0,0,0,0,1,1
lol-game-115548147900553467,partial,,LCK,2026,,0,2026-08-06 11:07:00,2,16.15.800.4844,4,Blue,bot,Peyz,,T1,,Lucian,1,2208,11,2,3,17,7,,,0.4309,21125,574.0,0.2793,439,11.93,14,0.38,27,0.73,,,,,,,,,,,,,,,,,,,,,,,,4321,89,3728,94,593,-5,3,0,1,1,0,2,7210,159,5725,145,1485,14,4,0,1,1,0,2,9736,233,7935,216,1801,17,4,0,1,1,0,2,12169,295,9910,273,2259,22,4,0,1,1,0,2,1,1
lol-game-115548147900553467,partial,,LCK,2026,,0,2026-08-06 11:07:00,2,16.15.800.4844,5,Blue,sup,Keria,,T1,,Milio,1,2208,0,1,14,17,7,,,0.0598,10646,289.3,0.1408,45,1.22,88,2.39,19,0.52,,,,,,,,,,,,,,,,,,,,,,,,2849,21,2560,17,289,4,0,3,0,0,1,1,4158,27,3779,26,379,1,0,4,0,0,1,1,5351,29,4986,34,365,-5,0,4,0,0,1,1,6599,32,6241,41,358,-9,0,4,0,0,1,1,1,1
lol-game-115548147900553467,partial,,LCK,2026,,0,2026-08-06 11:07:00,2,16.15.800.4844,,Blue,team,,,T1,,,1,2208,17,7,29,17,7,0.462,0.652,,75624,,,1456,,160,,86,,,,,,,2,3,2,3,0,0,0,0,1,1,0,0,2,0,10,3,1,0,17454,360,17286,391,168,-31,4,4,2,2,2,4,26469,575,26088,599,381,-24,5,6,3,3,2,5,36704,819,35351,833,1353,-14,5,6,3,3,2,5,46964,1024,43501,1019,3463,5,5,6,3,3,2,5,1,1
lol-game-115548147900553467,partial,,LCK,2026,,0,2026-08-06 11:07:00,2,16.15.800.4844,6,Red,top,Siwoo,,Dplus KIA,,Olaf,0,2208,4,3,0,7,17,,,0.273,14559,395.6,0.2221,334,9.08,8,0.22,11,0.3,,,,,,,,,,,,,,,,,,,,,,,,3628,90,3692,92,-64,-2,1,0,1,1,0,1,6073,153,5094,136,979,17,2,0,1,1,0,2,7932,200,7443,201,489,-1,2,0,1,1,0,2,9624,242,10104,258,-480,-16,2,0,1,1,0,2,1,1
lol-game-115548147900553467,partial,,LCK,2026,,0,2026-08-06 11:07:00,2,16.15.800.4844,7,Red,jng,Lucid,,Dplus KIA,,Jarvan IV,0,2208,0,5,2,7,17,,,0.1321,11833,321.5,0.1805,252,6.85,13,0.35,30,0.82,,,,,,,,,,,,,,,,,,,,,,,,3634,82,3284,64,350,18,0,1,0,0,1,0,5255,121,4897,99,358,22,0,1,1,0,2,0,6981,162,6556,130,425,32,0,1,1,0,2,0,8513,196,8414,164,99,32,0,1,1,0,2,0,1,1
lol-game-115548147900553467,partial,,LCK,2026,,0,2026-08-06 11:07:00,2,16.15.800.4844,8,Red,mid,ShowMaker,,Dplus KIA,,Syndra,0,2208,2,2,0,7,17,,,0.216,15129,411.1,0.2308,368,10.0,15,0.41,7,0.19,,,,,,,,,,,,,,,,,,,,,,,,3736,108,3308,94,428,14,0,0,0,0,0,0,5256,154,5110,154,146,0,0,0,0,0,0,0,7517,221,7618,226,-101,-5,0,0,0,0,0,0,9213,267,9678,275,-465,-8,0,0,0,0,0,0,1,1
lol-game-115548147900553467,partial,,LCK,2026,,0,2026-08-06 11:07:00,2,16.15.800.4844,9,Red,bot,Smash,,Dplus KIA,,Caitlyn,0,2208,1,3,1,7,17,,,0.2558,14957,406.4,0.2282,392,10.65,15,0.41,19,0.52,,,,,,,,,,,,,,,,,,,,,,,,3728,94,4321,89,-593,5,1,0,2,3,0,1,5725,145,7210,159,-1485,-14,1,0,2,4,0,1,7935,216,9736,233,-1801,-17,1,0,2,4,0,1,9910,273,12169,295,-2259,-22,1,0,2,4,0,1,1,1
lol-game-115548147900553467,partial,,LCK,2026,,0,2026-08-06 11:07:00,2,16.15.800.4844,10,Red,sup,Career,,Dplus KIA,,Lux,0,2208,0,4,3,7,17,,,0.1232,9066,246.4,0.1383,48,1.3,87,2.36,24,0.65,,,,,,,,,,,,,,,,,,,,,,,,2560,17,2849,21,-289,-4,0,1,1,0,3,0,3779,26,4158,27,-379,-1,0,1,1,0,4,0,4986,34,5351,29,-365,5,0,1,1,0,4,0,6241,41,6599,32,-358,9,0,1,1,0,4,0,1,1
lol-game-115548147900553467,partial,,LCK,2026,,0,2026-08-06 11:07:00,2,16.15.800.4844,,Red,team,,,Dplus KIA,,,0,2208,7,17,6,7,17,0.19,0.652,,65544,,,1394,,138,,91,,,,,,,3,2,3,2,1,0,0,0,2,0,0,0,0,2,3,10,0,1,17286,391,17454,360,-168,31,2,2,4,4,4,2,26088,599,26469,575,-381,24,3,2,5,5,6,3,35351,833,36704,819,-1353,14,3,2,5,5,6,3,43501,1019,46964,1024,-3463,-5,3,2,5,5,6,3,1,1
lol-game-115548147900553470,partial,,LCK,2026,,0,2026-08-07 08:00:00,1,,1,Blue,top,Kiin,,Gen.G Esports,,Shen,1,,3,0,3,11,0,,,,12131,,0.2036,0,,0,,0,,,,,,,,,,,,,,,,,,,,,,,,,,,,,,,,,,,,,,,,,,,,,,,,,,,,,,,,,,,,,,,,,,,,,,,,,1,0
lol-game-115548147900553470,partial,,LCK,2026,,0,2026-08-07 08:00:00,1,,2,Blue,jng,Canyon,,Gen.G Esports,,Nocturne,1,,3,0,4,11,0,,,,12392,,0.208,0,,0,,0,,,,,,,,,,,,,,,,,,,,,,,,,,,,,,,,,,,,,,,,,,,,,,,,,,,,,,,,,,,,,,,,,,,,,,,,,1,0
lol-game-115548147900553470,partial,,LCK,2026,,0,2026-08-07 08:00:00,1,,3,Blue,mid,Chovy,,Gen.G Esports,,Ryze,1,,1,0,9,11,0,,,,8288,,0.1391,0,,0,,0,,,,,,,,,,,,,,,,,,,,,,,,,,,,,,,,,,,,,,,,,,,,,,,,,,,,,,,,,,,,,,,,,,,,,,,,,1,0
lol-game-115548147900553470,partial,,LCK,2026,,0,2026-08-07 08:00:00,1,,4,Blue,bot,Ruler,,Gen.G Esports,,Kog'Maw,1,,2,0,4,11,0,,,,11956,,0.2006,0,,0,,0,,,,,,,,,,,,,,,,,,,,,,,,,,,,,,,,,,,,,,,,,,,,,,,,,,,,,,,,,,,,,,,,,,,,,,,,,1,0
lol-game-115548147900553470,partial,,LCK,2026,,0,2026-08-07 08:00:00,1,,5,Blue,sup,Duro,,Gen.G Esports,,Lulu,1,,2,0,8,11,0,,,,14824,,0.2488,0,,0,,0,,,,,,,,,,,,,,,,,,,,,,,,,,,,,,,,,,,,,,,,,,,,,,,,,,,,,,,,,,,,,,,,,,,,,,,,,1,0
lol-game-115548147900553470,partial,,LCK,2026,,0,2026-08-07 08:00:00,1,,,Blue,team,,,Gen.G Esports,,,1,,11,0,28,11,0,,,,59591,,,0,,0,,0,,,,,,,8,2,0,0,0,0,0,0,0,0,0,0,1,0,11,3,,,,,,,,,,,,,,,,,,,,,,,,,,,,,,,,,,,,,,,,,,,,,,,,,,,1,0
lol-game-115548147900553470,partial,,LCK,2026,,0,2026-08-07 08:00:00,1,,6,Red,top,PerfecT,,kt Rolster,,Rumble,0,,0,2,0,0,11,,,,10668,,0.235,0,,0,,0,,,,,,,,,,,,,,,,,,,,,,,,,,,,,,,,,,,,,,,,,,,,,,,,,,,,,,,,,,,,,,,,,,,,,,,,,1,0
lol-game-115548147900553470,partial,,LCK,2026,,0,2026-08-07 08:00:00,1,,7,Red,jng,Cuzz,,kt Rolster,,Vi,0,,0,2,0,0,11,,,,9681,,0.2132,0,,0,,0,,,,,,,,,,,,,,,,,,,,,,,,,,,,,,,,,,,,,,,,,,,,,,,,,,,,,,,,,,,,,,,,,,,,,,,,,1,0
lol-game-115548147900553470,partial,,LCK,2026,,0,2026-08-07 08:00:00,1,,8,Red,mid,Bdd,,kt Rolster,,Yone,0,,0,1,0,0,11,,,,6599,,0.1454,0,,0,,0,,,,,,,,,,,,,,,,,,,,,,,,,,,,,,,,,,,,,,,,,,,,,,,,,,,,,,,,,,,,,,,,,,,,,,,,,1,0
lol-game-115548147900553470,partial,,LCK,2026,,0,2026-08-07 08:00:00,1,,9,Red,bot,FenRir,,kt Rolster,,Lucian,0,,0,4,0,0,11,,,,9303,,0.2049,0,,0,,0,,,,,,,,,,,,,,,,,,,,,,,,,,,,,,,,,,,,,,,,,,,,,,,,,,,,,,,,,,,,,,,,,,,,,,,,,1,0
lol-game-115548147900553470,partial,,LCK,2026,,0,2026-08-07 08:00:00,1,,10,Red,sup,Effort,,kt Rolster,,Milio,0,,0,2,0,0,11,,,,9148,,0.2015,0,,0,,0,,,,,,,,,,,,,,,,,,,,,,,,,,,,,,,,,,,,,,,,,,,,,,,,,,,,,,,,,,,,,,,,,,,,,,,,,1,0
lol-game-115548147900553470,partial,,LCK,2026,,0,2026-08-07 08:00:00,1,,,Red,team,,,kt Rolster,,,0,,0,11,0,0,11,,,,45399,,,0,,0,,0,,,,,,,2,8,0,0,0,0,0,0,0,0,0,0,0,1,3,11,,,,,,,,,,,,,,,,,,,,,,,,,,,,,,,,,,,,,,,,,,,,,,,,,,,1,0
lol-game-115548147900553471,partial,,LCK,2026,,0,2026-08-07 09:05:00,2,16.15.800.4844,1,Blue,top,Kiin,,Gen.G Esports,,Olaf,1,1197,5,0,2,12,2,,,0.3029,12400,621.6,0.233,245,12.28,7,0.35,2,0.1,,,,,,,,,,,,,,,,,,,,,,,,6184,142,4791,123,1393,19,1,0,0,0,2,1,9029,198,6299,170,2730,28,2,1,0,0,2,1,,,,,,,,,,,,,,,,,,,,,,,,,1,1
lol-game-115548147900553471,partial,,LCK,2026,,0,2026-08-07 09:05:00,2,16.15.800.4844,2,Blue,jng,Canyon,,Gen.G Esports,,Lee Sin,1,1197,1,1,7,12,2,,,0.1202,10431,522.9,0.196,207,10.38,14,0.7,8,0.4,,,,,,,,,,,,,,,,,,,,,,,,5524,133,5267,109,257,24,0,1,1,1,1,0,8336,178,6652,137,1684,41,1,2,1,1,1,1,,,,,,,,,,,,,,,,,,,,,,,,,1,1
lol-game-115548147900553471,partial,,LCK,2026,,0,2026-08-07 09:05:00,2,16.15.800.4844,3,Blue,mid,Chovy,,Gen.G Esports,,Galio,1,1197,2,0,8,12,2,,,0.1503,11213,562.1,0.2107,257,12.88,10,0.5,9,0.45,,,,,,,,,,,,,,,,,,,,,,,,6280,164,5041,143,1239,21,1,1,0,0,2,1,8491,199,6961,208,1530,-9,1,4,0,0,2,1,,,,,,,,,,,,,,,,,,,,,,,,,1,1
lol-game-115548147900553471,partial,,LCK,2026,,0,2026-08-07 09:05:00,2,16.15.800.4844,4,Blue,bot,Ruler,,Gen.G Esports,,Ezreal,1,1197,4,0,5,12,2,,,0.3728,12528,628.0,0.2354,256,12.83,11,0.55,9,0.45,,,,,,,,,,,,,,,,,,,,,,,,6140,149,5921,125,219,24,1,1,0,1,0,1,9294,216,7513,165,1781,51,2,1,0,1,0,3,,,,,,,,,,,,,,,,,,,,,,,,,1,1
lol-game-115548147900553471,partial,,LCK,2026,,0,2026-08-07 09:05:00,2,16.15.800.4844,5,Blue,sup,Duro,,Gen.G Esports,,Leona,1,1197,0,1,9,12,2,,,0.0539,6638,332.7,0.1248,29,1.45,45,2.26,8,0.4,,,,,,,,,,,,,,,,,,,,,,,,3535,25,3508,28,27,-3,0,1,1,0,2,0,4871,27,4628,33,243,-6,0,3,1,0,2,0,,,,,,,,,,,,,,,,,,,,,,,,,1,1
lol-game-115548147900553471,partial,,LCK,2026,,0,2026-08-07 09:05:00,2,16.15.800.4844,,Blue,team,,,Gen.G Esports,,,1,1197,12,2,31,12,2,0.602,0.702,,53210,,,994,,87,,36,,,,,,,3,0,3,0,0,0,1,0,1,1,0,0,1,0,9,0,2,0,27663,613,24528,528,3135,85,3,4,2,2,7,3,40021,818,32053,713,7968,105,6,11,2,2,7,6,,,,,,,,,,,,,,,,,,,,,,,,,1,1
lol-game-115548147900553471,partial,,LCK,2026,,0,2026-08-07 09:05:00,2,16.15.800.4844,6,Red,top,PerfecT,,kt Rolster,,Zaahen,0,1197,0,2,2,2,12,,,0.2152,8018,401.9,0.2065,214,10.73,10,0.5,4,0.2,,,,,,,,,,,,,,,,,,,,,,,,4791,123,6184,142,-1393,-19,0,2,1,1,0,0,6299,170,9029,198,-2730,-28,0,2,1,2,1,0,,,,,,,,,,,,,,,,,,,,,,,,,1,1
lol-game-115548147900553471,partial,,LCK,2026,,0,2026-08-07 09:05:00,2,16.15.800.4844,7,Red,jng,Cuzz,,kt Rolster,,Skarner,0,1197,1,3,1,2,12,,,0.1824,7774,389.7,0.2003,154,7.72,9,0.45,8,0.4,,,,,,,,,,,,,,,,,,,,,,,,5267,109,5524,133,-257,-24,1,1,0,0,1,1,6652,137,8336,178,-1684,-41,1,1,1,1,2,1,,,,,,,,,,,,,,,,,,,,,,,,,1,1
lol-game-115548147900553471,partial,,LCK,2026,,0,2026-08-07 09:05:00,2,16.15.800.4844,8,Red,mid,Bdd,,kt Rolster,,Orianna,0,1197,0,1,2,2,12,,,0.2913,8503,426.2,0.219,250,12.53,14,0.7,4,0.2,,,,,,,,,,,,,,,,,,,,,,,,5041,143,6280,164,-1239,-21,0,2,1,1,1,0,6961,208,8491,199,-1530,9,0,2,1,1,4,0,,,,,,,,,,,,,,,,,,,,,,,,,1,1
lol-game-115548147900553471,partial,,LCK,2026,,0,2026-08-07 09:05:00,2,16.15.800.4844,9,Red,bot,FenRir,,kt Rolster,,Kai'Sa,0,1197,1,4,0,2,12,,,0.2426,8963,449.3,0.2309,205,10.28,8,0.4,3,0.15,,,,,,,,,,,,,,,,,,,,,,,,5921,125,6140,149,-219,-24,1,0,1,1,1,0,7513,165,9294,216,-1781,-51,1,0,3,2,1,0,,,,,,,,,,,,,,,,,,,,,,,,,1,1
lol-game-115548147900553471,partial,,LCK,2026,,0,2026-08-07 09:05:00,2,16.15.800.4844,10,Red,sup,Effort,,kt Rolster,,Nautilus,0,1197,0,2,2,2,12,,,0.0685,5561,278.7,0.1433,34,1.7,52,2.61,10,0.5,,,,,,,,,,,,,,,,,,,,,,,,3508,28,3535,25,-27,3,0,2,0,0,1,1,4628,33,4871,27,-243,6,0,2,0,0,3,1,,,,,,,,,,,,,,,,,,,,,,,,,1,1
lol-game-115548147900553471,partial,,LCK,2026,,0,2026-08-07 09:05:00,2,16.15.800.4844,,Red,team,,,kt Rolster,,,0,1197,2,12,7,2,12,0.1,0.702,,38819,,,857,,93,,29,,,,,,,0,3,0,3,0,0,0,0,0,0,0,0,0,1,0,9,0,2,24528,528,27663,613,-3135,-85,2,7,3,3,4,2,32053,713,40021,818,-7968,-105,2,7,6,6,11,2,,,,,,,,,,,,,,,,,,,,,,,,,1,1
lol-game-115548147900553474,partial,,LCK,2026,,0,2026-08-01 11:15:00,1,16.14.794.9266,1,Blue,top,Kiin,,Gen.G Esports,,Gnar,0,1709,4,6,4,14,21,,,0.3478,13569,476.4,0.2249,283,9.94,17,0.6,4,0.14,,,,,,,,,,,,,,,,,,,,,,,,4979,117,5675,134,-696,-17,0,1,3,1,3,1,7733,183,7298,176,435,7,1,2,3,1,3,2,9686,228,9002,220,684,8,2,2,3,1,4,3,12876,274,10772,258,2104,16,4,4,5,1,5,4,1,1
lol-game-115548147900553474,partial,,LCK,2026,,0,2026-08-01 11:15:00,1,16.14.794.9266,2,Blue,jng,Canyon,,Gen.G Esports,,Skarner,0,1709,1,4,5,14,21,,,0.1841,11902,417.9,0.1973,230,8.07,17,0.6,16,0.56,,,,,,,,,,,,,,,,,,,,,,,,4922,111,6510,123,-1588,-12,0,2,2,4,1,0,6998,164,8730,165,-1732,-1,0,2,2,4,2,0,8325,191,10905,207,-2580,-16,0,2,3,4,5,0,10059,220,14097,258,-4038,-38,0,5,4,5,10,0,1,1
lol-game-115548147900553474,partial,,LCK,2026,,0,2026-08-01 11:15:00,1,16.14.794.9266,3,Blue,mid,Chovy,,Gen.G Esports,,Locke,0,1709,7,4,1,14,21,,,0.2284,12710,446.2,0.2107,268,9.41,16,0.56,9,0.32,,,,,,,,,,,,,,,,,,,,,,,,5311,117,6206,151,-895,-34,3,0,1,2,1,2,7665,172,8991,223,-1326,-51,4,0,1,2,1,2,9323,222,11126,253,-1803,-31,4,0,2,3,2,2,11879,257,13243,266,-1364,-9,7,0,4,5,7,4,1,1
lol-game-115548147900553474,partial,,LCK,2026,,0,2026-08-01 11:15:00,1,16.14.794.9266,4,Blue,bot,Ruler,,Gen.G Esports,,Jhin,0,1709,0,3,5,14,21,,,0.1769,13369,469.4,0.2216,342,12.01,16,0.56,4,0.14,,,,,,,,,,,,,,,,,,,,,,,,5674,144,5516,149,158,-5,0,2,0,0,0,1,7668,201,8605,217,-937,-16,0,2,1,1,0,1,9703,257,11556,274,-1853,-17,0,2,2,2,1,1,12109,312,16311,342,-4202,-30,0,5,2,6,4,1,1,1
lol-game-115548147900553474,partial,,LCK,2026,,0,2026-08-01 11:15:00,1,16.14.794.9266,5,Blue,sup,Duro,,Gen.G Esports,,Shen,0,1709,2,4,7,14,21,,,0.0628,8782,308.3,0.1456,31,1.09,80,2.81,16,0.56,,,,,,,,,,,,,,,,,,,,,,,,4202,17,3916,35,286,-18,2,1,1,0,3,1,5574,24,5330,45,244,-21,2,2,1,0,4,2,6727,27,7011,50,-284,-23,2,3,1,1,6,2,7965,28,8330,56,-365,-28,2,6,3,1,8,4,1,1
lol-game-115548147900553474,partial,,LCK,2026,,0,2026-08-01 11:15:00,1,16.14.794.9266,,Blue,team,,,Gen.G Esports,,,0,1709,14,21,22,14,21,0.492,1.229,,60332,,,1154,,146,,49,,,,,,,1,4,1,4,1,0,0,0,0,0,0,0,0,2,2,8,0,1,25088,506,27823,592,-2735,-86,5,6,7,7,8,5,35638,744,38954,826,-3316,-82,7,8,8,8,10,7,43764,925,49600,1004,-5836,-79,8,9,11,11,18,8,54888,1091,62753,1180,-7865,-89,13,20,18,18,34,13,1,1
lol-game-115548147900553474,partial,,LCK,2026,,0,2026-08-01 11:15:00,1,16.14.794.9266,6,Red,top,Siwoo,,Dplus KIA,,Olaf,1,1709,2,4,5,21,14,,,0.1382,12727,446.8,0.1776,280,9.83,16,0.56,5,0.18,,,,,,,,,,,,,,,,,,,,,,,,5675,134,4979,117,696,17,1,3,1,0,1,3,7298,176,7733,183,-435,-7,1,3,2,1,2,3,9002,220,9686,228,-684,-8,1,4,3,2,2,3,10772,258,12876,274,-2104,-16,1,5,4,4,4,5,1,1
lol-game-115548147900553474,partial,,LCK,2026,,0,2026-08-01 11:15:00,1,16.14.794.9266,7,Red,jng,Lucid,,Dplus KIA,,Lee Sin,1,1709,5,1,13,21,14,,,0.1796,15752,553.0,0.2198,273,9.58,30,1.05,11,0.39,,,,,,,,,,,,,,,,,,,,,,,,6510,123,4922,111,1588,12,4,1,0,0,2,2,8730,165,6998,164,1732,1,4,2,0,0,2,2,10905,207,8325,191,2580,16,4,5,0,0,2,3,14097,258,10059,220,4038,38,5,10,0,0,5,4,1,1
lol-game-115548147900553474,partial,,LCK,2026,,0,2026-08-01 11:15:00,1,16.14.794.9266,8,Red,mid,ShowMaker,,Dplus KIA,,Cassiopeia,1,1709,6,4,8,21,14,,,0.2568,14668,515.0,0.2047,279,9.8,10,0.35,15,0.53,,,,,,,,,,,,,,,,,,,,,,,,6206,151,5311,117,895,34,2,1,2,3,0,1,8991,223,7665,172,1326,51,2,1,2,4,0,1,11126,253,9323,222,1803,31,3,2,2,4,0,2,13243,266,11879,257,1364,9,5,7,4,7,0,4,1,1
lol-game-115548147900553474,partial,,LCK,2026,,0,2026-08-01 11:15:00,1,16.14.794.9266,9,Red,bot,Smash,,Dplus KIA,,Corki,1,1709,7,1,6,21,14,,,0.3302,18861,662.2,0.2632,370,12.99,17,0.6,10,0.35,,,,,,,,,,,,,,,,,,,,,,,,5516,149,5674,144,-158,5,0,0,1,0,2,0,8605,217,7668,201,937,16,1,0,1,0,2,1,11556,274,9703,257,1853,17,2,1,1,0,2,2,16311,342,12109,312,4202,30,6,4,1,0,5,2,1,1
lol-game-115548147900553474,partial,,LCK,2026,,0,2026-08-01 11:15:00,1,16.14.794.9266,10,Red,sup,Career,,Dplus KIA,,Camille,1,1709,1,4,10,21,14,,,0.0952,9664,339.3,0.1348,62,2.18,69,2.42,30,1.05,,,,,,,,,,,,,,,,,,,,,,,,3916,35,4202,17,-286,18,0,3,1,2,1,1,5330,45,5574,24,-244,21,0,4,2,2,2,1,7011,50,6727,27,284,23,1,6,2,2,3,1,8330,56,7965,28,365,28,1,8,4,2,6,3,1,1
lol-game-115548147900553474,partial,,LCK,2026,,0,2026-08-01 11:15:00,1,16.14.794.9266,,Red,team,,,Dplus KIA,,,1,1709,21,14,42,21,14,0.737,1.229,,71672,,,1264,,142,,71,,,,,,,4,1,4,1,0,1,0,3,0,0,0,0,2,0,8,2,1,0,27823,592,25088,506,2735,86,7,8,5,5,6,7,38954,826,35638,744,3316,82,8,10,7,7,8,8,49600,1004,43764,925,5836,79,11,18,8,8,9,11,62753,1180,54888,1091,7865,89,18,34,13,13,20,18,1,1
lol-game-115548147900684634,partial,,LCK,2026,,0,2026-08-07 10:15:00,1,16.15.800.4844,1,Blue,top,Casting,,HANJIN BRION,,Jayce,1,2108,2,2,7,14,17,,,0.2525,15526,441.9,0.2042,365,10.39,25,0.71,12,0.34,,,,,,,,,,,,,,,,,,,,,,,,5008,127,4630,127,378,0,1,2,0,0,0,1,7460,183,6567,175,893,8,1,3,0,0,1,2,9135,234,8781,238,354,-4,1,3,0,1,2,2,11231,299,10703,271,528,28,1,3,1,2,3,2,1,1
lol-game-115548147900684634,partial,,LCK,2026,,0,2026-08-07 10:15:00,1,16.15.800.4844,2,Blue,jng,GIDEON,,HANJIN BRION,,Lee Sin,1,2108,2,3,6,14,17,,,0.1048,13941,396.8,0.1834,267,7.6,28,0.8,19,0.54,,,,,,,,,,,,,,,,,,,,,,,,4869,117,4873,102,-4,15,0,1,0,1,1,1,6966,153,6852,143,114,10,0,2,0,1,3,1,9000,193,8281,167,719,26,1,2,1,1,5,2,10725,218,10268,207,457,11,2,2,2,2,7,2,1,1
lol-game-115548147900684634,partial,,LCK,2026,,0,2026-08-07 10:15:00,1,16.15.800.4844,3,Blue,mid,Roamer,,HANJIN BRION,,Locke,1,2108,9,1,4,14,17,,,0.2647,19573,557.1,0.2574,357,10.16,11,0.31,18,0.51,,,,,,,,,,,,,,,,,,,,,,,,5445,128,5118,139,327,-11,2,2,0,1,1,0,8588,194,7303,201,1285,-7,4,2,0,1,2,0,10113,235,9353,242,760,-7,4,3,0,2,2,0,11881,286,10877,279,1004,7,4,3,0,2,4,0,1,1
lol-game-115548147900684634,partial,,LCK,2026,,0,2026-08-07 10:15:00,1,16.15.800.4844,4,Blue,bot,Teddy,,HANJIN BRION,,Corki,1,2108,1,2,9,14,17,,,0.3074,17660,502.7,0.2323,405,11.53,15,0.43,12,0.34,,,,,,,,,,,,,,,,,,,,,,,,5351,117,4822,127,529,-10,1,1,0,0,1,2,7690,176,7651,188,39,-12,1,2,1,2,1,2,10052,238,9844,248,208,-10,1,3,1,2,3,2,12725,305,12482,302,243,3,1,4,1,3,5,2,1,1
lol-game-115548147900684634,partial,,LCK,2026,,0,2026-08-07 10:15:00,1,16.15.800.4844,5,Blue,sup,Namgung,,HANJIN BRION,,Camille,1,2108,0,9,10,14,17,,,0.0706,9330,265.6,0.1227,40,1.14,87,2.48,17,0.48,,,,,,,,,,,,,,,,,,,,,,,,3147,15,3464,24,-317,-9,0,2,3,1,2,0,4638,20,4646,31,-8,-11,0,4,4,1,3,1,5708,23,5847,35,-139,-12,0,5,5,1,5,1,6810,27,6908,38,-98,-11,0,6,6,1,7,2,1,1
lol-game-115548147900684634,partial,,LCK,2026,,0,2026-08-07 10:15:00,1,16.15.800.4844,,Blue,team,,,HANJIN BRION,,,1,2108,14,17,36,14,17,0.398,0.882,,76030,,,1434,,166,,78,,,,,,,2,4,2,4,1,0,0,1,0,0,0,0,0,1,7,8,1,0,23820,504,22907,519,913,-15,4,8,3,3,5,4,35342,726,33019,738,2323,-12,6,13,5,5,10,6,44008,923,42106,930,1902,-7,7,16,7,7,17,7,53372,1135,51238,1097,2134,38,8,18,10,10,26,8,1,1
lol-game-115548147900684634,partial,,LCK,2026,,0,2026-08-07 10:15:00,1,16.15.800.4844,6,Red,top,Clear,,BNK FEARX,,K'Sante,0,2108,2,4,7,17,14,,,0.1024,14497,412.6,0.1994,335,9.54,24,0.68,11,0.31,,,,,,,,,,,,,,,,,,,,,,,,4630,127,5008,127,-378,0,0,0,1,1,2,0,6567,175,7460,183,-893,-8,0,1,2,1,3,0,8781,238,9135,234,-354,4,1,2,2,1,3,0,10703,271,11231,299,-528,-28,2,3,2,1,3,1,1,1
lol-game-115548147900684634,partial,,LCK,2026,,0,2026-08-07 10:15:00,1,16.15.800.4844,7,Red,jng,Raptor,,BNK FEARX,,Jarvan IV,0,2108,4,3,12,17,14,,,0.152,14291,406.8,0.1965,258,7.34,17,0.48,29,0.83,,,,,,,,,,,,,,,,,,,,,,,,4873,102,4869,117,4,-15,1,1,1,0,1,0,6852,143,6966,153,-114,-10,1,3,1,0,2,0,8281,167,9000,193,-719,-26,1,5,2,1,2,1,10268,207,10725,218,-457,-11,2,7,2,2,2,2,1,1
lol-game-115548147900684634,partial,,LCK,2026,,0,2026-08-07 10:15:00,1,16.15.800.4844,8,Red,mid,VicLa,,BNK FEARX,,Viktor,0,2108,5,1,8,17,14,,,0.4547,16240,462.2,0.2233,335,9.54,20,0.57,13,0.37,,,,,,,,,,,,,,,,,,,,,,,,5118,139,5445,128,-327,11,1,1,0,2,2,0,7303,201,8588,194,-1285,7,1,2,0,4,2,0,9353,242,10113,235,-760,7,2,2,0,4,3,0,10877,279,11881,286,-1004,-7,2,4,0,4,3,0,1,1
lol-game-115548147900684634,partial,,LCK,2026,,0,2026-08-07 10:15:00,1,16.15.800.4844,9,Red,bot,Taeyoon,,BNK FEARX,,Jhin,0,2108,5,3,10,17,14,,,0.2384,18022,513.0,0.2478,381,10.84,24,0.68,13,0.37,,,,,,,,,,,,,,,,,,,,,,,,4822,127,5351,117,-529,10,0,1,2,1,1,0,7651,188,7690,176,-39,12,2,1,2,1,2,1,9844,248,10052,238,-208,10,2,3,2,1,3,1,12482,302,12725,305,-243,-3,3,5,2,1,4,1,1,1
lol-game-115548147900684634,partial,,LCK,2026,,0,2026-08-07 10:15:00,1,16.15.800.4844,10,Red,sup,Kellin,,BNK FEARX,,Shen,0,2108,1,3,12,17,14,,,0.0524,9666,275.1,0.1329,42,1.2,88,2.5,21,0.6,,,,,,,,,,,,,,,,,,,,,,,,3464,24,3147,15,317,9,1,2,0,0,2,3,4646,31,4638,20,8,11,1,3,1,0,4,4,5847,35,5708,23,139,12,1,5,1,0,5,5,6908,38,6810,27,98,11,1,7,2,0,6,6,1,1
lol-game-115548147900684634,partial,,LCK,2026,,0,2026-08-07 10:15:00,1,16.15.800.4844,,Red,team,,,BNK FEARX,,,0,2108,17,14,49,17,14,0.484,0.882,,72716,,,1351,,173,,87,,,,,,,4,2,4,2,0,0,0,3,0,1,0,0,1,0,8,7,0,1,22907,519,23820,504,-913,15,3,5,4,4,8,3,33019,738,35342,726,-2323,12,5,10,6,6,13,5,42106,930,44008,923,-1902,7,7,17,7,7,16,7,51238,1097,53372,1135,-2134,-38,10,26,8,8,18,10,1,1
lol-game-115548147900684635,partial,,LCK,2026,,0,2026-08-07 11:15:00,2,16.15.800.4844,1,Blue,top,Casting,,HANJIN BRION,,Rumble,1,2033,1,2,10,25,15,,,0.258,13920,410.8,0.1768,298,8.79,24,0.71,2,0.06,,,,,,,,,,,,,,,,,,,,,,,,4714,125,3664,91,1050,34,0,1,0,0,0,1,6947,179,5304,138,1643,41,0,1,0,0,0,1,8609,215,7208,184,1401,31,0,2,0,0,1,2,10866,252,8454,212,2412,40,1,5,0,0,1,3,1,1
lol-game-115548147900684635,partial,,LCK,2026,,0,2026-08-07 11:15:00,2,16.15.800.4844,2,Blue,jng,GIDEON,,HANJIN BRION,,Pantheon,1,2033,8,3,11,25,15,,,0.2629,16870,497.9,0.2143,272,8.03,14,0.41,12,0.35,,,,,,,,,,,,,,,,,,,,,,,,4567,93,4385,100,182,-7,1,0,0,0,1,0,6716,146,6600,139,116,7,1,1,0,1,2,1,9010,185,9233,177,-223,8,2,4,1,2,2,3,11118,224,11387,212,-269,12,2,6,2,3,4,4,1,1
lol-game-115548147900684635,partial,,LCK,2026,,0,2026-08-07 11:15:00,2,16.15.800.4844,3,Blue,mid,Roamer,,HANJIN BRION,,Cassiopeia,1,2033,3,4,13,25,15,,,0.1365,13976,412.5,0.1775,265,7.82,18,0.53,9,0.27,,,,,,,,,,,,,,,,,,,,,,,,4232,122,4652,132,-420,-10,0,0,1,0,1,0,5803,164,7144,202,-1341,-38,0,0,2,1,2,0,7671,196,9452,257,-1781,-61,1,3,3,1,2,0,10071,226,11403,311,-1332,-85,2,6,3,1,3,0,1,1
lol-game-115548147900684635,partial,,LCK,2026,,0,2026-08-07 11:15:00,2,16.15.800.4844,4,Blue,bot,Teddy,,HANJIN BRION,,Kai'Sa,1,2033,12,3,5,25,15,,,0.278,23200,684.7,0.2947,381,11.24,14,0.41,6,0.18,,,,,,,,,,,,,,,,,,,,,,,,4991,128,5102,139,-111,-11,0,0,0,0,0,0,8044,187,6843,186,1201,1,1,1,1,0,0,1,11946,242,9031,237,2915,5,4,1,1,0,1,2,15131,274,12361,276,2770,-2,6,2,2,2,1,3,1,1
lol-game-115548147900684635,partial,,LCK,2026,,0,2026-08-07 11:15:00,2,16.15.800.4844,5,Blue,sup,Namgung,,HANJIN BRION,,Leona,1,2033,1,4,14,25,15,,,0.0646,10769,317.8,0.1368,48,1.42,80,2.36,30,0.89,,,,,,,,,,,,,,,,,,,,,,,,2634,19,3244,15,-610,4,0,0,0,1,0,0,4525,29,4469,20,56,9,1,1,0,1,1,0,6101,36,5671,24,430,12,1,6,0,1,1,1,7388,39,6926,25,462,14,1,6,1,1,4,2,1,1
lol-game-115548147900684635,partial,,LCK,2026,,0,2026-08-07 11:15:00,2,16.15.800.4844,,Blue,team,,,HANJIN BRION,,,1,2033,25,15,53,25,15,0.738,1.181,,78735,,,1264,,150,,59,,,,,,,4,1,4,1,1,0,0,3,0,0,0,0,2,0,9,3,1,0,21138,487,21047,477,91,10,1,1,1,1,2,1,32035,705,30360,685,1675,20,3,4,3,3,5,3,43337,874,40595,879,2742,-5,8,16,5,4,7,8,54574,1015,50531,1036,4043,-21,12,25,8,7,13,12,1,1
lol-game-115548147900684635,partial,,LCK,2026,,0,2026-08-07 11:15:00,2,16.15.800.4844,6,Red,top,Clear,,BNK FEARX,,Ambessa,0,2033,1,6,5,15,25,,,0.1353,11468,338.5,0.1699,266,7.85,19,0.56,9,0.27,,,,,,,,,,,,,,,,,,,,,,,,3664,91,4714,125,-1050,-34,0,0,1,0,1,0,5304,138,6947,179,-1643,-41,0,0,1,0,1,0,7208,184,8609,215,-1401,-31,0,1,2,0,2,0,8454,212,10866,252,-2412,-40,0,1,3,1,5,0,1,1
lol-game-115548147900684635,partial,,LCK,2026,,0,2026-08-07 11:15:00,2,16.15.800.4844,7,Red,jng,Raptor,,BNK FEARX,,Vi,0,2033,3,7,9,15,25,,,0.1615,13525,399.2,0.2004,236,6.97,13,0.38,21,0.62,,,,,,,,,,,,,,,,,,,,,,,,4385,100,4567,93,-182,7,0,1,0,1,0,0,6600,139,6716,146,-116,-7,1,2,1,1,1,0,9233,177,9010,185,223,-8,2,2,3,2,4,1,11387,212,11118,224,269,-12,3,4,4,2,6,2,1,1
lol-game-115548147900684635,partial,,LCK,2026,,0,2026-08-07 11:15:00,2,16.15.800.4844,8,Red,mid,VicLa,,BNK FEARX,,Syndra,0,2033,5,3,5,15,25,,,0.3527,15654,462.0,0.232,346,10.21,18,0.53,9,0.27,,,,,,,,,,,,,,,,,,,,,,,,4652,132,4232,122,420,10,0,1,0,0,0,1,7144,202,5803,164,1341,38,1,2,0,0,0,2,9452,257,7671,196,1781,61,1,2,0,1,3,3,11403,311,10071,226,1332,85,1,3,0,2,6,3,1,1
lol-game-115548147900684635,partial,,LCK,2026,,0,2026-08-07 11:15:00,2,16.15.800.4844,9,Red,bot,Taeyoon,,BNK FEARX,,Ziggs,0,2033,4,5,5,15,25,,,0.2958,17569,518.5,0.2603,342,10.09,17,0.5,8,0.24,,,,,,,,,,,,,,,,,,,,,,,,5102,139,4991,128,111,11,0,0,0,0,0,0,6843,186,8044,187,-1201,-1,0,0,1,1,1,1,9031,237,11946,242,-2915,-5,0,1,2,4,1,1,12361,276,15131,274,-2770,2,2,1,3,6,2,2,1,1
lol-game-115548147900684635,partial,,LCK,2026,,0,2026-08-07 11:15:00,2,16.15.800.4844,10,Red,sup,Kellin,,BNK FEARX,,Rell,0,2033,2,4,10,15,25,,,0.0548,9269,273.6,0.1373,27,0.8,93,2.74,16,0.47,,,,,,,,,,,,,,,,,,,,,,,,3244,15,2634,19,610,-4,1,0,0,0,0,0,4469,20,4525,29,-56,-9,1,1,0,1,1,0,5671,24,6101,36,-430,-12,1,1,1,1,6,0,6926,25,7388,39,-462,-14,1,4,2,1,6,1,1,1
lol-game-115548147900684635,partial,,LCK,2026,,0,2026-08-07 11:15:00,2,16.15.800.4844,,Red,team,,,BNK FEARX,,,0,2033,15,25,34,15,25,0.443,1.181,,67485,,,1217,,160,,63,,,,,,,1,4,1,4,0,0,0,0,1,0,0,0,0,2,3,9,0,1,21047,477,21138,487,-91,-10,1,2,1,1,1,1,30360,685,32035,705,-1675,-20,3,5,3,3,4,3,40595,879,43337,874,-2742,5,4,7,8,8,16,5,50531,1036,54574,1015,-4043,21,7,13,12,12,25,8,1,1
lol-game-115548147900684638,partial,,LCK,2026,,0,2026-07-31 10:35:00,1,16.14.794.9266,1,Blue,top,Frog,,KIWOOM DRX,,Ambessa,0,2042,1,6,1,10,24,,,0.1665,11853,348.3,0.1708,276,8.11,15,0.44,12,0.35,,,,,,,,,,,,,,,,,,,,,,,,5375,140,5921,169,-546,-29,1,0,1,0,1,0,6936,173,8358,213,-1422,-40,1,0,2,1,3,0,8249,203,10302,253,-2053,-50,1,0,3,1,6,0,9318,219,12381,297,-3063,-78,1,0,5,1,7,0,1,1
lol-game-115548147900684638,partial,,LCK,2026,,0,2026-07-31 10:35:00,1,16.14.794.9266,2,Blue,jng,Willer,,KIWOOM DRX,,Naafiri,0,2042,2,3,2,10,24,,,0.1846,14993,440.5,0.2161,311,9.14,13,0.38,21,0.62,,,,,,,,,,,,,,,,,,,,,,,,5979,134,7064,140,-1085,-6,1,0,0,4,0,1,7759,169,9708,174,-1949,-5,1,0,1,6,2,1,9597,203,11724,211,-2127,-8,1,1,2,7,5,1,11791,247,13803,228,-2012,19,1,2,2,7,10,2,1,1
lol-game-115548147900684638,partial,,LCK,2026,,0,2026-07-31 10:35:00,1,16.14.794.9266,3,Blue,mid,Ucal,,KIWOOM DRX,,Cassiopeia,0,2042,6,3,2,10,24,,,0.3542,17180,504.8,0.2476,391,11.49,12,0.35,8,0.24,,,,,,,,,,,,,,,,,,,,,,,,6393,185,6259,185,134,0,1,1,0,0,1,1,8476,245,8326,241,150,4,1,1,0,0,4,1,11363,292,10203,276,1160,16,3,2,0,1,6,3,13996,319,11775,300,2221,19,5,2,1,1,7,3,1,1
lol-game-115548147900684638,partial,,LCK,2026,,0,2026-07-31 10:35:00,1,16.14.794.9266,4,Blue,bot,Aiming,,KIWOOM DRX,,Jhin,0,2042,1,5,4,10,24,,,0.2245,16784,493.2,0.2419,420,12.34,21,0.62,8,0.24,,,,,,,,,,,,,,,,,,,,,,,,6571,179,6763,172,-192,7,0,1,1,0,2,0,8567,240,9711,235,-1144,5,0,1,2,1,4,0,11272,296,12771,294,-1499,2,1,2,2,3,6,0,12678,325,17671,358,-4993,-33,1,2,3,8,6,0,1,1
lol-game-115548147900684638,partial,,LCK,2026,,0,2026-07-31 10:35:00,1,16.14.794.9266,5,Blue,sup,Andil,,KIWOOM DRX,,Nautilus,0,2042,0,7,5,10,24,,,0.0702,8574,251.9,0.1236,27,0.79,88,2.59,6,0.18,,,,,,,,,,,,,,,,,,,,,,,,3466,23,4081,30,-615,-7,0,1,2,0,4,1,4513,25,5398,34,-885,-9,0,1,3,0,7,1,5596,26,6552,39,-956,-13,0,1,5,0,8,2,6716,26,7965,45,-1249,-19,0,3,6,0,8,3,1,1
lol-game-115548147900684638,partial,,LCK,2026,,0,2026-07-31 10:35:00,1,16.14.794.9266,,Blue,team,,,KIWOOM DRX,,,0,2042,10,24,14,10,24,0.294,0.999,,69384,,,1425,,149,,55,,,,,,,2,4,2,4,0,0,0,1,0,1,0,0,0,2,3,10,0,3,27784,661,30088,696,-2304,-35,3,3,4,4,8,3,36251,852,41501,897,-5250,-45,3,3,8,8,20,3,46077,1020,51552,1073,-5475,-53,6,6,12,12,31,6,54499,1136,63595,1228,-9096,-92,8,9,17,17,38,8,1,1
lol-game-115548147900684638,partial,,LCK,2026,,0,2026-07-31 10:35:00,1,16.14.794.9266,6,Red,top,Casting,,HANJIN BRION,,Rumble,1,2042,2,0,11,24,10,,,0.2499,15771,463.4,0.1867,340,9.99,27,0.79,4,0.12,,,,,,,,,,,,,,,,,,,,,,,,5921,169,5375,140,546,29,0,1,0,1,0,1,8358,213,6936,173,1422,40,1,3,0,1,0,2,10302,253,8249,203,2053,50,1,6,0,1,0,3,12381,297,9318,219,3063,78,1,7,0,1,0,5,1,1
lol-game-115548147900684638,partial,,LCK,2026,,0,2026-07-31 10:35:00,1,16.14.794.9266,7,Red,jng,GIDEON,,HANJIN BRION,,Jarvan IV,1,2042,7,2,16,24,10,,,0.1643,17365,510.2,0.2056,284,8.34,17,0.5,7,0.21,,,,,,,,,,,,,,,,,,,,,,,,7064,140,5979,134,1085,6,4,0,1,1,0,0,9708,174,7759,169,1949,5,6,2,1,1,0,1,11724,211,9597,203,2127,8,7,5,1,1,1,2,13803,228,11791,247,2012,-19,7,10,2,1,2,2,1,1
lol-game-115548147900684638,partial,,LCK,2026,,0,2026-07-31 10:35:00,1,16.14.794.9266,8,Red,mid,Roamer,,HANJIN BRION,,Syndra,1,2042,2,4,11,24,10,,,0.1974,15492,455.2,0.1834,368,10.81,19,0.56,10,0.29,,,,,,,,,,,,,,,,,,,,,,,,6259,185,6393,185,-134,0,0,1,1,1,1,0,8326,241,8476,245,-150,-4,0,4,1,1,1,0,10203,276,11363,292,-1160,-16,1,6,3,3,2,0,11775,300,13996,319,-2221,-19,1,7,3,5,2,1,1,1
lol-game-115548147900684638,partial,,LCK,2026,,0,2026-07-31 10:35:00,1,16.14.794.9266,9,Red,bot,Teddy,,HANJIN BRION,,Corki,1,2042,12,0,8,24,10,,,0.3139,25180,739.9,0.2981,456,13.4,12,0.35,10,0.29,,,,,,,,,,,,,,,,,,,,,,,,6763,172,6571,179,192,-7,0,2,0,0,1,1,9711,235,8567,240,1144,-5,1,4,0,0,1,2,12771,294,11272,296,1499,-2,3,6,0,1,2,2,17671,358,12678,325,4993,33,8,6,0,1,2,3,1,1
lol-game-115548147900684638,partial,,LCK,2026,,0,2026-07-31 10:35:00,1,16.14.794.9266,10,Red,sup,Namgung,,HANJIN BRION,,Camille,1,2042,1,4,10,24,10,,,0.0745,10657,313.1,0.1262,53,1.56,96,2.82,30,0.88,,,,,,,,,,,,,,,,,,,,,,,,4081,30,3466,23,615,7,0,4,1,0,1,2,5398,34,4513,25,885,9,0,7,1,0,1,3,6552,39,5596,26,956,13,0,8,2,0,1,5,7965,45,6716,26,1249,19,0,8,3,0,3,6,1,1
lol-game-115548147900684638,partial,,LCK,2026,,0,2026-07-31 10:35:00,1,16.14.794.9266,,Red,team,,,HANJIN BRION,,,1,2042,24,10,56,24,10,0.705,0.999,,84465,,,1501,,171,,61,,,,,,,4,2,4,2,0,0,1,3,0,0,0,0,2,0,10,3,3,0,30088,696,27784,661,2304,35,4,8,3,3,3,4,41501,897,36251,852,5250,45,8,20,3,3,3,8,51552,1073,46077,1020,5475,53,12,31,6,6,6,12,63595,1228,54499,1136,9096,92,17,38,8,8,9,17,1,1
lol-game-115548147900684639,partial,,LCK,2026,,0,2026-07-31 11:35:00,2,16.14.794.9266,1,Blue,top,Frog,,KIWOOM DRX,,Yorick,1,1956,0,1,5,12,7,,,0.2387,12863,394.6,0.1883,300,9.2,20,0.61,6,0.18,,,,,,,,,,,,,,,,,,,,,,,,4478,128,4676,125,-198,3,0,0,0,0,0,0,6302,184,6526,182,-224,2,0,0,0,0,0,0,7757,222,8516,240,-759,-18,0,0,1,0,1,0,9378,267,10718,278,-1340,-11,0,1,1,1,1,1,1,1
lol-game-115548147900684639,partial,,LCK,2026,,0,2026-07-31 11:35:00,2,16.14.794.9266,2,Blue,jng,Willer,,KIWOOM DRX,,Pantheon,1,1956,2,3,4,12,7,,,0.1276,13074,401.0,0.1914,238,7.3,12,0.37,12,0.37,,,,,,,,,,,,,,,,,,,,,,,,5113,110,5111,99,2,11,1,0,0,2,0,1,6853,144,7246,144,-393,0,1,1,0,3,0,2,8357,172,9155,174,-798,-2,1,2,1,4,1,2,10449,210,11228,222,-779,-12,2,2,2,4,2,2,1,1
lol-game-115548147900684639,partial,,LCK,2026,,0,2026-07-31 11:35:00,2,16.14.794.9266,3,Blue,mid,Ucal,,KIWOOM DRX,,Annie,1,1956,4,0,5,12,7,,,0.2227,14508,445.0,0.2124,311,9.54,12,0.37,6,0.18,,,,,,,,,,,,,,,,,,,,,,,,5236,138,4466,125,770,13,1,1,0,0,0,1,7200,198,6281,178,919,20,1,2,0,0,0,1,8418,226,8358,209,60,17,1,2,0,1,1,2,10017,266,10405,262,-388,4,1,3,0,1,1,2,1,1
lol-game-115548147900684639,partial,,LCK,2026,,0,2026-07-31 11:35:00,2,16.14.794.9266,4,Blue,bot,Aiming,,KIWOOM DRX,,Ezreal,1,1956,5,2,5,12,7,,,0.3766,17997,552.1,0.2635,362,11.1,16,0.49,17,0.52,,,,,,,,,,,,,,,,,,,,,,,,5200,123,4740,116,460,7,0,1,1,0,2,1,7907,186,7072,189,835,-3,1,1,2,0,3,1,10368,242,9077,247,1291,-5,2,1,2,0,3,1,12827,310,11585,313,1242,-3,2,2,2,0,4,1,1,1
lol-game-115548147900684639,partial,,LCK,2026,,0,2026-07-31 11:35:00,2,16.14.794.9266,5,Blue,sup,Andil,,KIWOOM DRX,,Karma,1,1956,1,1,10,12,7,,,0.0344,9866,302.6,0.1444,32,0.98,76,2.33,13,0.4,,,,,,,,,,,,,,,,,,,,,,,,3740,22,3347,28,393,-6,1,1,1,0,2,0,5054,25,4474,32,580,-7,1,2,1,0,3,0,6238,28,5598,34,640,-6,1,3,1,0,4,0,7339,30,6832,39,507,-9,1,4,1,0,5,0,1,1
lol-game-115548147900684639,partial,,LCK,2026,,0,2026-07-31 11:35:00,2,16.14.794.9266,,Blue,team,,,KIWOOM DRX,,,1,1956,12,7,29,12,7,0.368,0.583,,68308,,,1243,,136,,54,,,,,,,3,2,3,2,0,1,0,1,1,0,0,0,1,0,11,2,2,0,23767,521,22340,493,1427,28,3,3,2,2,4,3,33316,737,31599,725,1717,12,4,6,3,3,6,4,41138,890,40704,904,434,-14,5,8,5,5,10,5,50010,1083,50768,1114,-758,-31,6,12,6,6,13,6,1,1
lol-game-115548147900684639,partial,,LCK,2026,,0,2026-07-31 11:35:00,2,16.14.794.9266,6,Red,top,Casting,,HANJIN BRION,,Anivia,0,1956,1,2,2,7,12,,,0.1944,12692,389.3,0.2036,315,9.66,23,0.71,10,0.31,,,,,,,,,,,,,,,,,,,,,,,,4676,125,4478,128,198,-3,0,0,0,0,0,0,6526,182,6302,184,224,-2,0,0,0,0,0,0,8516,240,7757,222,759,18,0,1,0,0,0,1,10718,278,9378,267,1340,11,1,1,1,0,1,1,1,1
lol-game-115548147900684639,partial,,LCK,2026,,0,2026-07-31 11:35:00,2,16.14.794.9266,7,Red,jng,GIDEON,,HANJIN BRION,,Lee Sin,0,1956,4,2,3,7,12,,,0.1374,13355,409.7,0.2143,262,8.04,22,0.67,9,0.28,,,,,,,,,,,,,,,,,,,,,,,,5111,99,5113,110,-2,-11,2,0,1,1,0,0,7246,144,6853,144,393,0,3,0,2,1,1,0,9155,174,8357,172,798,2,4,1,2,1,2,1,11228,222,10449,210,779,12,4,2,2,2,2,2,1,1
lol-game-115548147900684639,partial,,LCK,2026,,0,2026-07-31 11:35:00,2,16.14.794.9266,8,Red,mid,Roamer,,HANJIN BRION,,Aurora,0,1956,1,5,2,7,12,,,0.3294,12665,388.5,0.2032,307,9.42,9,0.28,10,0.31,,,,,,,,,,,,,,,,,,,,,,,,4466,125,5236,138,-770,-13,0,0,1,1,1,0,6281,178,7200,198,-919,-20,0,0,1,1,2,0,8358,209,8418,226,-60,-17,1,1,2,1,2,0,10405,262,10017,266,388,-4,1,1,2,1,3,0,1,1
lol-game-115548147900684639,partial,,LCK,2026,,0,2026-07-31 11:35:00,2,16.14.794.9266,9,Red,bot,Teddy,,HANJIN BRION,,Lucian,0,1956,1,3,4,7,12,,,0.2919,15221,466.9,0.2442,389,11.93,14,0.43,16,0.49,,,,,,,,,,,,,,,,,,,,,,,,4740,116,5200,123,-460,-7,0,2,1,0,1,1,7072,189,7907,186,-835,3,0,3,1,1,1,2,9077,247,10368,242,-1291,5,0,3,1,2,1,2,11585,313,12827,310,-1242,3,0,4,1,2,2,2,1,1
lol-game-115548147900684639,partial,,LCK,2026,,0,2026-07-31 11:35:00,2,16.14.794.9266,10,Red,sup,Namgung,,HANJIN BRION,,Milio,0,1956,0,0,6,7,12,,,0.047,8392,257.4,0.1346,44,1.35,74,2.27,19,0.58,,,,,,,,,,,,,,,,,,,,,,,,3347,28,3740,22,-393,6,0,2,0,1,1,1,4474,32,5054,25,-580,7,0,3,0,1,2,1,5598,34,6238,28,-640,6,0,4,0,1,3,1,6832,39,7339,30,-507,9,0,5,0,1,4,1,1,1
lol-game-115548147900684639,partial,,LCK,2026,,0,2026-07-31 11:35:00,2,16.14.794.9266,,Red,team,,,HANJIN BRION,,,0,1956,7,12,17,7,12,0.215,0.583,,62325,,,1317,,142,,64,,,,,,,2,3,2,3,0,0,0,2,0,0,0,0,0,1,2,11,0,2,22340,493,23767,521,-1427,-28,2,4,3,3,3,2,31599,725,33316,737,-1717,-12,3,6,4,4,6,3,40704,904,41138,890,-434,14,5,10,5,5,8,5,50768,1114,50010,1083,758,31,6,13,6,6,12,6,1,1
lol-game-115548147900684640,partial,,LCK,2026,,0,2026-07-31 12:35:00,3,16.14.794.9266,1,Blue,top,Frog,,KIWOOM DRX,,Gnar,1,1669,3,0,6,13,4,,,0.2166,12289,441.8,0.192,286,10.28,17,0.61,11,0.4,,,,,,,,,,,,,,,,,,,,,,,,4586,129,4754,135,-168,-6,0,0,0,0,0,0,6666,186,6929,197,-263,-11,0,0,0,0,0,0,8236,231,8678,254,-442,-23,0,0,0,0,0,0,10577,268,10618,300,-41,-32,2,2,0,1,1,1,1,1
lol-game-115548147900684640,partial,,LCK,2026,,0,2026-07-31 12:35:00,3,16.14.794.9266,2,Blue,jng,Willer,,KIWOOM DRX,,Nocturne,1,1669,0,1,8,13,4,,,0.1401,11666,419.4,0.1823,235,8.45,7,0.25,19,0.68,,,,,,,,,,,,,,,,,,,,,,,,5129,124,4679,105,450,19,0,1,0,0,0,1,7094,158,6889,158,205,0,0,2,0,0,1,1,8920,200,9126,208,-206,-8,0,2,0,1,1,1,10349,222,11176,238,-827,-16,0,4,1,2,1,1,1,1
lol-game-115548147900684640,partial,,LCK,2026,,0,2026-07-31 12:35:00,3,16.14.794.9266,3,Blue,mid,Ucal,,KIWOOM DRX,,Ryze,1,1669,6,0,6,13,4,,,0.2034,13835,497.4,0.2162,312,11.22,15,0.54,8,0.29,,,,,,,,,,,,,,,,,,,,,,,,5181,139,5045,149,136,-10,1,1,0,0,0,0,7451,187,6979,193,472,-6,2,1,0,0,1,0,9075,234,8795,250,280,-16,2,1,0,0,2,0,11632,281,10143,276,1489,5,4,4,0,0,3,2,1,1
lol-game-115548147900684640,partial,,LCK,2026,,0,2026-07-31 12:35:00,3,16.14.794.9266,4,Blue,bot,Aiming,,KIWOOM DRX,,Sivir,1,1669,3,0,8,13,4,,,0.3712,17448,627.2,0.2726,372,13.37,17,0.61,10,0.36,,,,,,,,,,,,,,,,,,,,,,,,6477,149,4281,114,2196,35,0,1,0,0,0,1,8951,212,6981,176,1970,36,0,2,0,1,0,1,11264,276,8958,228,2306,48,0,2,0,1,1,1,14156,331,10914,277,3242,54,1,5,0,1,2,2,1,1
lol-game-115548147900684640,partial,,LCK,2026,,0,2026-07-31 12:35:00,3,16.14.794.9266,5,Blue,sup,Andil,,KIWOOM DRX,,Shen,1,1669,1,3,11,13,4,,,0.0688,8767,315.2,0.137,48,1.73,57,2.05,27,0.97,,,,,,,,,,,,,,,,,,,,,,,,3622,29,3168,26,454,3,1,0,0,0,0,0,4930,35,4300,28,630,7,1,1,1,0,1,1,6069,38,5368,29,701,9,1,1,2,0,2,1,7558,45,6420,32,1138,13,1,6,3,0,2,2,1,1
lol-game-115548147900684640,partial,,LCK,2026,,0,2026-07-31 12:35:00,3,16.14.794.9266,,Blue,team,,,KIWOOM DRX,,,1,1669,13,4,39,13,4,0.467,0.611,,64005,,,1253,,113,,75,,,,,,,3,1,3,1,1,1,0,1,0,0,0,0,0,0,7,1,1,0,24995,570,21927,529,3068,41,2,3,0,0,0,2,35092,778,32078,752,3014,26,3,6,1,1,3,3,43564,979,40925,969,2639,10,3,6,2,2,6,3,54272,1147,49271,1123,5001,24,8,21,4,4,9,8,1,1
lol-game-115548147900684640,partial,,LCK,2026,,0,2026-07-31 12:35:00,3,16.14.794.9266,6,Red,top,Casting,,HANJIN BRION,,Renekton,0,1669,1,2,1,4,13,,,0.2271,11490,413.1,0.2157,318,11.43,22,0.79,7,0.25,,,,,,,,,,,,,,,,,,,,,,,,4754,135,4586,129,168,6,0,0,0,0,0,0,6929,197,6666,186,263,11,0,0,0,0,0,0,8678,254,8236,231,442,23,0,0,0,0,0,0,10618,300,10577,268,41,32,1,1,1,2,2,0,1,1
lol-game-115548147900684640,partial,,LCK,2026,,0,2026-07-31 12:35:00,3,16.14.794.9266,7,Red,jng,GIDEON,,HANJIN BRION,,Vi,0,1669,2,2,1,4,13,,,0.1102,11761,422.8,0.2208,246,8.84,8,0.29,7,0.25,,,,,,,,,,,,,,,,,,,,,,,,4679,105,5129,124,-450,-19,0,0,1,0,1,0,6889,158,7094,158,-205,0,0,1,1,0,2,0,9126,208,8920,200,206,8,1,1,1,0,2,0,11176,238,10349,222,827,16,2,1,1,0,4,1,1,1
lol-game-115548147900684640,partial,,LCK,2026,,0,2026-07-31 12:35:00,3,16.14.794.9266,8,Red,mid,Roamer,,HANJIN BRION,,Taliyah,0,1669,0,3,3,4,13,,,0.306,11058,397.5,0.2076,303,10.89,16,0.58,10,0.36,,,,,,,,,,,,,,,,,,,,,,,,5045,149,5181,139,-136,10,0,0,0,1,1,0,6979,193,7451,187,-472,6,0,1,0,2,1,0,8795,250,9075,234,-280,16,0,2,0,2,1,0,10143,276,11632,281,-1489,-5,0,3,2,4,4,0,1,1
lol-game-115548147900684640,partial,,LCK,2026,,0,2026-07-31 12:35:00,3,16.14.794.9266,9,Red,bot,Teddy,,HANJIN BRION,,Viktor,0,1669,1,3,2,4,13,,,0.2947,11965,430.1,0.2246,303,10.89,11,0.4,11,0.4,,,,,,,,,,,,,,,,,,,,,,,,4281,114,6477,149,-2196,-35,0,0,1,0,1,0,6981,176,8951,212,-1970,-36,1,0,1,0,2,0,8958,228,11264,276,-2306,-48,1,1,1,0,2,0,10914,277,14156,331,-3242,-54,1,2,2,1,5,0,1,1
lol-game-115548147900684640,partial,,LCK,2026,,0,2026-07-31 12:35:00,3,16.14.794.9266,10,Red,sup,Namgung,,HANJIN BRION,,Alistar,0,1669,0,3,2,4,13,,,0.062,6999,251.6,0.1314,33,1.19,71,2.55,9,0.32,,,,,,,,,,,,,,,,,,,,,,,,3168,26,3622,29,-454,-3,0,0,0,1,0,0,4300,28,4930,35,-630,-7,0,1,1,1,1,1,5368,29,6069,38,-701,-9,0,2,1,1,1,2,6420,32,7558,45,-1138,-13,0,2,2,1,6,3,1,1
lol-game-115548147900684640,partial,,LCK,2026,,0,2026-07-31 12:35:00,3,16.14.794.9266,,Red,team,,,HANJIN BRION,,,0,1669,4,13,9,4,13,0.144,0.611,,53273,,,1203,,128,,44,,,,,,,1,3,1,3,1,0,0,0,0,0,0,0,0,0,1,7,0,1,21927,529,24995,570,-3068,-41,0,0,2,2,3,0,32078,752,35092,778,-3014,-26,1,3,3,3,6,1,40925,969,43564,979,-2639,-10,2,6,3,3,6,2,49271,1123,54272,1147,-5001,-24,4,9,8,8,21,4,1,1
lol-game-115548147900684642,partial,,LCK,2026,,0,2026-08-05 08:05:00,1,16.15.800.4844,1,Blue,top,Kingen,,NONGSHIM RED FORCE,,Olaf,0,2423,4,7,7,20,32,,,0.1829,15656,387.7,0.2063,329,8.15,14,0.35,9,0.22,,,,,,,,,,,,,,,,,,,,,,,,3276,84,3717,100,-441,-16,0,0,0,0,0,0,4692,126,5741,154,-1049,-28,0,0,1,1,0,0,6674,191,7418,206,-744,-15,0,0,1,1,0,0,8792,234,9298,255,-506,-21,1,2,1,1,1,1,1,1
lol-game-115548147900684642,partial,,LCK,2026,,0,2026-08-05 08:05:00,1,16.15.800.4844,2,Blue,jng,Sponge,,NONGSHIM RED FORCE,,Lee Sin,0,2423,4,6,9,20,32,,,0.1311,14532,359.9,0.1915,265,6.56,36,0.89,10,0.25,,,,,,,,,,,,,,,,,,,,,,,,3636,73,3766,72,-130,1,1,0,1,1,1,0,5162,110,5655,123,-493,-13,1,0,1,1,1,0,6952,148,7283,161,-331,-13,1,2,1,1,1,0,8772,188,8842,178,-70,10,1,3,2,1,5,1,1,1
lol-game-115548147900684642,partial,,LCK,2026,,0,2026-08-05 08:05:00,1,16.15.800.4844,3,Blue,mid,Scout,,NONGSHIM RED FORCE,,Anivia,0,2423,7,6,8,20,32,,,0.2475,16131,399.4,0.2126,338,8.37,18,0.45,11,0.27,,,,,,,,,,,,,,,,,,,,,,,,3891,91,3322,72,569,19,1,1,1,1,1,2,5719,142,5045,114,674,28,1,1,1,2,1,2,8420,218,7030,175,1390,43,1,3,1,2,1,3,10963,264,10783,208,180,56,3,5,2,6,1,4,1,1
lol-game-115548147900684642,partial,,LCK,2026,,0,2026-08-05 08:05:00,1,16.15.800.4844,4,Blue,bot,Diable,,NONGSHIM RED FORCE,,Jhin,0,2423,4,4,9,20,32,,,0.3201,19124,473.6,0.252,386,9.56,24,0.59,9,0.22,,,,,,,,,,,,,,,,,,,,,,,,3637,101,3586,98,51,3,0,0,0,0,0,0,6158,166,6094,160,64,6,0,0,0,0,0,0,9345,224,8251,226,1094,-2,2,0,0,0,0,0,11650,261,10763,287,887,-26,2,4,1,0,2,0,1,1
lol-game-115548147900684642,partial,,LCK,2026,,0,2026-08-05 08:05:00,1,16.15.800.4844,5,Blue,sup,Lehends,,NONGSHIM RED FORCE,,Camille,0,2423,1,9,12,20,32,,,0.1183,10441,258.5,0.1376,38,0.94,92,2.28,25,0.62,,,,,,,,,,,,,,,,,,,,,,,,2594,8,2262,11,332,-3,0,2,0,0,1,0,3529,13,3547,20,-18,-7,0,2,1,0,2,0,4846,17,4671,26,175,-9,0,4,1,0,2,1,6728,26,6176,33,552,-7,1,7,2,0,5,2,1,1
lol-game-115548147900684642,partial,,LCK,2026,,0,2026-08-05 08:05:00,1,16.15.800.4844,,Blue,team,,,NONGSHIM RED FORCE,,,0,2423,20,32,45,20,32,0.495,1.288,,75884,,,1356,,184,,64,,,,,,,1,5,1,4,1,0,0,0,0,0,0,1,0,3,3,9,0,2,17034,357,16653,353,381,4,2,3,2,2,3,2,25260,557,26082,571,-822,-14,2,3,4,4,4,2,36237,798,34653,794,1584,4,4,9,4,4,4,4,46905,973,45862,961,1043,12,8,21,8,8,14,8,1,1
lol-game-115548147900684642,partial,,LCK,2026,,0,2026-08-05 08:05:00,1,16.15.800.4844,6,Red,top,Casting,,HANJIN BRION,,Ambessa,1,2423,6,1,12,32,20,,,0.2218,17974,445.1,0.2049,338,8.37,24,0.59,5,0.12,,,,,,,,,,,,,,,,,,,,,,,,3717,100,3276,84,441,16,0,0,0,0,0,0,5741,154,4692,126,1049,28,1,0,0,0,0,1,7418,206,6674,191,744,15,1,0,0,0,0,1,9298,255,8792,234,506,21,1,1,1,1,2,1,1,1
lol-game-115548147900684642,partial,,LCK,2026,,0,2026-08-05 08:05:00,1,16.15.800.4844,7,Red,jng,GIDEON,,HANJIN BRION,,Skarner,1,2423,5,2,23,32,20,,,0.2096,16699,413.5,0.1903,262,6.49,11,0.27,19,0.47,,,,,,,,,,,,,,,,,,,,,,,,3766,72,3636,73,130,-1,1,1,0,1,0,1,5655,123,5162,110,493,13,1,1,0,1,0,1,7283,161,6952,148,331,13,1,1,0,1,2,1,8842,178,8772,188,70,-10,1,5,1,1,3,2,1,1
lol-game-115548147900684642,partial,,LCK,2026,,0,2026-08-05 08:05:00,1,16.15.800.4844,8,Red,mid,Roamer,,HANJIN BRION,,Cassiopeia,1,2423,9,7,14,32,20,,,0.2735,18123,448.8,0.2066,314,7.78,16,0.4,7,0.17,,,,,,,,,,,,,,,,,,,,,,,,3322,72,3891,91,-569,-19,1,1,2,1,1,1,5045,114,5719,142,-674,-28,2,1,2,1,1,1,7030,175,8420,218,-1390,-43,2,1,3,1,3,1,10783,208,10963,264,-180,-56,6,1,4,3,5,2,1,1
lol-game-115548147900684642,partial,,LCK,2026,,0,2026-08-05 08:05:00,1,16.15.800.4844,9,Red,bot,Teddy,,HANJIN BRION,,Corki,1,2423,12,3,8,32,20,,,0.2471,23768,588.6,0.2709,410,10.15,13,0.32,15,0.37,,,,,,,,,,,,,,,,,,,,,,,,3586,98,3637,101,-51,-3,0,0,0,0,0,0,6094,160,6158,166,-64,-6,0,0,0,0,0,0,8251,226,9345,224,-1094,2,0,0,0,2,0,0,10763,287,11650,261,-887,26,0,2,0,2,4,1,1,1
lol-game-115548147900684642,partial,,LCK,2026,,0,2026-08-05 08:05:00,1,16.15.800.4844,10,Red,sup,Namgung,,HANJIN BRION,,Shen,1,2423,0,7,21,32,20,,,0.0481,11176,276.7,0.1274,45,1.11,78,1.93,31,0.77,,,,,,,,,,,,,,,,,,,,,,,,2262,11,2594,8,-332,3,0,1,0,0,2,0,3547,20,3529,13,18,7,0,2,0,0,2,1,4671,26,4846,17,-175,9,0,2,1,0,4,1,6176,33,6728,26,-552,7,0,5,2,1,7,2,1,1
lol-game-115548147900684642,partial,,LCK,2026,,0,2026-08-05 08:05:00,1,16.15.800.4844,,Red,team,,,HANJIN BRION,,,1,2423,32,20,78,32,20,0.792,1.288,,87740,,,1369,,142,,77,,,,,,,5,1,4,1,2,1,1,0,0,0,1,0,3,0,9,3,2,0,16653,353,17034,357,-381,-4,2,3,2,2,3,2,26082,571,25260,557,822,14,4,4,2,2,3,4,34653,794,36237,798,-1584,-4,4,4,4,4,9,4,45862,961,46905,973,-1043,-12,8,14,8,8,21,8,1,1
lol-game-115548147900684643,partial,,LCK,2026,,0,2026-08-05 09:15:00,2,16.15.800.4844,1,Blue,top,Casting,,HANJIN BRION,,K'Sante,0,1371,0,5,5,9,18,,,0.1169,10045,439.6,0.1851,259,11.33,17,0.74,2,0.09,,,,,,,,,,,,,,,,,,,,,,,,6608,182,6313,155,295,27,0,2,0,0,0,2,8013,212,8048,170,-35,42,0,5,2,1,2,4,9323,245,9948,205,-625,40,0,5,3,1,4,4,,,,,,,,,,,,,1,1
lol-game-115548147900684643,partial,,LCK,2026,,0,2026-08-05 09:15:00,2,16.15.800.4844,2,Blue,jng,GIDEON,,HANJIN BRION,,Naafiri,0,1371,7,2,2,9,18,,,0.2689,13467,589.4,0.2481,257,11.25,6,0.26,17,0.74,,,,,,,,,,,,,,,,,,,,,,,,7032,142,6064,126,968,16,3,1,0,0,3,0,10632,193,7895,159,2737,34,7,1,0,0,6,0,12659,241,9582,181,3077,60,7,2,0,0,8,0,,,,,,,,,,,,,1,1
lol-game-115548147900684643,partial,,LCK,2026,,0,2026-08-05 09:15:00,2,16.15.800.4844,3,Blue,mid,Roamer,,HANJIN BRION,,Ryze,0,1371,2,4,6,9,18,,,0.2251,11211,490.6,0.2065,262,11.47,8,0.35,6,0.26,,,,,,,,,,,,,,,,,,,,,,,,6101,147,7098,187,-997,-40,1,2,1,2,0,0,8325,198,10169,246,-1844,-48,1,6,2,4,1,0,10451,246,13681,319,-3230,-73,2,6,2,6,1,0,,,,,,,,,,,,,1,1
lol-game-115548147900684643,partial,,LCK,2026,,0,2026-08-05 09:15:00,2,16.15.800.4844,4,Blue,bot,Teddy,,HANJIN BRION,,Ezreal,0,1371,0,3,3,9,18,,,0.2984,12325,539.4,0.2271,308,13.48,9,0.39,7,0.31,,,,,,,,,,,,,,,,,,,,,,,,6904,189,7980,187,-1076,2,0,0,0,1,0,0,9642,251,10147,244,-505,7,0,3,0,1,2,1,11805,302,12784,304,-979,-2,0,3,1,1,4,1,,,,,,,,,,,,,1,1
lol-game-115548147900684643,partial,,LCK,2026,,0,2026-08-05 09:15:00,2,16.15.800.4844,5,Blue,sup,Namgung,,HANJIN BRION,,Nautilus,0,1371,0,4,6,9,18,,,0.0907,7231,316.5,0.1332,32,1.4,68,2.98,18,0.79,,,,,,,,,,,,,,,,,,,,,,,,4158,19,4316,26,-158,-7,0,2,2,0,2,2,5417,23,5441,28,-24,-5,0,5,2,0,4,3,6596,28,6836,29,-240,-1,0,6,2,0,6,4,,,,,,,,,,,,,1,1
lol-game-115548147900684643,partial,,LCK,2026,,0,2026-08-05 09:15:00,2,16.15.800.4844,,Blue,team,,,HANJIN BRION,,,0,1371,9,18,22,9,18,0.394,1.182,,54279,,,1118,,108,,50,,,,,,,2,2,2,2,0,0,2,0,0,0,0,0,0,1,3,8,0,1,30803,679,31771,681,-968,-2,4,7,3,3,5,4,42029,877,41700,847,329,30,8,20,6,6,15,8,50834,1062,52831,1038,-1997,24,9,22,8,8,23,9,,,,,,,,,,,,,1,1
lol-game-115548147900684643,partial,,LCK,2026,,0,2026-08-05 09:15:00,2,16.15.800.4844,6,Red,top,Kingen,,NONGSHIM RED FORCE,,Rumble,1,1371,3,4,8,18,9,,,0.2267,11959,523.4,0.186,217,9.5,13,0.57,2,0.09,,,,,,,,,,,,,,,,,,,,,,,,6313,155,6608,182,-295,-27,0,0,2,0,2,0,8048,170,8013,212,35,-42,1,2,4,0,5,2,9948,205,9323,245,625,-40,1,4,4,0,5,3,,,,,,,,,,,,,1,1
lol-game-115548147900684643,partial,,LCK,2026,,0,2026-08-05 09:15:00,2,16.15.800.4844,7,Red,jng,Sponge,,NONGSHIM RED FORCE,,Jarvan IV,1,1371,2,0,16,18,9,,,0.1591,11902,520.9,0.1851,197,8.62,13,0.57,13,0.57,,,,,,,,,,,,,,,,,,,,,,,,6064,126,7032,142,-968,-16,0,3,0,3,1,0,7895,159,10632,193,-2737,-34,0,6,0,7,1,0,9582,181,12659,241,-3077,-60,0,8,0,7,2,0,,,,,,,,,,,,,1,1
lol-game-115548147900684643,partial,,LCK,2026,,0,2026-08-05 09:15:00,2,16.15.800.4844,8,Red,mid,Scout,,NONGSHIM RED FORCE,,Syndra,1,1371,8,0,8,18,9,,,0.3256,15839,693.2,0.2463,326,14.27,11,0.48,4,0.18,,,,,,,,,,,,,,,,,,,,,,,,7098,187,6101,147,997,40,2,0,0,1,2,1,10169,246,8325,198,1844,48,4,1,0,1,6,2,13681,319,10451,246,3230,73,6,1,0,2,6,2,,,,,,,,,,,,,1,1
lol-game-115548147900684643,partial,,LCK,2026,,0,2026-08-05 09:15:00,2,16.15.800.4844,9,Red,bot,Diable,,NONGSHIM RED FORCE,,Sivir,1,1371,5,1,10,18,9,,,0.2459,16455,720.1,0.2559,335,14.66,16,0.7,9,0.39,,,,,,,,,,,,,,,,,,,,,,,,7980,187,6904,189,1076,-2,1,0,0,0,0,0,10147,244,9642,251,505,-7,1,2,1,0,3,0,12784,304,11805,302,979,2,1,4,1,0,3,1,,,,,,,,,,,,,1,1
lol-game-115548147900684643,partial,,LCK,2026,,0,2026-08-05 09:15:00,2,16.15.800.4844,10,Red,sup,Lehends,,NONGSHIM RED FORCE,,Alistar,1,1371,0,4,15,18,9,,,0.0428,8149,356.6,0.1267,30,1.31,73,3.19,12,0.53,,,,,,,,,,,,,,,,,,,,,,,,4316,26,4158,19,158,7,0,2,2,0,2,2,5441,28,5417,23,24,5,0,4,3,0,5,2,6836,29,6596,28,240,1,0,6,4,0,6,2,,,,,,,,,,,,,1,1
lol-game-115548147900684643,partial,,LCK,2026,,0,2026-08-05 09:15:00,2,16.15.800.4844,,Red,team,,,NONGSHIM RED FORCE,,,1,1371,18,9,57,18,9,0.788,1.182,,64304,,,1105,,126,,40,,,,,,,2,2,2,2,0,0,0,1,0,1,0,0,1,0,8,3,1,0,31771,681,30803,679,968,2,3,5,4,4,7,3,41700,847,42029,877,-329,-30,6,15,8,8,20,6,52831,1038,50834,1062,1997,-24,8,23,9,9,22,8,,,,,,,,,,,,,1,1
lol-game-115548147900684644,partial,,LCK,2026,,0,2026-08-05 10:05:00,3,16.15.800.4844,1,Blue,top,Kingen,,NONGSHIM RED FORCE,,Jayce,0,1551,2,4,1,4,19,,,0.2584,12152,470.1,0.2237,278,10.75,11,0.43,11,0.43,,,,,,,,,,,,,,,,,,,,,,,,6522,148,4981,134,1541,14,1,0,0,0,0,0,8363,195,7110,164,1253,31,1,0,1,2,1,0,9978,226,9995,218,-17,8,2,0,3,3,5,0,12049,278,11988,259,61,19,2,1,4,3,5,0,1,1
lol-game-115548147900684644,partial,,LCK,2026,,0,2026-08-05 10:05:00,3,16.15.800.4844,2,Blue,jng,Sponge,,NONGSHIM RED FORCE,,Trundle,0,1551,1,6,1,4,19,,,0.1166,11261,435.6,0.2073,191,7.39,14,0.54,11,0.43,,,,,,,,,,,,,,,,,,,,,,,,6034,124,5281,107,753,17,0,0,1,1,0,0,7299,146,7165,148,134,-2,0,0,3,1,3,0,9191,179,9348,180,-157,-1,0,1,5,1,8,0,11156,191,11297,206,-141,-15,1,1,5,2,8,1,1,1
lol-game-115548147900684644,partial,,LCK,2026,,0,2026-08-05 10:05:00,3,16.15.800.4844,3,Blue,mid,Scout,,NONGSHIM RED FORCE,,Viktor,0,1551,1,3,1,4,19,,,0.3791,11162,431.8,0.2055,273,10.56,15,0.58,8,0.31,,,,,,,,,,,,,,,,,,,,,,,,5748,156,5075,144,673,12,0,0,0,0,0,0,7880,219,6570,185,1310,34,0,0,0,0,3,0,9160,251,8370,204,790,47,0,1,2,1,6,1,10526,273,9879,227,647,46,0,1,2,1,7,1,1,1
lol-game-115548147900684644,partial,,LCK,2026,,0,2026-08-05 10:05:00,3,16.15.800.4844,4,Blue,bot,Diable,,NONGSHIM RED FORCE,,Xayah,0,1551,0,2,3,4,19,,,0.198,12228,473.0,0.2251,282,10.91,17,0.66,6,0.23,,,,,,,,,,,,,,,,,,,,,,,,5747,125,6705,157,-958,-32,0,0,1,1,2,1,7945,186,9724,216,-1779,-30,0,0,1,3,4,1,9704,225,13815,290,-4111,-65,0,1,1,7,6,1,11988,282,16562,343,-4574,-61,0,2,2,8,6,1,1,1
lol-game-115548147900684644,partial,,LCK,2026,,0,2026-08-05 10:05:00,3,16.15.800.4844,5,Blue,sup,Lehends,,NONGSHIM RED FORCE,,Milio,0,1551,0,4,3,4,19,,,0.0478,7514,290.7,0.1383,26,1.01,67,2.59,15,0.58,,,,,,,,,,,,,,,,,,,,,,,,3766,17,4349,15,-583,2,0,0,1,1,2,0,4853,20,5533,16,-680,4,0,0,2,1,6,0,5965,24,7596,17,-1631,7,0,1,3,2,11,0,7268,26,9270,17,-2002,9,0,2,3,2,13,0,1,1
lol-game-115548147900684644,partial,,LCK,2026,,0,2026-08-05 10:05:00,3,16.15.800.4844,,Blue,team,,,NONGSHIM RED FORCE,,,0,1551,4,19,9,4,19,0.155,0.89,,54317,,,1050,,124,,51,,,,,,,2,3,2,3,0,0,0,0,2,0,0,0,0,1,5,8,0,2,27817,570,26391,557,1426,13,1,0,3,3,4,1,36340,766,36102,729,238,37,1,0,7,7,17,1,43998,905,49124,909,-5126,-4,2,4,14,14,36,2,52987,1050,58996,1052,-6009,-2,3,7,16,16,39,3,1,1
lol-game-115548147900684644,partial,,LCK,2026,,0,2026-08-05 10:05:00,3,16.15.800.4844,6,Red,top,Casting,,HANJIN BRION,,Yorick,1,1551,5,0,6,19,4,,,0.1453,12969,501.7,0.2078,265,10.25,15,0.58,8,0.31,,,,,,,,,,,,,,,,,,,,,,,,4981,134,6522,148,-1541,-14,0,0,0,1,0,0,7110,164,8363,195,-1253,-31,2,1,0,1,0,1,9995,218,9978,226,17,-8,3,5,0,2,0,3,11988,259,12049,278,-61,-19,3,5,0,2,1,4,1,1
lol-game-115548147900684644,partial,,LCK,2026,,0,2026-08-05 10:05:00,3,16.15.800.4844,7,Red,jng,GIDEON,,HANJIN BRION,,Xin Zhao,1,1551,2,1,10,19,4,,,0.185,11773,455.4,0.1887,209,8.09,9,0.35,16,0.62,,,,,,,,,,,,,,,,,,,,,,,,5281,107,6034,124,-753,-17,1,0,0,0,0,1,7165,148,7299,146,-134,2,1,3,0,0,0,3,9348,180,9191,179,157,1,1,8,0,0,1,5,11297,206,11156,191,141,15,2,8,1,1,1,5,1,1
lol-game-115548147900684644,partial,,LCK,2026,,0,2026-08-05 10:05:00,3,16.15.800.4844,8,Red,mid,Roamer,,HANJIN BRION,,Annie,1,1551,1,2,8,19,4,,,0.2112,10142,392.3,0.1625,228,8.82,16,0.62,7,0.27,,,,,,,,,,,,,,,,,,,,,,,,5075,144,5748,156,-673,-12,0,0,0,0,0,0,6570,185,7880,219,-1310,-34,0,3,0,0,0,0,8370,204,9160,251,-790,-47,1,6,1,0,1,2,9879,227,10526,273,-647,-46,1,7,1,0,1,2,1,1
lol-game-115548147900684644,partial,,LCK,2026,,0,2026-08-05 10:05:00,3,16.15.800.4844,9,Red,bot,Teddy,,HANJIN BRION,,Lucian,1,1551,9,1,7,19,4,,,0.3417,17797,688.5,0.2852,359,13.89,11,0.43,14,0.54,,,,,,,,,,,,,,,,,,,,,,,,6705,157,5747,125,958,32,1,2,1,0,0,1,9724,216,7945,186,1779,30,3,4,1,0,0,1,13815,290,9704,225,4111,65,7,6,1,0,1,1,16562,343,11988,282,4574,61,8,6,1,0,2,2,1,1
lol-game-115548147900684644,partial,,LCK,2026,,0,2026-08-05 10:05:00,3,16.15.800.4844,10,Red,sup,Namgung,,HANJIN BRION,,Yuumi,1,1551,2,0,16,19,4,,,0.1168,9722,376.1,0.1558,17,0.66,61,2.36,2,0.08,,,,,,,,,,,,,,,,,,,,,,,,4349,15,3766,17,583,-2,1,2,0,0,0,1,5533,16,4853,20,680,-4,1,6,0,0,0,2,7596,17,5965,24,1631,-7,2,11,0,0,1,3,9270,17,7268,26,2002,-9,2,13,0,0,2,3,1,1
lol-game-115548147900684644,partial,,LCK,2026,,0,2026-08-05 10:05:00,3,16.15.800.4844,,Red,team,,,HANJIN BRION,,,1,1551,19,4,47,19,4,0.735,0.89,,62403,,,1078,,112,,47,,,,,,,3,2,3,2,0,0,1,1,1,0,0,0,1,0,8,5,2,0,26391,557,27817,570,-1426,-13,3,4,1,1,0,3,36102,729,36340,766,-238,-37,7,17,1,1,0,7,49124,909,43998,905,5126,4,14,36,2,2,4,14,58996,1052,52987,1050,6009,2,16,39,3,3,7,16,1,1
lol-game-115548147900684646,partial,,LCK,2026,,0,2026-08-02 08:15:00,1,16.14.794.9266,1,Blue,top,Casting,,HANJIN BRION,,Rumble,0,1467,0,4,2,5,15,,,0.2528,10648,435.5,0.1881,261,10.67,19,0.78,3,0.12,,,,,,,,,,,,,,,,,,,,,,,,5857,161,6500,181,-643,-20,0,0,0,0,0,0,7232,200,8657,225,-1425,-25,0,0,2,0,0,0,9090,224,10701,255,-1611,-31,0,2,3,0,2,2,,,,,,,,,,,,,1,1
lol-game-115548147900684646,partial,,LCK,2026,,0,2026-08-02 08:15:00,1,16.14.794.9266,2,Blue,jng,GIDEON,,HANJIN BRION,,Xin Zhao,0,1467,1,3,3,5,15,,,0.1198,11112,454.5,0.1963,231,9.45,8,0.33,19,0.78,,,,,,,,,,,,,,,,,,,,,,,,6064,142,7440,150,-1376,-8,0,1,2,1,5,0,7636,178,10415,198,-2779,-20,0,1,2,3,5,0,9928,210,12878,246,-2950,-36,1,3,2,4,7,0,,,,,,,,,,,,,1,1
lol-game-115548147900684646,partial,,LCK,2026,,0,2026-08-02 08:15:00,1,16.14.794.9266,3,Blue,mid,Roamer,,HANJIN BRION,,Anivia,0,1467,2,3,1,5,15,,,0.2058,11524,471.3,0.2036,288,11.78,16,0.65,5,0.2,,,,,,,,,,,,,,,,,,,,,,,,6339,169,7493,190,-1154,-21,1,0,1,2,2,0,8026,222,10015,251,-1989,-29,1,0,1,2,4,0,10051,256,11787,281,-1736,-25,2,1,2,3,6,0,,,,,,,,,,,,,1,1
lol-game-115548147900684646,partial,,LCK,2026,,0,2026-08-02 08:15:00,1,16.14.794.9266,4,Blue,bot,Teddy,,HANJIN BRION,,Ezreal,0,1467,1,1,1,5,15,,,0.3177,15147,619.5,0.2675,348,14.23,10,0.41,4,0.16,,,,,,,,,,,,,,,,,,,,,,,,7599,191,7587,193,12,-2,0,1,1,1,2,1,9970,258,9993,252,-23,6,0,1,1,1,2,1,13063,311,12729,301,334,10,1,1,1,2,4,1,,,,,,,,,,,,,1,1
lol-game-115548147900684646,partial,,LCK,2026,,0,2026-08-02 08:15:00,1,16.14.794.9266,5,Blue,sup,Namgung,,HANJIN BRION,,Camille,0,1467,1,4,3,5,15,,,0.1039,8183,334.7,0.1445,41,1.68,79,3.23,27,1.1,,,,,,,,,,,,,,,,,,,,,,,,4593,23,5192,30,-599,-7,1,1,2,2,3,1,5717,30,6826,37,-1109,-7,1,1,2,2,4,1,7116,34,8088,41,-972,-7,1,3,3,2,7,2,,,,,,,,,,,,,1,1
lol-game-115548147900684646,partial,,LCK,2026,,0,2026-08-02 08:15:00,1,16.14.794.9266,,Blue,team,,,HANJIN BRION,,,0,1467,5,15,10,5,15,0.204,0.818,,56614,,,1169,,132,,58,,,,,,,2,2,2,2,1,0,0,0,1,0,0,0,0,2,2,9,0,1,30452,686,34212,744,-3760,-58,2,3,6,6,12,2,38581,888,45906,963,-7325,-75,2,3,8,8,15,2,49248,1035,56183,1124,-6935,-89,5,10,11,11,26,5,,,,,,,,,,,,,1,1
lol-game-115548147900684646,partial,,LCK,2026,,0,2026-08-02 08:15:00,1,16.14.794.9266,6,Red,top,DuDu,,DN SOOPers,,Yorick,1,1467,3,2,3,15,5,,,0.2518,13922,569.4,0.2081,295,12.07,17,0.7,5,0.2,,,,,,,,,,,,,,,,,,,,,,,,6500,181,5857,161,643,20,0,0,0,0,0,0,8657,225,7232,200,1425,25,0,0,0,0,0,2,10701,255,9090,224,1611,31,0,2,2,0,2,3,,,,,,,,,,,,,1,1
lol-game-115548147900684646,partial,,LCK,2026,,0,2026-08-02 08:15:00,1,16.14.794.9266,7,Red,jng,Sharvel,,DN SOOPers,,Lee Sin,1,1467,4,0,10,15,5,,,0.2335,14447,590.9,0.216,264,10.8,17,0.7,11,0.45,,,,,,,,,,,,,,,,,,,,,,,,7440,150,6064,142,1376,8,1,5,0,0,1,2,10415,198,7636,178,2779,20,3,5,0,0,1,2,12878,246,9928,210,2950,36,4,7,0,1,3,2,,,,,,,,,,,,,1,1
lol-game-115548147900684646,partial,,LCK,2026,,0,2026-08-02 08:15:00,1,16.14.794.9266,8,Red,mid,Clozer,,DN SOOPers,,Cassiopeia,1,1467,3,0,10,15,5,,,0.2606,13784,563.8,0.2061,316,12.92,18,0.74,6,0.25,,,,,,,,,,,,,,,,,,,,,,,,7493,190,6339,169,1154,21,2,2,0,1,0,1,10015,251,8026,222,1989,29,2,4,0,1,0,1,11787,281,10051,256,1736,25,3,6,0,2,1,2,,,,,,,,,,,,,1,1
lol-game-115548147900684646,partial,,LCK,2026,,0,2026-08-02 08:15:00,1,16.14.794.9266,9,Red,bot,deokdam,,DN SOOPers,,Taliyah,1,1467,2,1,8,15,5,,,0.1815,14790,604.9,0.2211,332,13.58,16,0.65,3,0.12,,,,,,,,,,,,,,,,,,,,,,,,7587,193,7599,191,-12,2,1,2,1,0,1,1,9993,252,9970,258,23,-6,1,2,1,0,1,1,12729,301,13063,311,-334,-10,2,4,1,1,1,1,,,,,,,,,,,,,1,1
lol-game-115548147900684646,partial,,LCK,2026,,0,2026-08-02 08:15:00,1,16.14.794.9266,10,Red,sup,Peter,,DN SOOPers,,Shen,1,1467,3,2,9,15,5,,,0.0727,9943,406.7,0.1487,46,1.88,70,2.86,30,1.23,,,,,,,,,,,,,,,,,,,,,,,,5192,30,4593,23,599,7,2,3,1,1,1,2,6826,37,5717,30,1109,7,2,4,1,1,1,2,8088,41,7116,34,972,7,2,7,2,1,3,3,,,,,,,,,,,,,1,1
lol-game-115548147900684646,partial,,LCK,2026,,0,2026-08-02 08:15:00,1,16.14.794.9266,,Red,team,,,DN SOOPers,,,1,1467,15,5,40,15,5,0.613,0.818,,66886,,,1253,,138,,55,,,,,,,2,2,2,2,0,0,0,0,0,2,0,0,2,0,9,2,1,0,34212,744,30452,686,3760,58,6,12,2,2,3,6,45906,963,38581,888,7325,75,8,15,2,2,3,8,56183,1124,49248,1035,6935,89,11,26,5,5,10,11,,,,,,,,,,,,,1,1
lol-game-115548147900684647,partial,,LCK,2026,,0,2026-08-02 09:05:00,2,16.14.794.9266,1,Blue,top,DuDu,,DN SOOPers,,Ambessa,0,2099,3,4,0,9,13,,,0.199,14108,403.3,0.2097,316,9.03,24,0.69,9,0.26,,,,,,,,,,,,,,,,,,,,,,,,3879,103,4652,115,-773,-12,0,0,1,1,0,0,5459,150,7514,177,-2055,-27,0,0,2,1,1,0,7628,202,9714,218,-2086,-16,1,0,2,2,1,1,9389,244,11494,251,-2105,-7,1,0,2,2,3,1,1,1
lol-game-115548147900684647,partial,,LCK,2026,,0,2026-08-02 09:05:00,2,16.14.794.9266,2,Blue,jng,Sharvel,,DN SOOPers,,Jarvan IV,0,2099,2,2,4,9,13,,,0.1895,13986,399.8,0.2079,289,8.26,12,0.34,24,0.69,,,,,,,,,,,,,,,,,,,,,,,,4491,94,4069,83,422,11,1,0,0,0,1,1,6689,152,6237,131,452,21,1,0,0,1,1,1,8714,191,8255,182,459,9,1,2,0,1,1,1,10558,222,11248,206,-690,16,2,2,1,2,4,1,1,1
lol-game-115548147900684647,partial,,LCK,2026,,0,2026-08-02 09:05:00,2,16.14.794.9266,3,Blue,mid,Clozer,,DN SOOPers,,Akali,0,2099,4,3,1,9,13,,,0.2548,14594,417.2,0.2169,332,9.49,12,0.34,8,0.23,,,,,,,,,,,,,,,,,,,,,,,,4451,121,4069,119,382,2,0,1,0,0,0,0,7288,188,5284,150,2004,38,2,1,0,0,0,2,10443,241,6873,195,3570,46,4,1,0,0,0,3,11652,266,9470,226,2182,40,4,1,1,1,2,3,1,1
lol-game-115548147900684647,partial,,LCK,2026,,0,2026-08-02 09:05:00,2,16.14.794.9266,4,Blue,bot,deokdam,,DN SOOPers,,Sivir,0,2099,0,3,2,9,13,,,0.2948,16062,459.1,0.2388,404,11.55,15,0.43,8,0.23,,,,,,,,,,,,,,,,,,,,,,,,4936,129,4520,124,416,5,0,0,0,0,0,0,6903,188,6990,181,-87,7,0,0,0,0,0,0,9219,243,9501,238,-282,5,0,1,1,0,1,0,11033,286,12130,289,-1097,-3,0,1,2,1,1,1,1,1
lol-game-115548147900684647,partial,,LCK,2026,,0,2026-08-02 09:05:00,2,16.14.794.9266,5,Blue,sup,Peter,,DN SOOPers,,Lulu,0,2099,0,1,4,9,13,,,0.062,8522,243.6,0.1267,39,1.11,71,2.03,11,0.31,,,,,,,,,,,,,,,,,,,,,,,,3028,22,2590,21,438,1,0,0,0,0,0,0,4051,28,3661,30,390,-2,0,0,0,0,0,0,5348,34,4749,32,599,2,0,2,0,0,0,1,6474,36,6391,34,83,2,0,3,1,1,1,1,1,1
lol-game-115548147900684647,partial,,LCK,2026,,0,2026-08-02 09:05:00,2,16.14.794.9266,,Blue,team,,,DN SOOPers,,,0,2099,9,13,11,9,13,0.257,0.629,,67272,,,1380,,134,,60,,,,,,,3,3,3,3,0,1,1,0,1,0,0,0,0,2,3,9,0,2,20785,469,19900,462,885,7,1,1,1,1,1,1,30390,706,29686,669,704,37,3,1,2,2,2,3,41352,911,39092,865,2260,46,6,6,3,3,3,6,49106,1054,50733,1006,-1627,48,7,7,7,7,11,7,1,1
lol-game-115548147900684647,partial,,LCK,2026,,0,2026-08-02 09:05:00,2,16.14.794.9266,6,Red,top,Casting,,HANJIN BRION,,Gnar,1,2099,3,1,5,13,9,,,0.2282,16622,475.1,0.2208,323,9.23,21,0.6,8,0.23,,,,,,,,,,,,,,,,,,,,,,,,4652,115,3879,103,773,12,1,0,0,0,0,1,7514,177,5459,150,2055,27,1,1,0,0,0,2,9714,218,7628,202,2086,16,2,1,1,1,0,2,11494,251,9389,244,2105,7,2,3,1,1,0,2,1,1
lol-game-115548147900684647,partial,,LCK,2026,,0,2026-08-02 09:05:00,2,16.14.794.9266,7,Red,jng,GIDEON,,HANJIN BRION,,Naafiri,1,2099,6,1,5,13,9,,,0.2279,17400,497.4,0.2312,298,8.52,13,0.37,11,0.31,,,,,,,,,,,,,,,,,,,,,,,,4069,83,4491,94,-422,-11,0,1,1,1,0,0,6237,131,6689,152,-452,-21,1,1,1,1,0,0,8255,182,8714,191,-459,-9,1,1,1,1,2,0,11248,206,10558,222,690,-16,2,4,1,2,2,1,1,1
lol-game-115548147900684647,partial,,LCK,2026,,0,2026-08-02 09:05:00,2,16.14.794.9266,8,Red,mid,Roamer,,HANJIN BRION,,Annie,1,2099,1,4,6,13,9,,,0.3159,13127,375.2,0.1744,274,7.83,13,0.37,5,0.14,,,,,,,,,,,,,,,,,,,,,,,,4069,119,4451,121,-382,-2,0,0,0,0,1,0,5284,150,7288,188,-2004,-38,0,0,2,2,1,0,6873,195,10443,241,-3570,-46,0,0,3,4,1,0,9470,226,11652,266,-2182,-40,1,2,3,4,1,1,1,1
lol-game-115548147900684647,partial,,LCK,2026,,0,2026-08-02 09:05:00,2,16.14.794.9266,9,Red,bot,Teddy,,HANJIN BRION,,Yunara,1,2099,2,2,5,13,9,,,0.1971,18754,536.1,0.2492,411,11.75,13,0.37,17,0.49,,,,,,,,,,,,,,,,,,,,,,,,4520,124,4936,129,-416,-5,0,0,0,0,0,0,6990,181,6903,188,87,-7,0,0,0,0,0,0,9501,238,9219,243,282,-5,0,1,0,0,1,1,12130,289,11033,286,1097,3,1,1,1,0,1,2,1,1
lol-game-115548147900684647,partial,,LCK,2026,,0,2026-08-02 09:05:00,2,16.14.794.9266,10,Red,sup,Namgung,,HANJIN BRION,,Nautilus,1,2099,1,1,5,13,9,,,0.0308,9365,267.7,0.1244,43,1.23,90,2.57,17,0.49,,,,,,,,,,,,,,,,,,,,,,,,2590,21,3028,22,-438,-1,0,0,0,0,0,0,3661,30,4051,28,-390,2,0,0,0,0,0,0,4749,32,5348,34,-599,-2,0,0,1,0,2,0,6391,34,6474,36,-83,-2,1,1,1,0,3,1,1,1
lol-game-115548147900684647,partial,,LCK,2026,,0,2026-08-02 09:05:00,2,16.14.794.9266,,Red,team,,,HANJIN BRION,,,1,2099,13,9,26,13,9,0.372,0.629,,75268,,,1349,,150,,58,,,,,,,3,3,3,3,0,0,3,0,0,0,0,0,2,0,9,3,2,0,19900,462,20785,469,-885,-7,1,1,1,1,1,1,29686,669,30390,706,-704,-37,2,2,3,3,1,2,39092,865,41352,911,-2260,-46,3,3,6,6,6,3,50733,1006,49106,1054,1627,-48,7,11,7,7,7,7,1,1
lol-game-115548147900684648,partial,,LCK,2026,,0,2026-08-02 10:05:00,3,16.14.794.9266,1,Blue,top,Casting,,HANJIN BRION,,Zaahen,0,2176,2,4,4,15,15,,,0.2108,13606,375.2,0.1872,299,8.24,18,0.5,14,0.39,,,,,,,,,,,,,,,,,,,,,,,,3791,100,4623,121,-832,-21,0,0,1,0,2,0,7056,156,6490,171,566,-15,2,1,1,0,3,1,8650,195,9314,225,-664,-30,2,1,2,2,4,1,10123,220,11050,261,-927,-41,2,3,3,2,5,2,1,1
lol-game-115548147900684648,partial,,LCK,2026,,0,2026-08-02 10:05:00,3,16.14.794.9266,2,Blue,jng,GIDEON,,HANJIN BRION,,Pantheon,0,2176,4,5,4,15,15,,,0.1668,14653,404.0,0.2016,244,6.73,11,0.3,7,0.19,,,,,,,,,,,,,,,,,,,,,,,,5010,96,4492,95,518,1,2,1,1,1,1,0,6626,126,6369,128,257,-2,2,3,2,2,3,1,7898,150,8603,164,-705,-14,2,3,3,2,7,1,11287,174,10423,203,864,-29,4,4,3,2,8,1,1,1
lol-game-115548147900684648,partial,,LCK,2026,,0,2026-08-02 10:05:00,3,16.14.794.9266,3,Blue,mid,Roamer,,HANJIN BRION,,Ahri,0,2176,2,2,9,15,15,,,0.2602,14341,395.4,0.1973,350,9.65,13,0.36,12,0.33,,,,,,,,,,,,,,,,,,,,,,,,4878,123,4789,121,89,2,1,2,0,2,0,2,6478,172,6247,143,231,29,1,3,1,3,1,3,7881,212,8329,198,-448,14,1,3,2,3,4,3,10294,273,10249,231,45,42,1,5,2,4,4,4,1,1
lol-game-115548147900684648,partial,,LCK,2026,,0,2026-08-02 10:05:00,3,16.14.794.9266,4,Blue,bot,Teddy,,HANJIN BRION,,Jhin,0,2176,7,2,3,15,15,,,0.251,20581,567.5,0.2832,394,10.86,15,0.41,15,0.41,,,,,,,,,,,,,,,,,,,,,,,,4474,118,4443,123,31,-5,0,1,1,0,1,0,7273,163,7434,180,-161,-17,1,2,2,1,3,0,9260,219,10006,208,-746,11,1,2,2,3,4,0,11901,255,12780,250,-879,5,3,2,2,4,4,1,1,1
lol-game-115548147900684648,partial,,LCK,2026,,0,2026-08-02 10:05:00,3,16.14.794.9266,5,Blue,sup,Namgung,,HANJIN BRION,,Karma,0,2176,0,2,8,15,15,,,0.1112,9499,261.9,0.1307,53,1.46,88,2.43,21,0.58,,,,,,,,,,,,,,,,,,,,,,,,3078,24,2997,19,81,5,0,1,0,0,1,1,4435,34,4200,25,235,9,0,3,0,0,4,1,5507,39,5706,29,-199,10,0,3,1,0,8,1,6608,41,7118,33,-510,8,0,4,2,0,9,2,1,1
lol-game-115548147900684648,partial,,LCK,2026,,0,2026-08-02 10:05:00,3,16.14.794.9266,,Blue,team,,,HANJIN BRION,,,0,2176,15,15,28,15,15,0.414,0.827,,72680,,,1340,,145,,69,,,,,,,1,5,1,4,0,0,0,1,0,0,0,1,0,2,3,11,0,3,21231,461,21344,479,-113,-18,3,5,3,3,5,3,31868,651,30740,647,1128,4,6,12,6,6,14,6,39196,815,41958,824,-2762,-9,6,12,10,10,27,6,50213,963,51620,978,-1407,-15,10,18,12,12,30,10,1,1
lol-game-115548147900684648,partial,,LCK,2026,,0,2026-08-02 10:05:00,3,16.14.794.9266,6,Red,top,DuDu,,DN SOOPers,,Olaf,1,2176,2,3,7,15,15,,,0.1938,15049,415.0,0.2084,319,8.8,16,0.44,10,0.28,,,,,,,,,,,,,,,,,,,,,,,,4623,121,3791,100,832,21,0,2,0,0,0,1,6490,171,7056,156,-566,15,0,3,1,2,1,1,9314,225,8650,195,664,30,2,4,1,2,1,2,11050,261,10123,220,927,41,2,5,2,2,3,3,1,1
lol-game-115548147900684648,partial,,LCK,2026,,0,2026-08-02 10:05:00,3,16.14.794.9266,7,Red,jng,Sharvel,,DN SOOPers,,Skarner,1,2176,2,2,9,15,15,,,0.1908,14020,386.6,0.1942,253,6.98,17,0.47,11,0.3,,,,,,,,,,,,,,,,,,,,,,,,4492,95,5010,96,-518,-1,1,1,0,2,1,1,6369,128,6626,126,-257,2,2,3,1,2,3,2,8603,164,7898,150,705,14,2,7,1,2,3,3,10423,203,11287,174,-864,29,2,8,1,4,4,3,1,1
lol-game-115548147900684648,partial,,LCK,2026,,0,2026-08-02 10:05:00,3,16.14.794.9266,8,Red,mid,Clozer,,DN SOOPers,,Mel,1,2176,5,5,6,15,15,,,0.2808,14222,392.2,0.197,294,8.11,20,0.55,11,0.3,,,,,,,,,,,,,,,,,,,,,,,,4789,121,4878,123,-89,-2,2,0,2,1,2,0,6247,143,6478,172,-231,-29,3,1,3,1,3,1,8329,198,7881,212,448,-14,3,4,3,1,3,2,10249,231,10294,273,-45,-42,4,4,4,1,5,2,1,1
lol-game-115548147900684648,partial,,LCK,2026,,0,2026-08-02 10:05:00,3,16.14.794.9266,9,Red,bot,deokdam,,DN SOOPers,,Caitlyn,1,2176,6,2,5,15,15,,,0.2525,18590,512.6,0.2575,330,9.1,19,0.52,11,0.3,,,,,,,,,,,,,,,,,,,,,,,,4443,123,4474,118,-31,5,0,1,0,0,1,1,7434,180,7273,163,161,17,1,3,0,1,2,2,10006,208,9260,219,746,-11,3,4,0,1,2,2,12780,250,11901,255,879,-5,4,4,1,3,2,2,1,1
lol-game-115548147900684648,partial,,LCK,2026,,0,2026-08-02 10:05:00,3,16.14.794.9266,10,Red,sup,Peter,,DN SOOPers,,Bard,1,2176,0,3,12,15,15,,,0.0821,10325,284.7,0.143,42,1.16,71,1.96,23,0.63,,,,,,,,,,,,,,,,,,,,,,,,2997,19,3078,24,-81,-5,0,1,1,0,1,0,4200,25,4435,34,-235,-9,0,4,1,0,3,0,5706,29,5507,39,199,-10,0,8,1,0,3,1,7118,33,6608,41,510,-8,0,9,2,0,4,2,1,1
lol-game-115548147900684648,partial,,LCK,2026,,0,2026-08-02 10:05:00,3,16.14.794.9266,,Red,team,,,DN SOOPers,,,1,2176,15,15,39,15,15,0.414,0.827,,72206,,,1238,,143,,66,,,,,,,5,1,4,1,0,0,1,2,1,0,1,0,2,0,11,3,3,0,21344,479,21231,461,113,18,3,5,3,3,5,3,30740,647,31868,651,-1128,-4,6,14,6,6,12,6,41958,824,39196,815,2762,9,10,27,6,6,12,10,51620,978,50213,963,1407,15,12,30,10,10,18,12,1,1
lol-game-115548147900684654,partial,,LCK,2026,,0,2026-08-01 08:07:00,1,16.14.794.9266,1,Blue,top,Kingen,,NONGSHIM RED FORCE,,Rumble,1,1911,5,1,8,21,14,,,0.2958,15514,487.1,0.2125,312,9.8,17,0.53,8,0.25,,,,,,,,,,,,,,,,,,,,,,,,4163,114,4056,104,107,10,0,0,1,0,1,0,6074,169,5751,159,323,10,0,0,1,0,1,0,8213,224,7972,228,241,-4,0,0,1,0,1,0,10978,266,10998,273,-20,-7,2,1,1,2,2,0,1,1
lol-game-115548147900684654,partial,,LCK,2026,,0,2026-08-01 08:07:00,1,16.14.794.9266,2,Blue,jng,Sponge,,NONGSHIM RED FORCE,,Vi,1,1911,2,4,16,21,14,,,0.1082,12718,399.3,0.1742,221,6.94,13,0.41,20,0.63,,,,,,,,,,,,,,,,,,,,,,,,3536,75,4697,94,-1161,-19,0,0,0,2,0,0,5397,110,6241,130,-844,-20,0,4,0,2,0,2,7651,144,7690,159,-39,-15,1,5,0,2,0,3,9730,178,10502,195,-772,-17,2,7,2,5,4,4,1,1
lol-game-115548147900684654,partial,,LCK,2026,,0,2026-08-01 08:07:00,1,16.14.794.9266,3,Blue,mid,Scout,,NONGSHIM RED FORCE,,Ryze,1,1911,7,2,10,21,14,,,0.2617,16286,511.3,0.2231,341,10.71,15,0.47,7,0.22,,,,,,,,,,,,,,,,,,,,,,,,4064,117,4027,120,37,-3,0,0,0,0,0,0,6887,175,5675,162,1212,13,2,2,0,1,0,2,9412,239,7568,223,1844,16,2,3,0,1,0,3,10892,275,9967,259,925,16,2,6,2,2,5,4,1,1
lol-game-115548147900684654,partial,,LCK,2026,,0,2026-08-01 08:07:00,1,16.14.794.9266,4,Blue,bot,Diable,,NONGSHIM RED FORCE,,Jhin,1,1911,7,1,9,21,14,,,0.2576,19825,622.4,0.2715,374,11.74,21,0.66,5,0.16,,,,,,,,,,,,,,,,,,,,,,,,4121,113,3873,103,248,10,0,0,0,0,1,0,8003,175,6151,168,1852,7,2,1,0,0,1,0,11320,244,8518,241,2802,3,3,1,0,0,1,0,14470,311,11053,282,3417,29,4,4,1,1,4,1,1,1
lol-game-115548147900684654,partial,,LCK,2026,,0,2026-08-01 08:07:00,1,16.14.794.9266,5,Blue,sup,Lehends,,NONGSHIM RED FORCE,,Shen,1,1911,0,6,15,21,14,,,0.0768,8671,272.2,0.1188,36,1.13,56,1.76,17,0.53,,,,,,,,,,,,,,,,,,,,,,,,2414,18,2678,13,-264,5,0,0,1,0,1,0,3699,19,3836,17,-137,2,0,4,2,0,2,0,5088,27,4828,21,260,6,0,5,2,0,2,0,6267,30,6193,23,74,7,0,8,4,0,9,1,1,1
lol-game-115548147900684654,partial,,LCK,2026,,0,2026-08-01 08:07:00,1,16.14.794.9266,,Blue,team,,,NONGSHIM RED FORCE,,,1,1911,21,14,58,21,14,0.659,1.099,,73014,,,1284,,122,,57,,,,,,,3,1,3,1,2,1,0,0,0,0,0,0,1,0,9,1,1,0,18298,437,19331,434,-1033,3,0,0,2,2,3,0,30060,648,27654,636,2406,12,4,11,3,3,4,4,41684,878,36576,872,5108,6,6,14,3,3,4,6,52337,1060,48713,1032,3624,28,10,26,10,10,24,10,1,1
lol-game-115548147900684654,partial,,LCK,2026,,0,2026-08-01 08:07:00,1,16.14.794.9266,6,Red,top,Clear,,BNK FEARX,,K'Sante,0,1911,3,2,4,14,21,,,0.1403,13120,411.9,0.2176,308,9.67,17,0.53,11,0.35,,,,,,,,,,,,,,,,,,,,,,,,4056,104,4163,114,-107,-10,0,1,0,0,0,1,5751,159,6074,169,-323,-10,0,1,0,0,0,1,7972,228,8213,224,-241,4,0,1,0,0,0,1,10998,273,10978,266,20,7,2,2,0,2,1,1,1,1
lol-game-115548147900684654,partial,,LCK,2026,,0,2026-08-01 08:07:00,1,16.14.794.9266,7,Red,jng,Raptor,,BNK FEARX,,Jarvan IV,0,1911,5,6,8,14,21,,,0.1646,12496,392.3,0.2072,222,6.97,12,0.38,14,0.44,,,,,,,,,,,,,,,,,,,,,,,,4697,94,3536,75,1161,19,2,0,0,0,0,0,6241,130,5397,110,844,20,2,0,2,0,4,0,7690,159,7651,144,39,15,2,0,3,1,5,0,10502,195,9730,178,772,17,5,4,4,2,7,2,1,1
lol-game-115548147900684654,partial,,LCK,2026,,0,2026-08-01 08:07:00,1,16.14.794.9266,8,Red,mid,VicLa,,BNK FEARX,,Viktor,0,1911,5,6,6,14,21,,,0.282,13216,414.9,0.2191,308,9.67,14,0.44,5,0.16,,,,,,,,,,,,,,,,,,,,,,,,4027,120,4064,117,-37,3,0,0,0,0,0,0,5675,162,6887,175,-1212,-13,1,0,2,2,2,0,7568,223,9412,239,-1844,-16,1,0,3,2,3,0,9967,259,10892,275,-925,-16,2,5,4,2,6,2,1,1
lol-game-115548147900684654,partial,,LCK,2026,,0,2026-08-01 08:07:00,1,16.14.794.9266,9,Red,bot,Taeyoon,,BNK FEARX,,Ezreal,0,1911,1,3,6,14,21,,,0.3324,13864,435.3,0.2299,344,10.8,11,0.35,9,0.28,,,,,,,,,,,,,,,,,,,,,,,,3873,103,4121,113,-248,-10,0,1,0,0,0,0,6151,168,8003,175,-1852,-7,0,1,0,2,1,0,8518,241,11320,244,-2802,-3,0,1,0,3,1,0,11053,282,14470,311,-3417,-29,1,4,1,4,4,1,1,1
lol-game-115548147900684654,partial,,LCK,2026,,0,2026-08-01 08:07:00,1,16.14.794.9266,10,Red,sup,Kellin,,BNK FEARX,,Bard,0,1911,0,4,11,14,21,,,0.0808,7610,238.9,0.1262,25,0.78,76,2.39,13,0.41,,,,,,,,,,,,,,,,,,,,,,,,2678,13,2414,18,264,-5,0,1,0,0,0,1,3836,17,3699,19,137,-2,0,2,0,0,4,2,4828,21,5088,27,-260,-6,0,2,0,0,5,2,6193,23,6267,30,-74,-7,0,9,1,0,8,4,1,1
lol-game-115548147900684654,partial,,LCK,2026,,0,2026-08-01 08:07:00,1,16.14.794.9266,,Red,team,,,BNK FEARX,,,0,1911,14,21,35,14,21,0.44,1.099,,60306,,,1207,,130,,52,,,,,,,1,3,1,3,0,0,0,0,0,1,0,0,0,1,1,9,0,1,19331,434,18298,437,1033,-3,2,3,0,0,0,2,27654,636,30060,648,-2406,-12,3,4,4,4,11,3,36576,872,41684,878,-5108,-6,3,4,6,6,14,3,48713,1032,52337,1060,-3624,-28,10,24,10,10,26,10,1,1
lol-game-115548147900684655,partial,,LCK,2026,,0,2026-08-01 09:05:00,2,16.14.794.9266,1,Blue,top,Kingen,,NONGSHIM RED FORCE,,Jayce,0,1541,1,7,2,11,32,,,0.2685,13315,518.4,0.2326,292,11.37,15,0.58,9,0.35,,,,,,,,,,,,,,,,,,,,,,,,5235,131,6539,135,-1304,-4,0,0,3,4,0,0,7762,172,9575,189,-1813,-17,0,1,4,5,0,0,10182,232,12223,224,-2041,8,0,1,5,6,5,1,13230,292,14702,260,-1472,32,1,2,7,8,7,2,1,1
lol-game-115548147900684655,partial,,LCK,2026,,0,2026-08-01 09:05:00,2,16.14.794.9266,2,Blue,jng,Sponge,,NONGSHIM RED FORCE,,Xin Zhao,0,1541,2,5,4,11,32,,,0.1585,10873,423.3,0.1899,198,7.71,13,0.51,10,0.39,,,,,,,,,,,,,,,,,,,,,,,,5504,125,5540,105,-36,20,0,2,1,1,4,1,7358,152,7824,149,-466,3,1,2,1,1,6,1,8871,177,11767,166,-2896,11,1,3,3,8,9,1,10783,198,13198,186,-2415,12,2,4,4,8,11,1,1,1
lol-game-115548147900684655,partial,,LCK,2026,,0,2026-08-01 09:05:00,2,16.14.794.9266,3,Blue,mid,Scout,,NONGSHIM RED FORCE,,Syndra,0,1541,2,7,5,11,32,,,0.3381,10842,422.1,0.1894,248,9.66,12,0.47,5,0.19,,,,,,,,,,,,,,,,,,,,,,,,5641,129,5713,140,-72,-11,2,2,2,1,2,1,7665,185,7712,179,-47,6,2,2,3,2,3,2,8677,199,9881,218,-1204,-19,2,3,6,3,8,2,10738,247,11913,244,-1175,3,2,5,6,4,11,2,1,1
lol-game-115548147900684655,partial,,LCK,2026,,0,2026-08-01 09:05:00,2,16.14.794.9266,4,Blue,bot,Diable,,NONGSHIM RED FORCE,,Kai'Sa,0,1541,5,5,4,11,32,,,0.1679,14451,562.7,0.2524,287,11.17,16,0.62,16,0.62,,,,,,,,,,,,,,,,,,,,,,,,7194,129,6022,133,1172,-4,4,2,1,2,1,3,9192,189,8652,191,540,-2,4,2,2,3,1,3,12166,238,11693,234,473,4,5,2,4,5,6,3,14367,287,14734,270,-367,17,5,4,5,7,8,3,1,1
lol-game-115548147900684655,partial,,LCK,2026,,0,2026-08-01 09:05:00,2,16.14.794.9266,5,Blue,sup,Lehends,,NONGSHIM RED FORCE,,Nautilus,0,1541,1,8,8,11,32,,,0.067,7765,302.3,0.1356,30,1.17,56,2.18,9,0.35,,,,,,,,,,,,,,,,,,,,,,,,4294,24,4397,24,-103,0,1,6,3,2,4,2,5394,27,5783,27,-389,0,1,6,3,2,6,2,6346,27,7573,30,-1227,-3,1,6,6,2,16,2,7643,30,9239,32,-1596,-2,1,8,7,2,21,3,1,1
lol-game-115548147900684655,partial,,LCK,2026,,0,2026-08-01 09:05:00,2,16.14.794.9266,,Blue,team,,,NONGSHIM RED FORCE,,,0,1541,11,32,23,11,32,0.428,1.674,,57246,,,1055,,112,,49,,,,,,,2,2,2,2,0,0,1,0,1,0,0,0,0,1,3,10,0,2,27868,538,28211,537,-343,1,7,12,10,10,11,7,37371,725,39546,735,-2175,-10,8,13,13,13,16,8,46242,873,53137,872,-6895,1,9,15,24,24,44,9,56761,1054,63786,992,-7025,62,11,23,29,29,58,11,1,1
lol-game-115548147900684655,partial,,LCK,2026,,0,2026-08-01 09:05:00,2,16.14.794.9266,6,Red,top,Clear,,BNK FEARX,,Olaf,1,1541,8,2,8,32,11,,,0.2239,14913,580.6,0.2237,260,10.12,18,0.7,2,0.08,,,,,,,,,,,,,,,,,,,,,,,,6539,135,5235,131,1304,4,4,0,0,0,0,3,9575,189,7762,172,1813,17,5,0,0,0,1,4,12223,224,10182,232,2041,-8,6,5,1,0,1,5,14702,260,13230,292,1472,-32,8,7,2,1,2,7,1,1
lol-game-115548147900684655,partial,,LCK,2026,,0,2026-08-01 09:05:00,2,16.14.794.9266,7,Red,jng,Raptor,,BNK FEARX,,Lee Sin,1,1541,8,1,14,32,11,,,0.213,13880,540.4,0.2082,194,7.55,25,0.97,5,0.19,,,,,,,,,,,,,,,,,,,,,,,,5540,105,5504,125,36,-20,1,4,1,0,2,1,7824,149,7358,152,466,-3,1,6,1,1,2,1,11767,166,8871,177,2896,-11,8,9,1,1,3,3,13198,186,10783,198,2415,-12,8,11,1,2,4,4,1,1
lol-game-115548147900684655,partial,,LCK,2026,,0,2026-08-01 09:05:00,2,16.14.794.9266,8,Red,mid,VicLa,,BNK FEARX,,Cassiopeia,1,1541,5,2,13,32,11,,,0.1973,12495,486.5,0.1875,245,9.54,17,0.66,8,0.31,,,,,,,,,,,,,,,,,,,,,,,,5713,140,5641,129,72,11,1,2,1,2,2,2,7712,179,7665,185,47,-6,2,3,2,2,2,3,9881,218,8677,199,1204,19,3,8,2,2,3,6,11913,244,10738,247,1175,-3,4,11,2,2,5,6,1,1
lol-game-115548147900684655,partial,,LCK,2026,,0,2026-08-01 09:05:00,2,16.14.794.9266,9,Red,bot,Taeyoon,,BNK FEARX,,Varus,1,1541,9,3,9,32,11,,,0.3044,15905,619.3,0.2386,277,10.79,19,0.74,13,0.51,,,,,,,,,,,,,,,,,,,,,,,,6022,133,7194,129,-1172,4,2,1,3,4,2,1,8652,191,9192,189,-540,2,3,1,3,4,2,2,11693,234,12166,238,-473,-4,5,6,3,5,2,4,14734,270,14367,287,367,-17,7,8,3,5,4,5,1,1
lol-game-115548147900684655,partial,,LCK,2026,,0,2026-08-01 09:05:00,2,16.14.794.9266,10,Red,sup,Kellin,,BNK FEARX,,Rell,1,1541,2,3,21,32,11,,,0.0615,9461,368.4,0.1419,32,1.25,62,2.41,13,0.51,,,,,,,,,,,,,,,,,,,,,,,,4397,24,4294,24,103,0,2,4,2,1,6,3,5783,27,5394,27,389,0,2,6,2,1,6,3,7573,30,6346,27,1227,3,2,16,2,1,6,6,9239,32,7643,30,1596,2,2,21,3,1,8,7,1,1
lol-game-115548147900684655,partial,,LCK,2026,,0,2026-08-01 09:05:00,2,16.14.794.9266,,Red,team,,,BNK FEARX,,,1,1541,32,11,65,32,11,1.246,1.674,,66654,,,1008,,141,,41,,,,,,,2,2,2,2,2,0,0,0,0,0,0,0,1,0,10,3,2,0,28211,537,27868,538,343,-1,10,11,7,7,12,10,39546,735,37371,725,2175,10,13,16,8,8,13,13,53137,872,46242,873,6895,-1,24,44,9,9,15,24,63786,992,56761,1054,7025,-62,29,58,11,11,23,29,1,1
lol-game-115548147900684656,partial,,LCK,2026,,0,2026-08-01 09:55:00,3,16.14.794.9266,1,Blue,top,Clear,,BNK FEARX,,Mordekaiser,0,1796,9,3,1,15,22,,,0.3292,15705,524.7,0.2608,273,9.12,17,0.57,2,0.07,,,,,,,,,,,,,,,,,,,,,,,,5500,103,3650,90,1850,13,4,1,0,0,0,3,7614,151,5430,141,2184,10,4,1,0,0,0,3,9455,206,7634,197,1821,9,4,1,1,0,4,3,12052,246,10507,237,1545,9,5,1,2,2,5,3,1,1
lol-game-115548147900684656,partial,,LCK,2026,,0,2026-08-01 09:55:00,3,16.14.794.9266,2,Blue,jng,Raptor,,BNK FEARX,,Naafiri,0,1796,1,5,2,15,22,,,0.1277,11384,380.3,0.189,223,7.45,8,0.27,12,0.4,,,,,,,,,,,,,,,,,,,,,,,,4260,84,4112,89,148,-5,1,1,0,0,1,1,6867,127,5790,128,1077,-1,1,1,0,0,1,1,8351,157,8906,163,-555,-6,1,2,2,2,3,1,9724,186,10989,207,-1265,-21,1,2,4,2,4,2,1,1
lol-game-115548147900684656,partial,,LCK,2026,,0,2026-08-01 09:55:00,3,16.14.794.9266,3,Blue,mid,VicLa,,BNK FEARX,,Galio,0,1796,0,6,2,15,22,,,0.1521,10183,340.2,0.1691,257,8.59,10,0.33,6,0.2,,,,,,,,,,,,,,,,,,,,,,,,4297,120,4654,126,-357,-6,0,0,0,0,1,0,5892,165,6303,173,-411,-8,0,0,0,0,1,0,7244,204,9734,221,-2490,-17,0,0,2,4,1,0,8582,229,12810,267,-4228,-38,0,1,4,7,4,0,1,1
lol-game-115548147900684656,partial,,LCK,2026,,0,2026-08-01 09:55:00,3,16.14.794.9266,4,Blue,bot,Taeyoon,,BNK FEARX,,Ziggs,0,1796,3,3,2,15,22,,,0.2972,14341,479.1,0.2381,339,11.33,12,0.4,3,0.1,,,,,,,,,,,,,,,,,,,,,,,,5314,127,4422,126,892,1,1,1,1,0,1,0,8034,195,6775,195,1259,0,2,1,1,0,1,0,9852,239,9874,242,-22,-3,2,2,2,1,5,0,12342,289,12779,282,-437,7,3,2,2,2,8,0,1,1
lol-game-115548147900684656,partial,,LCK,2026,,0,2026-08-01 09:55:00,3,16.14.794.9266,5,Blue,sup,Kellin,,BNK FEARX,,Camille,0,1796,2,5,7,15,22,,,0.0938,8609,287.6,0.143,35,1.17,71,2.37,20,0.67,,,,,,,,,,,,,,,,,,,,,,,,3761,15,3178,17,583,-2,1,4,0,1,0,3,4924,18,4233,24,691,-6,1,5,0,1,0,4,6141,24,5667,27,474,-3,2,5,1,1,4,5,7201,30,7524,31,-323,-1,2,5,3,2,9,6,1,1
lol-game-115548147900684656,partial,,LCK,2026,,0,2026-08-01 09:55:00,3,16.14.794.9266,,Blue,team,,,BNK FEARX,,,0,1796,15,22,14,15,22,0.501,1.236,,60222,,,1127,,118,,43,,,,,,,0,4,0,4,0,0,0,0,0,0,0,0,0,2,3,9,0,1,23132,449,20016,448,3116,1,7,7,1,1,3,7,33331,656,28531,661,4800,-5,8,8,1,1,3,8,41043,830,41815,850,-772,-20,9,10,8,8,17,9,49901,980,54609,1024,-4708,-44,11,11,15,15,30,11,1,1
lol-game-115548147900684656,partial,,LCK,2026,,0,2026-08-01 09:55:00,3,16.14.794.9266,6,Red,top,Kingen,,NONGSHIM RED FORCE,,Renekton,1,1796,4,4,7,22,15,,,0.2606,13470,450.0,0.1971,280,9.35,11,0.37,6,0.2,,,,,,,,,,,,,,,,,,,,,,,,3650,90,5500,103,-1850,-13,0,0,3,4,1,0,5430,141,7614,151,-2184,-10,0,0,3,4,1,0,7634,197,9455,206,-1821,-9,0,4,3,4,1,1,10507,237,12052,246,-1545,-9,2,5,3,5,1,2,1,1
lol-game-115548147900684656,partial,,LCK,2026,,0,2026-08-01 09:55:00,3,16.14.794.9266,7,Red,jng,Sponge,,NONGSHIM RED FORCE,,Pantheon,1,1796,4,4,7,22,15,,,0.2707,13506,451.2,0.1976,235,7.85,11,0.37,8,0.27,,,,,,,,,,,,,,,,,,,,,,,,4112,89,4260,84,-148,5,0,1,1,1,1,0,5790,128,6867,127,-1077,1,0,1,1,1,1,0,8906,163,8351,157,555,6,2,3,1,1,2,2,10989,207,9724,186,1265,21,2,4,2,1,2,4,1,1
lol-game-115548147900684656,partial,,LCK,2026,,0,2026-08-01 09:55:00,3,16.14.794.9266,8,Red,mid,Scout,,NONGSHIM RED FORCE,,Locke,1,1796,9,0,6,22,15,,,0.1862,15839,529.1,0.2317,319,10.66,5,0.17,13,0.43,,,,,,,,,,,,,,,,,,,,,,,,4654,126,4297,120,357,6,0,1,0,0,0,0,6303,173,5892,165,411,8,0,1,0,0,0,0,9734,221,7244,204,2490,17,4,1,0,0,0,2,12810,267,8582,229,4228,38,7,4,0,0,1,4,1,1
lol-game-115548147900684656,partial,,LCK,2026,,0,2026-08-01 09:55:00,3,16.14.794.9266,9,Red,bot,Diable,,NONGSHIM RED FORCE,,Aatrox,1,1796,3,0,14,22,15,,,0.2279,15854,529.6,0.232,313,10.46,20,0.67,5,0.17,,,,,,,,,,,,,,,,,,,,,,,,4422,126,5314,127,-892,-1,0,1,0,1,1,1,6775,195,8034,195,-1259,0,0,1,0,2,1,1,9874,242,9852,239,22,3,1,5,0,2,2,2,12779,282,12342,289,437,-7,2,8,0,3,2,2,1,1
lol-game-115548147900684656,partial,,LCK,2026,,0,2026-08-01 09:55:00,3,16.14.794.9266,10,Red,sup,Lehends,,NONGSHIM RED FORCE,,Leona,1,1796,2,7,14,22,15,,,0.0546,9678,323.3,0.1416,35,1.17,63,2.1,16,0.53,,,,,,,,,,,,,,,,,,,,,,,,3178,17,3761,15,-583,2,1,0,3,1,4,0,4233,24,4924,18,-691,6,1,0,4,1,5,0,5667,27,6141,24,-474,3,1,4,5,2,5,1,7524,31,7201,30,323,1,2,9,6,2,5,3,1,1
lol-game-115548147900684656,partial,,LCK,2026,,0,2026-08-01 09:55:00,3,16.14.794.9266,,Red,team,,,NONGSHIM RED FORCE,,,1,1796,22,15,48,22,15,0.735,1.236,,68347,,,1182,,110,,48,,,,,,,4,0,4,0,0,0,0,1,1,2,0,0,2,0,9,3,1,0,20016,448,23132,449,-3116,-1,1,3,7,7,7,1,28531,661,33331,656,-4800,5,1,3,8,8,8,1,41815,850,41043,830,772,20,8,17,9,9,10,8,54609,1024,49901,980,4708,44,15,30,11,11,11,15,1,1
lol-game-115548147900684658,partial,,LCK,2026,,0,2026-07-30 08:15:00,1,16.14.794.9266,1,Blue,top,Clear,,BNK FEARX,,Rumble,1,1410,0,2,7,17,5,,,0.2601,12599,536.1,0.1956,288,12.26,17,0.72,2,0.09,,,,,,,,,,,,,,,,,,,,,,,,5749,164,6086,182,-337,-18,0,0,0,0,0,0,7743,210,8288,230,-545,-20,0,0,1,1,0,0,9983,245,10022,281,-39,-36,0,5,2,1,1,1,,,,,,,,,,,,,1,1
lol-game-115548147900684658,partial,,LCK,2026,,0,2026-07-30 08:15:00,1,16.14.794.9266,2,Blue,jng,Raptor,,BNK FEARX,,Lee Sin,1,1410,6,1,8,17,5,,,0.1829,12862,547.3,0.1997,210,8.94,24,1.02,9,0.38,,,,,,,,,,,,,,,,,,,,,,,,6149,136,6155,141,-6,-5,1,0,1,0,1,0,8246,169,7921,179,325,-10,2,1,1,0,2,0,11332,195,9423,206,1909,-11,6,4,1,0,4,2,,,,,,,,,,,,,1,1
lol-game-115548147900684658,partial,,LCK,2026,,0,2026-07-30 08:15:00,1,16.14.794.9266,3,Blue,mid,VicLa,,BNK FEARX,,Cassiopeia,1,1410,3,0,6,17,5,,,0.1436,13834,588.7,0.2148,315,13.4,22,0.94,12,0.51,,,,,,,,,,,,,,,,,,,,,,,,7127,198,6398,189,729,9,0,1,0,0,1,0,8986,244,8199,236,787,8,0,1,0,0,2,0,11787,291,10722,260,1065,31,1,4,0,2,2,2,,,,,,,,,,,,,1,1
lol-game-115548147900684658,partial,,LCK,2026,,0,2026-07-30 08:15:00,1,16.14.794.9266,4,Blue,bot,Taeyoon,,BNK FEARX,,Corki,1,1410,7,2,5,17,5,,,0.345,16029,682.1,0.2489,316,13.45,16,0.68,13,0.55,,,,,,,,,,,,,,,,,,,,,,,,7595,170,6180,138,1415,32,2,1,0,1,0,3,10364,237,8042,190,2322,47,3,2,0,1,0,4,13257,280,9989,226,3268,54,5,4,1,1,2,5,,,,,,,,,,,,,1,1
lol-game-115548147900684658,partial,,LCK,2026,,0,2026-07-30 08:15:00,1,16.14.794.9266,5,Blue,sup,Kellin,,BNK FEARX,,Shen,1,1410,1,0,15,17,5,,,0.0684,9085,386.6,0.1411,45,1.91,76,3.23,23,0.98,,,,,,,,,,,,,,,,,,,,,,,,4444,31,4058,27,386,4,0,2,0,0,1,0,5829,38,5236,30,593,8,0,4,0,0,1,1,7868,44,6399,34,1469,10,1,11,0,0,3,3,,,,,,,,,,,,,1,1
lol-game-115548147900684658,partial,,LCK,2026,,0,2026-07-30 08:15:00,1,16.14.794.9266,,Blue,team,,,BNK FEARX,,,1,1410,17,5,41,17,5,0.723,0.936,,64409,,,1174,,155,,59,,,,,,,4,0,4,0,1,0,0,2,0,1,0,0,1,0,10,1,1,0,31064,699,28877,677,2187,22,3,4,1,1,3,3,41168,898,37686,865,3482,33,5,8,2,2,5,5,54227,1055,46555,1007,7672,48,13,28,4,4,12,13,,,,,,,,,,,,,1,1
lol-game-115548147900684658,partial,,LCK,2026,,0,2026-07-30 08:15:00,1,16.14.794.9266,6,Red,top,DuDu,,DN SOOPers,,Jayce,0,1410,1,2,2,5,17,,,0.2555,11137,473.9,0.2152,303,12.89,18,0.77,8,0.34,,,,,,,,,,,,,,,,,,,,,,,,6086,182,5749,164,337,18,0,0,0,0,0,0,8288,230,7743,210,545,20,1,0,0,0,0,1,10022,281,9983,245,39,36,1,1,1,0,5,2,,,,,,,,,,,,,1,1
lol-game-115548147900684658,partial,,LCK,2026,,0,2026-07-30 08:15:00,1,16.14.794.9266,7,Red,jng,Sharvel,,DN SOOPers,,Jarvan IV,0,1410,0,2,5,5,17,,,0.129,10244,435.9,0.1979,218,9.28,13,0.55,17,0.72,,,,,,,,,,,,,,,,,,,,,,,,6155,141,6149,136,6,5,0,1,0,1,0,1,7921,179,8246,169,-325,10,0,2,0,2,1,1,9423,206,11332,195,-1909,11,0,4,2,6,4,1,,,,,,,,,,,,,1,1
lol-game-115548147900684658,partial,,LCK,2026,,0,2026-07-30 08:15:00,1,16.14.794.9266,8,Red,mid,Clozer,,DN SOOPers,,Syndra,0,1410,3,3,2,5,17,,,0.2455,12207,519.4,0.2358,287,12.21,15,0.64,5,0.21,,,,,,,,,,,,,,,,,,,,,,,,6398,189,7127,198,-729,-9,0,1,0,0,1,0,8199,236,8986,244,-787,-8,0,2,0,0,1,0,10722,260,11787,291,-1065,-31,2,2,2,1,4,0,,,,,,,,,,,,,1,1
lol-game-115548147900684658,partial,,LCK,2026,,0,2026-07-30 08:15:00,1,16.14.794.9266,9,Red,bot,deokdam,,DN SOOPers,,Viktor,0,1410,1,6,2,5,17,,,0.3074,10997,468.0,0.2125,246,10.47,13,0.55,10,0.43,,,,,,,,,,,,,,,,,,,,,,,,6180,138,7595,170,-1415,-32,1,0,3,2,1,0,8042,190,10364,237,-2322,-47,1,0,4,3,2,0,9989,226,13257,280,-3268,-54,1,2,5,5,4,1,,,,,,,,,,,,,1,1
lol-game-115548147900684658,partial,,LCK,2026,,0,2026-07-30 08:15:00,1,16.14.794.9266,10,Red,sup,Peter,,DN SOOPers,,Rell,0,1410,0,4,4,5,17,,,0.0625,7175,305.3,0.1386,35,1.49,63,2.68,15,0.64,,,,,,,,,,,,,,,,,,,,,,,,4058,27,4444,31,-386,-4,0,1,0,0,2,0,5236,30,5829,38,-593,-8,0,1,1,0,4,0,6399,34,7868,44,-1469,-10,0,3,3,1,11,0,,,,,,,,,,,,,1,1
lol-game-115548147900684658,partial,,LCK,2026,,0,2026-07-30 08:15:00,1,16.14.794.9266,,Red,team,,,DN SOOPers,,,0,1410,5,17,15,5,17,0.213,0.936,,51760,,,1089,,122,,55,,,,,,,0,4,0,4,0,0,0,0,0,0,0,0,0,1,1,10,0,1,28877,677,31064,699,-2187,-22,1,3,3,3,4,1,37686,865,41168,898,-3482,-33,2,5,5,5,8,2,46555,1007,54227,1055,-7672,-48,4,12,13,13,28,4,,,,,,,,,,,,,1,1
lol-game-115548147900684659,partial,,LCK,2026,,0,2026-07-30 09:05:00,2,16.14.794.9266,1,Blue,top,Clear,,BNK FEARX,,Tristana,1,1519,4,1,4,15,5,,,0.2053,12518,494.5,0.2148,263,10.39,13,0.51,9,0.36,,,,,,,,,,,,,,,,,,,,,,,,4866,111,4028,89,838,22,1,2,1,1,0,0,6633,158,5848,147,785,11,1,3,1,1,0,0,8875,217,8051,202,824,15,2,3,1,1,0,0,12378,263,9333,232,3045,31,4,4,1,1,0,2,1,1
lol-game-115548147900684659,partial,,LCK,2026,,0,2026-07-30 09:05:00,2,16.14.794.9266,2,Blue,jng,Raptor,,BNK FEARX,,Pantheon,1,1519,6,1,5,15,5,,,0.1704,11714,462.7,0.201,182,7.19,8,0.32,4,0.16,,,,,,,,,,,,,,,,,,,,,,,,4726,80,4456,80,270,0,2,2,1,1,2,2,7123,121,6134,122,989,-1,4,2,1,1,2,2,9114,163,7615,153,1499,10,4,3,1,1,2,3,11574,182,9105,186,2469,-4,6,5,1,1,2,5,1,1
lol-game-115548147900684659,partial,,LCK,2026,,0,2026-07-30 09:05:00,2,16.14.794.9266,3,Blue,mid,VicLa,,BNK FEARX,,Taliyah,1,1519,2,2,10,15,5,,,0.2742,11552,456.3,0.1983,252,9.95,15,0.59,6,0.24,,,,,,,,,,,,,,,,,,,,,,,,4504,105,4774,121,-270,-16,1,3,1,1,2,1,6175,152,6953,178,-778,-26,1,5,2,1,3,2,8344,201,9061,241,-717,-40,1,5,2,1,3,2,11412,252,10741,275,671,-23,2,10,2,1,3,3,1,1
lol-game-115548147900684659,partial,,LCK,2026,,0,2026-07-30 09:05:00,2,16.14.794.9266,4,Blue,bot,Taeyoon,,BNK FEARX,,Sivir,1,1519,3,0,7,15,5,,,0.2786,14888,588.1,0.2555,321,12.68,13,0.51,17,0.67,,,,,,,,,,,,,,,,,,,,,,,,5310,123,4144,113,1166,10,1,3,0,0,1,1,8266,190,6579,164,1687,26,1,3,0,0,1,1,10932,262,8884,238,2048,24,1,4,0,0,1,1,14698,321,11124,299,3574,22,3,7,0,0,1,2,1,1
lol-game-115548147900684659,partial,,LCK,2026,,0,2026-07-30 09:05:00,2,16.14.794.9266,5,Blue,sup,Kellin,,BNK FEARX,,Alistar,1,1519,0,1,10,15,5,,,0.0716,7593,299.9,0.1303,29,1.15,58,2.29,9,0.36,,,,,,,,,,,,,,,,,,,,,,,,2936,20,3115,18,-179,2,0,3,1,1,1,1,4413,24,4576,25,-163,-1,0,5,1,2,1,2,5584,26,5793,32,-209,-6,0,6,1,2,1,2,7435,29,6755,34,680,-5,0,10,1,2,1,3,1,1
lol-game-115548147900684659,partial,,LCK,2026,,0,2026-07-30 09:05:00,2,16.14.794.9266,,Blue,team,,,BNK FEARX,,,1,1519,15,5,36,15,5,0.592,0.79,,58265,,,1047,,107,,45,,,,,,,2,1,2,1,0,0,0,1,0,1,0,0,1,0,9,1,1,0,22342,439,20517,421,1825,18,5,13,4,4,6,5,32610,645,30090,636,2520,9,7,18,5,5,7,7,42849,869,39404,866,3445,3,8,21,5,5,7,8,57497,1047,47058,1026,10439,21,15,36,5,5,7,15,1,1
lol-game-115548147900684659,partial,,LCK,2026,,0,2026-07-30 09:05:00,2,16.14.794.9266,6,Red,top,DuDu,,DN SOOPers,,Gnar,0,1519,1,2,0,5,15,,,0.1941,9373,370.2,0.1983,232,9.16,15,0.59,9,0.36,,,,,,,,,,,,,,,,,,,,,,,,4028,89,4866,111,-838,-22,1,0,0,1,2,1,5848,147,6633,158,-785,-11,1,0,0,1,3,1,8051,202,8875,217,-824,-15,1,0,0,2,3,1,9333,232,12378,263,-3045,-31,1,0,2,4,4,1,1,1
lol-game-115548147900684659,partial,,LCK,2026,,0,2026-07-30 09:05:00,2,16.14.794.9266,7,Red,jng,Sharvel,,DN SOOPers,,Naafiri,0,1519,1,5,2,5,15,,,0.2527,9145,361.2,0.1934,186,7.35,7,0.28,6,0.24,,,,,,,,,,,,,,,,,,,,,,,,4456,80,4726,80,-270,0,1,2,2,2,2,1,6134,122,7123,121,-989,1,1,2,2,4,2,1,7615,153,9114,163,-1499,-10,1,2,3,4,3,1,9105,186,11574,182,-2469,4,1,2,5,6,5,1,1,1
lol-game-115548147900684659,partial,,LCK,2026,,0,2026-07-30 09:05:00,2,16.14.794.9266,8,Red,mid,Clozer,,DN SOOPers,,Ryze,0,1519,1,3,3,5,15,,,0.234,10780,425.8,0.228,275,10.86,16,0.63,1,0.04,,,,,,,,,,,,,,,,,,,,,,,,4774,121,4504,105,270,16,1,2,1,1,3,1,6953,178,6175,152,778,26,1,3,2,1,5,2,9061,241,8344,201,717,40,1,3,2,1,5,2,10741,275,11412,252,-671,23,1,3,3,2,10,2,1,1
lol-game-115548147900684659,partial,,LCK,2026,,0,2026-07-30 09:05:00,2,16.14.794.9266,9,Red,bot,deokdam,,DN SOOPers,,Kai'Sa,0,1519,0,2,1,5,15,,,0.2356,11164,441.0,0.2362,299,11.81,11,0.43,10,0.39,,,,,,,,,,,,,,,,,,,,,,,,4144,113,5310,123,-1166,-10,0,1,1,1,3,0,6579,164,8266,190,-1687,-26,0,1,1,1,3,0,8884,238,10932,262,-2048,-24,0,1,1,1,4,0,11124,299,14698,321,-3574,-22,0,1,2,3,7,0,1,1
lol-game-115548147900684659,partial,,LCK,2026,,0,2026-07-30 09:05:00,2,16.14.794.9266,10,Red,sup,Peter,,DN SOOPers,,Nautilus,0,1519,2,3,1,5,15,,,0.0836,6812,269.1,0.1441,34,1.34,49,1.94,12,0.47,,,,,,,,,,,,,,,,,,,,,,,,3115,18,2936,20,179,-2,1,1,1,0,3,1,4576,25,4413,24,163,1,2,1,2,0,5,1,5793,32,5584,26,209,6,2,1,2,0,6,1,6755,34,7435,29,-680,5,2,1,3,0,10,1,1,1
lol-game-115548147900684659,partial,,LCK,2026,,0,2026-07-30 09:05:00,2,16.14.794.9266,,Red,team,,,DN SOOPers,,,0,1519,5,15,7,5,15,0.197,0.79,,47274,,,1026,,98,,38,,,,,,,1,2,1,2,0,0,0,0,1,0,0,0,0,1,1,9,0,1,20517,421,22342,439,-1825,-18,4,6,5,5,13,4,30090,636,32610,645,-2520,-9,5,7,7,7,18,5,39404,866,42849,869,-3445,-3,5,7,8,8,21,5,47058,1026,57497,1047,-10439,-21,5,7,15,15,36,5,1,1
lol-game-115548147900684662,partial,,LCK,2026,,0,2026-07-29 08:07:00,1,16.14.794.9266,1,Blue,top,Frog,,KIWOOM DRX,,Gnar,0,1571,3,3,2,13,28,,,0.1882,10105,385.9,0.2018,190,7.26,12,0.46,4,0.15,,,,,,,,,,,,,,,,,,,,,,,,4085,97,4201,106,-116,-9,1,2,0,0,1,2,5610,122,6152,152,-542,-30,2,2,1,1,2,3,8767,163,8014,197,753,-34,3,2,1,1,3,3,9844,186,10198,229,-354,-43,3,2,2,2,4,3,1,1
lol-game-115548147900684662,partial,,LCK,2026,,0,2026-07-29 08:07:00,1,16.14.794.9266,2,Blue,jng,Willer,,KIWOOM DRX,,Xin Zhao,0,1571,4,9,5,13,28,,,0.2463,10484,400.4,0.2093,155,5.92,11,0.42,4,0.15,,,,,,,,,,,,,,,,,,,,,,,,4539,71,4458,83,81,-12,3,1,2,2,4,0,6062,103,6456,125,-394,-22,3,3,4,2,7,0,7983,134,8673,159,-690,-25,3,4,6,3,9,0,9124,154,11165,212,-2041,-58,3,4,7,3,11,0,1,1
lol-game-115548147900684662,partial,,LCK,2026,,0,2026-07-29 08:07:00,1,16.14.794.9266,3,Blue,mid,Ucal,,KIWOOM DRX,,Orianna,0,1571,1,2,2,13,28,,,0.2191,10297,393.3,0.2056,262,10.01,10,0.38,7,0.27,,,,,,,,,,,,,,,,,,,,,,,,4199,116,5270,87,-1071,29,0,0,0,6,2,1,5911,168,7796,138,-1885,30,0,1,0,7,4,1,7963,220,9859,188,-1896,32,0,1,1,8,6,2,9461,262,12494,232,-3033,30,0,1,1,9,7,2,1,1
lol-game-115548147900684662,partial,,LCK,2026,,0,2026-07-29 08:07:00,1,16.14.794.9266,4,Blue,bot,LazyFeel,,KIWOOM DRX,,Yunara,0,1571,5,6,2,13,28,,,0.2329,12045,460.0,0.2405,219,8.36,10,0.38,7,0.27,,,,,,,,,,,,,,,,,,,,,,,,4393,77,5033,102,-640,-25,3,1,5,1,6,1,6686,107,7831,166,-1145,-59,4,1,5,3,7,1,8861,163,10578,214,-1717,-51,4,1,5,5,8,1,10778,219,13255,269,-2477,-50,4,1,5,5,9,1,1,1
lol-game-115548147900684662,partial,,LCK,2026,,0,2026-07-29 08:07:00,1,16.14.794.9266,5,Blue,sup,Andil,,KIWOOM DRX,,Bard,0,1571,0,8,10,13,28,,,0.1135,7148,273.0,0.1427,16,0.61,44,1.68,11,0.42,,,,,,,,,,,,,,,,,,,,,,,,3148,7,3625,16,-477,-9,0,5,4,2,4,3,4257,9,4939,22,-682,-13,0,7,5,2,8,4,5695,14,6299,29,-604,-15,0,8,6,2,10,4,6642,16,7805,29,-1163,-13,0,8,6,2,10,4,1,1
lol-game-115548147900684662,partial,,LCK,2026,,0,2026-07-29 08:07:00,1,16.14.794.9266,,Blue,team,,,KIWOOM DRX,,,0,1571,13,28,21,13,28,0.496,1.566,,50079,,,842,,87,,33,,,,,,,0,4,0,4,0,0,0,0,0,0,0,0,0,1,1,9,0,1,20364,368,22587,394,-2223,-26,7,9,11,11,17,7,28526,509,33174,603,-4648,-94,9,14,15,15,28,9,39269,694,43423,787,-4154,-93,10,16,19,19,36,10,45849,837,54917,971,-9068,-134,10,16,21,21,41,10,1,1
lol-game-115548147900684662,partial,,LCK,2026,,0,2026-07-29 08:07:00,1,16.14.794.9266,6,Red,top,Kingen,,NONGSHIM RED FORCE,,Varus,1,1571,3,4,8,28,13,,,0.2484,10985,419.5,0.1836,235,8.98,7,0.27,11,0.42,,,,,,,,,,,,,,,,,,,,,,,,4201,106,4085,97,116,9,0,1,2,1,2,0,6152,152,5610,122,542,30,1,2,3,2,2,1,8014,197,8767,163,-753,34,1,3,3,3,2,1,10198,229,9844,186,354,43,2,4,3,3,2,2,1,1
lol-game-115548147900684662,partial,,LCK,2026,,0,2026-07-29 08:07:00,1,16.14.794.9266,7,Red,jng,Sponge,,NONGSHIM RED FORCE,,Jarvan IV,1,1571,4,1,16,28,13,,,0.1356,12228,467.0,0.2044,217,8.29,12,0.46,10,0.38,,,,,,,,,,,,,,,,,,,,,,,,4458,83,4539,71,-81,12,2,4,0,3,1,2,6456,125,6062,103,394,22,2,7,0,3,3,4,8673,159,7983,134,690,25,3,9,0,3,4,6,11165,212,9124,154,2041,58,3,11,0,3,4,7,1,1
lol-game-115548147900684662,partial,,LCK,2026,,0,2026-07-29 08:07:00,1,16.14.794.9266,8,Red,mid,Scout,,NONGSHIM RED FORCE,,Locke,1,1571,12,2,9,28,13,,,0.2664,13888,530.4,0.2322,236,9.01,7,0.27,8,0.31,,,,,,,,,,,,,,,,,,,,,,,,5270,87,4199,116,1071,-29,6,2,1,0,0,0,7796,138,5911,168,1885,-30,7,4,1,0,1,0,9859,188,7963,220,1896,-32,8,6,2,0,1,1,12494,232,9461,262,3033,-30,9,7,2,0,1,1,1,1
lol-game-115548147900684662,partial,,LCK,2026,,0,2026-07-29 08:07:00,1,16.14.794.9266,9,Red,bot,Diable,,NONGSHIM RED FORCE,,Ezreal,1,1571,7,2,9,28,13,,,0.2796,14406,550.2,0.2408,271,10.35,14,0.53,5,0.19,,,,,,,,,,,,,,,,,,,,,,,,5033,102,4393,77,640,25,1,6,1,3,1,5,7831,166,6686,107,1145,59,3,7,1,4,1,5,10578,214,8861,163,1717,51,5,8,1,4,1,5,13255,269,10778,219,2477,50,5,9,1,4,1,5,1,1
lol-game-115548147900684662,partial,,LCK,2026,,0,2026-07-29 08:07:00,1,16.14.794.9266,10,Red,sup,Lehends,,NONGSHIM RED FORCE,,Shen,1,1571,2,4,14,28,13,,,0.07,8312,317.5,0.139,29,1.11,55,2.1,13,0.5,,,,,,,,,,,,,,,,,,,,,,,,3625,16,3148,7,477,9,2,4,3,0,5,4,4939,22,4257,9,682,13,2,8,4,0,7,5,6299,29,5695,14,604,15,2,10,4,0,8,6,7805,29,6642,16,1163,13,2,10,4,0,8,6,1,1
lol-game-115548147900684662,partial,,LCK,2026,,0,2026-07-29 08:07:00,1,16.14.794.9266,,Red,team,,,NONGSHIM RED FORCE,,,1,1571,28,13,56,28,13,1.069,1.566,,59819,,,988,,95,,47,,,,,,,4,0,4,0,0,2,1,0,0,1,0,0,1,0,9,1,1,0,22587,394,20364,368,2223,26,11,17,7,7,9,11,33174,603,28526,509,4648,94,15,28,9,9,14,15,43423,787,39269,694,4154,93,19,36,10,10,16,19,54917,971,45849,837,9068,134,21,41,10,10,16,21,1,1
lol-game-115548147900684663,partial,,LCK,2026,,0,2026-07-29 08:55:00,2,16.14.794.9266,1,Blue,top,Frog,,KIWOOM DRX,,Ambessa,0,1969,1,3,7,18,23,,,0.2215,12063,367.6,0.2045,284,8.65,12,0.37,5,0.15,,,,,,,,,,,,,,,,,,,,,,,,3785,98,3792,105,-7,-7,0,1,0,0,0,0,5400,148,5513,154,-113,-6,0,3,0,0,0,1,7216,197,8469,208,-1253,-11,0,5,0,1,1,1,8697,241,11250,265,-2553,-24,0,5,1,2,2,1,1,1
lol-game-115548147900684663,partial,,LCK,2026,,0,2026-07-29 08:55:00,2,16.14.794.9266,2,Blue,jng,Willer,,KIWOOM DRX,,Skarner,0,1969,4,4,5,18,23,,,0.1867,11017,335.7,0.1868,200,6.09,12,0.37,12,0.37,,,,,,,,,,,,,,,,,,,,,,,,3731,85,3869,68,-138,17,0,1,0,1,1,0,6078,131,5423,104,655,27,1,4,0,1,1,1,7849,154,7269,130,580,24,3,5,1,1,4,2,9125,177,9229,164,-104,13,3,5,2,1,7,2,1,1
lol-game-115548147900684663,partial,,LCK,2026,,0,2026-07-29 08:55:00,2,16.14.794.9266,3,Blue,mid,Ucal,,KIWOOM DRX,,Cassiopeia,0,1969,4,3,5,18,23,,,0.2115,12680,386.4,0.215,274,8.35,15,0.46,4,0.12,,,,,,,,,,,,,,,,,,,,,,,,4310,109,3676,101,634,8,1,0,0,0,0,1,6005,159,5631,159,374,0,1,2,0,0,0,2,8918,207,8169,204,749,3,3,2,0,1,4,2,10288,248,10382,247,-94,1,3,2,0,2,5,2,1,1
lol-game-115548147900684663,partial,,LCK,2026,,0,2026-07-29 08:55:00,2,16.14.794.9266,4,Blue,bot,LazyFeel,,KIWOOM DRX,,Sivir,0,1969,7,8,4,18,23,,,0.3015,14636,446.0,0.2482,317,9.66,13,0.4,18,0.55,,,,,,,,,,,,,,,,,,,,,,,,4311,91,4505,106,-194,-15,3,1,2,1,1,1,7023,148,6595,160,428,-12,5,2,2,1,1,1,8710,185,10424,202,-1714,-17,5,3,4,4,3,2,10678,239,13257,258,-2579,-19,5,3,5,5,5,2,1,1
lol-game-115548147900684663,partial,,LCK,2026,,0,2026-07-29 08:55:00,2,16.14.794.9266,5,Blue,sup,Andil,,KIWOOM DRX,,Nautilus,0,1969,2,5,11,18,23,,,0.0788,8580,261.5,0.1455,24,0.73,66,2.01,9,0.27,,,,,,,,,,,,,,,,,,,,,,,,3054,14,2616,17,438,-3,1,3,0,0,2,3,4508,16,3881,26,627,-10,2,5,0,0,2,4,5841,19,5430,33,411,-14,2,8,2,0,6,6,6733,20,7174,38,-441,-18,2,8,3,1,9,6,1,1
lol-game-115548147900684663,partial,,LCK,2026,,0,2026-07-29 08:55:00,2,16.14.794.9266,,Blue,team,,,KIWOOM DRX,,,0,1969,18,23,32,18,23,0.549,1.249,,58976,,,1099,,118,,48,,,,,,,1,4,1,4,0,0,0,0,0,1,0,0,0,1,2,7,0,1,19191,397,18458,397,733,0,5,6,2,2,4,5,29014,602,27043,603,1971,-1,9,16,2,2,4,9,38534,762,39761,777,-1227,-15,13,23,7,7,18,13,45521,925,51292,972,-5771,-47,13,23,11,11,28,13,1,1
lol-game-115548147900684663,partial,,LCK,2026,,0,2026-07-29 08:55:00,2,16.14.794.9266,6,Red,top,Kingen,,NONGSHIM RED FORCE,,Zaahen,1,1969,6,1,8,23,18,,,0.2673,15816,482.0,0.2215,328,9.99,15,0.46,15,0.46,,,,,,,,,,,,,,,,,,,,,,,,3792,105,3785,98,7,7,0,0,0,0,1,0,5513,154,5400,148,113,6,0,0,1,0,3,0,8469,208,7216,197,1253,11,1,1,1,0,5,0,11250,265,8697,241,2553,24,2,2,1,0,5,1,1,1
lol-game-115548147900684663,partial,,LCK,2026,,0,2026-07-29 08:55:00,2,16.14.794.9266,7,Red,jng,Sponge,,NONGSHIM RED FORCE,,Lee Sin,1,1969,2,4,16,23,18,,,0.1304,12860,391.9,0.1801,215,6.55,26,0.79,8,0.24,,,,,,,,,,,,,,,,,,,,,,,,3869,68,3731,85,138,-17,1,1,0,0,1,0,5423,104,6078,131,-655,-27,1,1,1,1,4,0,7269,130,7849,154,-580,-24,1,4,2,3,5,1,9229,164,9125,177,104,-13,1,7,2,3,5,2,1,1
lol-game-115548147900684663,partial,,LCK,2026,,0,2026-07-29 08:55:00,2,16.14.794.9266,8,Red,mid,Scout,,NONGSHIM RED FORCE,,Syndra,1,1969,6,2,12,23,18,,,0.3332,15052,458.7,0.2108,303,9.23,16,0.49,6,0.18,,,,,,,,,,,,,,,,,,,,,,,,3676,101,4310,109,-634,-8,0,0,1,1,0,0,5631,159,6005,159,-374,0,0,0,2,1,2,0,8169,204,8918,207,-749,-3,1,4,2,3,2,0,10382,247,10288,248,94,-1,2,5,2,3,2,0,1,1
lol-game-115548147900684663,partial,,LCK,2026,,0,2026-07-29 08:55:00,2,16.14.794.9266,9,Red,bot,Diable,,NONGSHIM RED FORCE,,Jhin,1,1969,8,4,10,23,18,,,0.1824,18139,552.7,0.2541,326,9.93,18,0.55,1,0.03,,,,,,,,,,,,,,,,,,,,,,,,4505,106,4311,91,194,15,1,1,1,3,1,2,6595,160,7023,148,-428,12,1,1,1,5,2,2,10424,202,8710,185,1714,17,4,3,2,5,3,4,13257,258,10678,239,2579,19,5,5,2,5,3,5,1,1
lol-game-115548147900684663,partial,,LCK,2026,,0,2026-07-29 08:55:00,2,16.14.794.9266,10,Red,sup,Lehends,,NONGSHIM RED FORCE,,Leona,1,1969,1,7,19,23,18,,,0.0867,9521,290.1,0.1334,44,1.34,65,1.98,22,0.67,,,,,,,,,,,,,,,,,,,,,,,,2616,17,3054,14,-438,3,0,2,3,1,3,0,3881,26,4508,16,-627,10,0,2,4,2,5,0,5430,33,5841,19,-411,14,0,6,6,2,8,2,7174,38,6733,20,441,18,1,9,6,2,8,3,1,1
lol-game-115548147900684663,partial,,LCK,2026,,0,2026-07-29 08:55:00,2,16.14.794.9266,,Red,team,,,NONGSHIM RED FORCE,,,1,1969,23,18,65,23,18,0.701,1.249,,71388,,,1216,,140,,52,,,,,,,4,1,4,1,0,1,3,0,0,0,0,0,1,0,7,2,1,0,18458,397,19191,397,-733,0,2,4,5,5,6,2,27043,603,29014,602,-1971,1,2,4,9,9,16,2,39761,777,38534,762,1227,15,7,18,13,13,23,7,51292,972,45521,925,5771,47,11,28,13,13,23,11,1,1
lol-game-115548147900684666,partial,,LCK,2026,,0,2026-08-06 08:15:00,1,16.15.800.4844,1,Blue,top,Frog,,KIWOOM DRX,,K'Sante,1,1269,2,1,9,27,6,,,0.0917,10406,492.0,0.1657,232,10.97,16,0.76,6,0.28,,,,,,,,,,,,,,,,,,,,,,,,5958,169,6828,167,-870,2,0,1,0,1,0,1,8047,211,9289,194,-1242,17,1,2,1,2,1,3,9930,230,10434,208,-504,22,2,6,1,2,1,4,,,,,,,,,,,,,1,1
lol-game-115548147900684666,partial,,LCK,2026,,0,2026-08-06 08:15:00,1,16.15.800.4844,2,Blue,jng,Willer,,KIWOOM DRX,,Jarvan IV,1,1269,7,3,17,27,6,,,0.201,13470,636.9,0.2145,208,9.83,9,0.43,8,0.38,,,,,,,,,,,,,,,,,,,,,,,,6330,137,6638,152,-308,-15,1,2,2,0,2,2,9945,172,8851,187,1094,-15,4,9,3,0,4,5,12389,206,10414,202,1975,4,5,14,3,0,5,7,,,,,,,,,,,,,1,1
lol-game-115548147900684666,partial,,LCK,2026,,0,2026-08-06 08:15:00,1,16.15.800.4844,3,Blue,mid,Ucal,,KIWOOM DRX,,Ryze,1,1269,9,1,9,27,6,,,0.3695,13720,648.7,0.2185,270,12.77,9,0.43,4,0.19,,,,,,,,,,,,,,,,,,,,,,,,6786,174,7170,199,-384,-25,2,1,0,1,1,0,10887,231,9476,256,1411,-25,7,6,0,2,1,1,12648,253,11207,300,1441,-47,8,9,1,2,2,1,,,,,,,,,,,,,1,1
lol-game-115548147900684666,partial,,LCK,2026,,0,2026-08-06 08:15:00,1,16.15.800.4844,4,Blue,bot,Aiming,,KIWOOM DRX,,Xayah,1,1269,7,0,10,27,6,,,0.2616,16363,773.7,0.2606,321,15.18,12,0.57,8,0.38,,,,,,,,,,,,,,,,,,,,,,,,7395,188,6290,160,1105,28,1,2,0,0,1,1,10954,240,9409,199,1545,41,3,8,0,1,2,3,14511,302,12574,246,1937,56,5,8,0,2,2,4,,,,,,,,,,,,,1,1
lol-game-115548147900684666,partial,,LCK,2026,,0,2026-08-06 08:15:00,1,16.15.800.4844,5,Blue,sup,Andil,,KIWOOM DRX,,Shen,1,1269,2,1,15,27,6,,,0.0762,8840,418.0,0.1408,45,2.13,45,2.13,24,1.13,,,,,,,,,,,,,,,,,,,,,,,,4366,32,4163,30,203,2,1,2,0,0,2,1,6031,39,5673,32,358,7,1,7,1,0,5,4,8291,45,6735,37,1556,8,2,12,1,0,5,6,,,,,,,,,,,,,1,1
lol-game-115548147900684666,partial,,LCK,2026,,0,2026-08-06 08:15:00,1,16.15.800.4844,,Blue,team,,,KIWOOM DRX,,,1,1269,27,6,60,27,6,1.277,1.56,,62799,,,1076,,91,,50,,,,,,,4,0,4,0,0,0,1,1,2,0,0,0,1,0,9,2,1,0,30835,700,31089,708,-254,-8,5,8,2,2,6,5,45864,893,42698,868,3166,25,16,32,5,5,13,16,57769,1036,51364,993,6405,43,22,49,6,6,15,22,,,,,,,,,,,,,1,1
lol-game-115548147900684666,partial,,LCK,2026,,0,2026-08-06 08:15:00,1,16.15.800.4844,6,Red,top,DuDu,,DN SOOPers,,Rumble,0,1269,2,5,1,6,27,,,0.3125,10876,514.2,0.2057,217,10.26,16,0.76,2,0.09,,,,,,,,,,,,,,,,,,,,,,,,6828,167,5958,169,870,-2,1,0,1,0,1,0,9289,194,8047,211,1242,-17,2,1,3,1,2,1,10434,208,9930,230,504,-22,2,1,4,2,6,1,,,,,,,,,,,,,1,1
lol-game-115548147900684666,partial,,LCK,2026,,0,2026-08-06 08:15:00,1,16.15.800.4844,7,Red,jng,Sharvel,,DN SOOPers,,Qiyana,0,1269,0,8,5,6,27,,,0.1508,10703,506.1,0.2024,206,9.74,6,0.28,11,0.52,,,,,,,,,,,,,,,,,,,,,,,,6638,152,6330,137,308,15,0,2,2,1,2,2,8851,187,9945,172,-1094,15,0,4,5,4,9,3,10414,202,12389,206,-1975,-4,0,5,7,5,14,3,,,,,,,,,,,,,1,1
lol-game-115548147900684666,partial,,LCK,2026,,0,2026-08-06 08:15:00,1,16.15.800.4844,8,Red,mid,Clozer,,DN SOOPers,,Yone,0,1269,2,2,2,6,27,,,0.1762,11477,542.6,0.2171,305,14.42,13,0.61,2,0.09,,,,,,,,,,,,,,,,,,,,,,,,7170,199,6786,174,384,25,1,1,0,2,1,0,9476,256,10887,231,-1411,25,2,1,1,7,6,0,11207,300,12648,253,-1441,47,2,2,1,8,9,1,,,,,,,,,,,,,1,1
lol-game-115548147900684666,partial,,LCK,2026,,0,2026-08-06 08:15:00,1,16.15.800.4844,9,Red,bot,deokdam,,DN SOOPers,,Corki,0,1269,2,5,2,6,27,,,0.2483,12876,608.8,0.2435,252,11.91,12,0.57,8,0.38,,,,,,,,,,,,,,,,,,,,,,,,6290,160,7395,188,-1105,-28,0,1,1,1,2,0,9409,199,10954,240,-1545,-41,1,2,3,3,8,0,12574,246,14511,302,-1937,-56,2,2,4,5,8,0,,,,,,,,,,,,,1,1
lol-game-115548147900684666,partial,,LCK,2026,,0,2026-08-06 08:15:00,1,16.15.800.4844,10,Red,sup,Peter,,DN SOOPers,,Camille,0,1269,0,7,5,6,27,,,0.1122,6943,328.3,0.1313,37,1.75,52,2.46,17,0.8,,,,,,,,,,,,,,,,,,,,,,,,4163,30,4366,32,-203,-2,0,2,1,1,2,0,5673,32,6031,39,-358,-7,0,5,4,1,7,1,6735,37,8291,45,-1556,-8,0,5,6,2,12,1,,,,,,,,,,,,,1,1
lol-game-115548147900684666,partial,,LCK,2026,,0,2026-08-06 08:15:00,1,16.15.800.4844,,Red,team,,,DN SOOPers,,,0,1269,6,27,15,6,27,0.284,1.56,,52875,,,1017,,99,,40,,,,,,,0,4,0,4,0,0,0,0,0,0,0,0,0,1,2,9,0,1,31089,708,30835,700,254,8,2,6,5,5,8,2,42698,868,45864,893,-3166,-25,5,13,16,16,32,5,51364,993,57769,1036,-6405,-43,6,15,22,22,49,6,,,,,,,,,,,,,1,1
lol-game-115548147900684667,partial,,LCK,2026,,0,2026-08-06 09:05:00,2,16.15.800.4844,1,Blue,top,DuDu,,DN SOOPers,,Yorick,0,1415,2,2,0,8,23,,,0.1677,11196,474.7,0.2055,282,11.96,18,0.76,5,0.21,,,,,,,,,,,,,,,,,,,,,,,,6479,167,6884,157,-405,10,1,0,0,2,2,1,8223,223,9344,212,-1121,11,1,0,1,3,3,1,10341,269,11380,255,-1039,14,2,0,1,3,5,1,,,,,,,,,,,,,1,1
lol-game-115548147900684667,partial,,LCK,2026,,0,2026-08-06 09:05:00,2,16.15.800.4844,2,Blue,jng,Sharvel,,DN SOOPers,,Skarner,0,1415,3,6,2,8,23,,,0.2245,10388,440.5,0.1906,190,8.06,20,0.85,11,0.47,,,,,,,,,,,,,,,,,,,,,,,,6359,127,7706,140,-1347,-13,2,1,2,4,3,0,7615,153,10298,183,-2683,-30,2,1,3,4,6,0,9649,181,12681,231,-3032,-50,3,2,4,4,7,0,,,,,,,,,,,,,1,1
lol-game-115548147900684667,partial,,LCK,2026,,0,2026-08-06 09:05:00,2,16.15.800.4844,3,Blue,mid,Clozer,,DN SOOPers,,Viktor,0,1415,1,3,6,8,23,,,0.2633,10702,453.8,0.1964,286,12.13,14,0.59,2,0.08,,,,,,,,,,,,,,,,,,,,,,,,6169,167,7259,184,-1090,-17,1,3,1,1,3,0,7929,226,9455,237,-1526,-11,1,3,1,2,3,0,9630,259,11456,257,-1826,2,1,6,2,5,3,2,,,,,,,,,,,,,1,1
lol-game-115548147900684667,partial,,LCK,2026,,0,2026-08-06 09:05:00,2,16.15.800.4844,4,Blue,bot,deokdam,,DN SOOPers,,Sivir,0,1415,2,5,5,8,23,,,0.24,14816,628.2,0.2719,288,12.21,14,0.59,13,0.55,,,,,,,,,,,,,,,,,,,,,,,,7399,146,7624,174,-225,-28,1,4,3,1,1,2,9527,201,10051,217,-524,-16,1,4,3,3,2,2,13339,259,12066,264,1273,-5,2,5,3,3,3,3,,,,,,,,,,,,,1,1
lol-game-115548147900684667,partial,,LCK,2026,,0,2026-08-06 09:05:00,2,16.15.800.4844,5,Blue,sup,Peter,,DN SOOPers,,Karma,0,1415,0,7,7,8,23,,,0.1046,7389,313.3,0.1356,27,1.14,62,2.63,11,0.47,,,,,,,,,,,,,,,,,,,,,,,,4227,22,4452,18,-225,4,0,4,2,0,6,2,5287,27,5792,22,-505,5,0,4,4,0,10,2,6657,27,6997,24,-340,3,0,7,5,0,12,2,,,,,,,,,,,,,1,1
lol-game-115548147900684667,partial,,LCK,2026,,0,2026-08-06 09:05:00,2,16.15.800.4844,,Blue,team,,,DN SOOPers,,,0,1415,8,23,20,8,23,0.339,1.314,,54491,,,1073,,128,,42,,,,,,,2,3,2,3,0,0,0,0,0,2,0,0,0,1,1,7,0,1,30633,629,33925,673,-3292,-44,5,12,8,8,15,5,38581,830,44940,871,-6359,-41,5,12,12,12,24,5,49616,995,54580,1031,-4964,-36,8,20,15,15,30,8,,,,,,,,,,,,,1,1
lol-game-115548147900684667,partial,,LCK,2026,,0,2026-08-06 09:05:00,2,16.15.800.4844,6,Red,top,Frog,,KIWOOM DRX,,Jayce,1,1415,8,1,8,23,8,,,0.2653,14263,604.8,0.2173,279,11.83,18,0.76,4,0.17,,,,,,,,,,,,,,,,,,,,,,,,6884,157,6479,167,405,-10,2,2,1,1,0,0,9344,212,8223,223,1121,-11,3,3,1,1,0,1,11380,255,10341,269,1039,-14,3,5,1,2,0,1,,,,,,,,,,,,,1,1
lol-game-115548147900684667,partial,,LCK,2026,,0,2026-08-06 09:05:00,2,16.15.800.4844,7,Red,jng,Willer,,KIWOOM DRX,,Lee Sin,1,1415,5,0,13,23,8,,,0.1954,14929,633.0,0.2275,252,10.69,21,0.89,11,0.47,,,,,,,,,,,,,,,,,,,,,,,,7706,140,6359,127,1347,13,4,3,0,2,1,2,10298,183,7615,153,2683,30,4,6,0,2,1,3,12681,231,9649,181,3032,50,4,7,0,3,2,4,,,,,,,,,,,,,1,1
lol-game-115548147900684667,partial,,LCK,2026,,0,2026-08-06 09:05:00,2,16.15.800.4844,8,Red,mid,Ucal,,KIWOOM DRX,,Aurora,1,1415,6,2,9,23,8,,,0.2281,13740,582.6,0.2094,289,12.25,10,0.42,11,0.47,,,,,,,,,,,,,,,,,,,,,,,,7259,184,6169,167,1090,17,1,3,0,1,3,1,9455,237,7929,226,1526,11,2,3,0,1,3,1,11456,257,9630,259,1826,-2,5,3,2,1,6,2,,,,,,,,,,,,,1,1
lol-game-115548147900684667,partial,,LCK,2026,,0,2026-08-06 09:05:00,2,16.15.800.4844,9,Red,bot,Aiming,,KIWOOM DRX,,Miss Fortune,1,1415,4,3,8,23,8,,,0.233,14382,609.8,0.2191,292,12.38,14,0.59,12,0.51,,,,,,,,,,,,,,,,,,,,,,,,7624,174,7399,146,225,28,1,1,2,1,4,3,10051,217,9527,201,524,16,3,2,2,1,4,3,12066,264,13339,259,-1273,5,3,3,3,2,5,3,,,,,,,,,,,,,1,1
lol-game-115548147900684667,partial,,LCK,2026,,0,2026-08-06 09:05:00,2,16.15.800.4844,10,Red,sup,Andil,,KIWOOM DRX,,Nautilus,1,1415,0,2,18,23,8,,,0.0782,8314,352.5,0.1267,26,1.1,49,2.08,11,0.47,,,,,,,,,,,,,,,,,,,,,,,,4452,18,4227,22,225,-4,0,6,2,0,4,2,5792,22,5287,27,505,-5,0,10,2,0,4,4,6997,24,6657,27,340,-3,0,12,2,0,7,5,,,,,,,,,,,,,1,1
lol-game-115548147900684667,partial,,LCK,2026,,0,2026-08-06 09:05:00,2,16.15.800.4844,,Red,team,,,KIWOOM DRX,,,1,1415,23,8,56,23,8,0.975,1.314,,65628,,,1138,,112,,49,,,,,,,3,2,3,2,1,0,0,1,0,1,0,0,1,0,7,1,1,0,33925,673,30633,629,3292,44,8,15,5,5,12,8,44940,871,38581,830,6359,41,12,24,5,5,12,12,54580,1031,49616,995,4964,36,15,30,8,8,20,15,,,,,,,,,,,,,1,1
lol-game-115548681803406116,partial,,LEC,2026,,0,2026-07-31 15:15:00,1,16.15.800.4844,1,Blue,top,Tracyn,,Team Heretics,,K'Sante,0,1926,2,2,1,9,10,,,0.1295,13704,426.9,0.2131,338,10.53,9,0.28,5,0.16,,,,,,,,,,,,,,,,,,,,,,,,5756,164,5768,151,-12,13,0,0,0,1,0,0,8897,228,7697,205,1200,23,2,1,0,1,1,1,10604,270,9932,263,672,7,2,1,0,1,1,1,12072,299,13384,312,-1312,-13,2,1,1,1,2,1,1,1
lol-game-115548681803406116,partial,,LEC,2026,,0,2026-07-31 15:15:00,1,16.15.800.4844,2,Blue,jng,Daglas,,Team Heretics,,Xin Zhao,0,1926,3,3,3,9,10,,,0.1584,13175,410.4,0.2049,263,8.19,12,0.37,17,0.53,,,,,,,,,,,,,,,,,,,,,,,,5976,132,5372,116,604,16,1,0,0,0,2,0,9054,181,7749,172,1305,9,3,3,1,1,3,1,10611,215,9609,211,1002,4,3,3,1,1,3,1,12186,248,11867,243,319,5,3,3,2,1,5,1,1,1
lol-game-115548681803406116,partial,,LEC,2026,,0,2026-07-31 15:15:00,1,16.15.800.4844,3,Blue,mid,Serin,,Team Heretics,,Jayce,0,1926,1,1,3,9,10,,,0.2328,12131,377.9,0.1886,288,8.97,20,0.62,7,0.22,,,,,,,,,,,,,,,,,,,,,,,,5264,152,5885,174,-621,-22,0,1,0,0,0,0,7071,196,7609,203,-538,-7,0,3,1,1,0,2,8294,218,9296,243,-1002,-25,0,3,1,1,0,2,9896,255,11756,285,-1860,-30,0,3,1,2,1,2,1,1
lol-game-115548681803406116,partial,,LEC,2026,,0,2026-07-31 15:15:00,1,16.15.800.4844,4,Blue,bot,Hype,,Team Heretics,,Ziggs,0,1926,2,1,3,9,10,,,0.4222,16289,507.4,0.2533,363,11.31,17,0.53,4,0.12,,,,,,,,,,,,,,,,,,,,,,,,6210,158,6397,170,-187,-12,0,0,1,0,1,0,9621,215,9140,223,481,-8,2,2,1,1,3,1,11687,277,11915,294,-228,-17,2,2,1,1,3,1,14046,319,15050,346,-1004,-27,2,2,1,2,4,1,1,1
lol-game-115548681803406116,partial,,LEC,2026,,0,2026-07-31 15:15:00,1,16.15.800.4844,5,Blue,sup,Way,,Team Heretics,,Leona,0,1926,1,3,6,9,10,,,0.0571,9008,280.6,0.1401,38,1.18,67,2.09,25,0.78,,,,,,,,,,,,,,,,,,,,,,,,3571,18,4037,26,-466,-8,0,1,1,1,0,1,5747,25,5219,27,528,-2,1,6,2,1,3,3,6889,29,6601,34,288,-5,1,6,2,1,3,3,8011,35,8098,38,-87,-3,1,6,2,1,5,3,1,1
lol-game-115548681803406116,partial,,LEC,2026,,0,2026-07-31 15:15:00,1,16.15.800.4844,,Blue,team,,,Team Heretics,,,0,1926,9,10,16,9,10,0.28,0.592,,64307,,,1290,,125,,58,,,,,,,2,3,2,3,0,0,0,2,0,0,0,0,0,1,4,10,0,2,26777,624,27459,637,-682,-13,1,2,2,2,3,1,40390,845,37414,830,2976,15,8,15,5,5,10,8,48085,1009,47353,1045,732,-36,8,15,5,5,10,8,56211,1156,60155,1224,-3944,-68,8,15,7,7,17,8,1,1
lol-game-115548681803406116,partial,,LEC,2026,,0,2026-07-31 15:15:00,1,16.15.800.4844,6,Red,top,Naak Nako,,Team Vitality,,Yorick,1,1926,2,1,2,10,9,,,0.2447,16337,508.9,0.2314,362,11.28,19,0.59,4,0.12,,,,,,,,,,,,,,,,,,,,,,,,5768,151,5756,164,12,-13,1,0,0,0,0,0,7697,205,8897,228,-1200,-23,1,1,1,2,1,0,9932,263,10604,270,-672,-7,1,1,1,2,1,0,13384,312,12072,299,1312,13,1,2,1,2,1,1,1,1
lol-game-115548681803406116,partial,,LEC,2026,,0,2026-07-31 15:15:00,1,16.15.800.4844,7,Red,jng,Lyncas,,Team Vitality,,Pantheon,1,1926,1,1,7,10,9,,,0.1306,13179,410.6,0.1867,254,7.91,11,0.34,12,0.37,,,,,,,,,,,,,,,,,,,,,,,,5372,116,5976,132,-604,-16,0,2,0,1,0,0,7749,172,9054,181,-1305,-9,1,3,1,3,3,1,9609,211,10611,215,-1002,-4,1,3,1,3,3,1,11867,243,12186,248,-319,-5,1,5,1,3,3,2,1,1
lol-game-115548681803406116,partial,,LEC,2026,,0,2026-07-31 15:15:00,1,16.15.800.4844,8,Red,mid,FIESTA,,Team Vitality,,Syndra,1,1926,3,3,1,10,9,,,0.2716,13337,415.5,0.1889,305,9.5,17,0.53,5,0.16,,,,,,,,,,,,,,,,,,,,,,,,5885,174,5264,152,621,22,0,0,0,0,1,0,7609,203,7071,196,538,7,1,0,2,0,3,1,9296,243,8294,218,1002,25,1,0,2,0,3,1,11756,285,9896,255,1860,30,2,1,2,0,3,1,1,1
lol-game-115548681803406116,partial,,LEC,2026,,0,2026-07-31 15:15:00,1,16.15.800.4844,9,Red,bot,Carzzy,,Team Vitality,,Sivir,1,1926,3,1,5,10,9,,,0.3025,18418,573.8,0.2609,412,12.83,16,0.5,21,0.65,,,,,,,,,,,,,,,,,,,,,,,,6397,170,6210,158,187,12,0,1,0,0,0,1,9140,223,9621,215,-481,8,1,3,1,2,2,1,11915,294,11687,277,228,17,1,3,1,2,2,1,15050,346,14046,319,1004,27,2,4,1,2,2,1,1,1
lol-game-115548681803406116,partial,,LEC,2026,,0,2026-07-31 15:15:00,1,16.15.800.4844,10,Red,sup,Fleshy,,Team Vitality,,Rell,1,1926,1,3,7,10,9,,,0.0505,9333,290.7,0.1322,39,1.21,82,2.55,19,0.59,,,,,,,,,,,,,,,,,,,,,,,,4037,26,3571,18,466,8,1,0,1,0,1,1,5219,27,5747,25,-528,2,1,3,3,1,6,2,6601,34,6889,29,-288,5,1,3,3,1,6,2,8098,38,8011,35,87,3,1,5,3,1,6,2,1,1
lol-game-115548681803406116,partial,,LEC,2026,,0,2026-07-31 15:15:00,1,16.15.800.4844,,Red,team,,,Team Vitality,,,1,1926,10,9,22,10,9,0.312,0.592,,70604,,,1372,,145,,61,,,,,,,3,2,3,2,0,0,1,1,1,0,0,0,1,0,10,4,2,0,27459,637,26777,624,682,13,2,3,1,1,2,2,37414,830,40390,845,-2976,-15,5,10,8,8,15,5,47353,1045,48085,1009,-732,36,5,10,8,8,15,5,60155,1224,56211,1156,3944,68,7,17,8,8,15,7,1,1
lol-game-115548681803406117,partial,,LEC,2026,,0,2026-07-31 16:15:00,2,16.15.800.4844,1,Blue,top,Naak Nako,,Team Vitality,,Akali,1,1185,9,1,4,21,8,,,0.2979,15429,781.2,0.2637,251,12.71,8,0.41,0,0.0,,,,,,,,,,,,,,,,,,,,,,,,8038,170,4900,130,3138,40,2,0,0,0,0,3,12540,215,6409,175,6131,40,8,2,0,0,0,5,,,,,,,,,,,,,,,,,,,,,,,,,1,1
lol-game-115548681803406117,partial,,LEC,2026,,0,2026-07-31 16:15:00,2,16.15.800.4844,2,Blue,jng,Lyncas,,Team Vitality,,Lee Sin,1,1185,8,0,3,21,8,,,0.1441,12432,629.5,0.2125,189,9.57,13,0.66,2,0.1,,,,,,,,,,,,,,,,,,,,,,,,6595,132,5899,126,696,6,2,1,0,0,3,0,8800,167,7392,154,1408,13,3,2,0,0,5,1,,,,,,,,,,,,,,,,,,,,,,,,,1,1
lol-game-115548681803406117,partial,,LEC,2026,,0,2026-07-31 16:15:00,2,16.15.800.4844,3,Blue,mid,FIESTA,,Team Vitality,,Aatrox,1,1185,4,3,5,21,8,,,0.2413,11417,578.1,0.1951,223,11.29,6,0.3,3,0.15,,,,,,,,,,,,,,,,,,,,,,,,5948,159,6125,137,-177,22,0,0,1,3,1,1,7944,196,7793,181,151,15,1,2,2,3,3,3,,,,,,,,,,,,,,,,,,,,,,,,,1,1
lol-game-115548681803406117,partial,,LEC,2026,,0,2026-07-31 16:15:00,2,16.15.800.4844,4,Blue,bot,Carzzy,,Team Vitality,,Cassiopeia,1,1185,0,2,12,21,8,,,0.2237,11627,588.7,0.1987,239,12.1,9,0.46,4,0.2,,,,,,,,,,,,,,,,,,,,,,,,6313,160,6885,167,-572,-7,0,1,2,1,1,0,8875,205,9021,208,-146,-3,0,6,2,2,1,2,,,,,,,,,,,,,,,,,,,,,,,,,1,1
lol-game-115548681803406117,partial,,LEC,2026,,0,2026-07-31 16:15:00,2,16.15.800.4844,5,Blue,sup,Fleshy,,Team Vitality,,Nautilus,1,1185,0,2,10,21,8,,,0.0929,7607,385.2,0.13,31,1.57,47,2.38,13,0.66,,,,,,,,,,,,,,,,,,,,,,,,4226,22,4105,23,121,-1,0,2,1,0,4,0,5782,28,5618,31,164,-3,0,6,2,1,5,1,,,,,,,,,,,,,,,,,,,,,,,,,1,1
lol-game-115548681803406117,partial,,LEC,2026,,0,2026-07-31 16:15:00,2,16.15.800.4844,,Blue,team,,,Team Vitality,,,1,1185,21,8,34,21,8,1.063,1.468,,58512,,,933,,83,,22,,,,,,,2,1,2,1,0,0,1,1,0,0,0,0,1,0,11,0,3,0,31120,643,27914,583,3206,60,4,4,4,4,9,4,43941,811,36233,749,7708,62,12,18,6,6,14,12,,,,,,,,,,,,,,,,,,,,,,,,,1,1
lol-game-115548681803406117,partial,,LEC,2026,,0,2026-07-31 16:15:00,2,16.15.800.4844,6,Red,top,Tracyn,,Team Heretics,,Gnar,0,1185,1,7,0,8,21,,,0.2003,8584,434.6,0.1923,212,10.73,8,0.41,1,0.05,,,,,,,,,,,,,,,,,,,,,,,,4900,130,8038,170,-3138,-40,0,0,3,2,0,0,6409,175,12540,215,-6131,-40,0,0,5,8,2,0,,,,,,,,,,,,,,,,,,,,,,,,,1,1
lol-game-115548681803406117,partial,,LEC,2026,,0,2026-07-31 16:15:00,2,16.15.800.4844,7,Red,jng,Daglas,,Team Heretics,,Jarvan IV,0,1185,0,4,6,8,21,,,0.1646,8414,426.0,0.1885,163,8.25,9,0.46,6,0.3,,,,,,,,,,,,,,,,,,,,,,,,5899,126,6595,132,-696,-6,0,3,0,2,1,0,7392,154,8800,167,-1408,-13,0,5,1,3,2,0,,,,,,,,,,,,,,,,,,,,,,,,,1,1
lol-game-115548681803406117,partial,,LEC,2026,,0,2026-07-31 16:15:00,2,16.15.800.4844,8,Red,mid,Serin,,Team Heretics,,Galio,0,1185,3,5,4,8,21,,,0.3103,9131,462.3,0.2046,213,10.78,8,0.41,0,0.0,,,,,,,,,,,,,,,,,,,,,,,,6125,137,5948,159,177,-22,3,1,1,0,0,1,7793,181,7944,196,-151,-15,3,3,3,1,2,2,,,,,,,,,,,,,,,,,,,,,,,,,1,1
lol-game-115548681803406117,partial,,LEC,2026,,0,2026-07-31 16:15:00,2,16.15.800.4844,9,Red,bot,Hype,,Team Heretics,,Orianna,0,1185,3,3,2,8,21,,,0.2697,11974,606.3,0.2683,253,12.81,12,0.61,3,0.15,,,,,,,,,,,,,,,,,,,,,,,,6885,167,6313,160,572,7,1,1,0,0,1,2,9021,208,8875,205,146,3,2,1,2,0,6,2,,,,,,,,,,,,,,,,,,,,,,,,,1,1
lol-game-115548681803406117,partial,,LEC,2026,,0,2026-07-31 16:15:00,2,16.15.800.4844,10,Red,sup,Way,,Team Heretics,,Shen,0,1185,1,2,5,8,21,,,0.0551,6534,330.8,0.1464,33,1.67,49,2.48,13,0.66,,,,,,,,,,,,,,,,,,,,,,,,4105,23,4226,22,-121,1,0,4,0,0,2,1,5618,31,5782,28,-164,3,1,5,1,0,6,2,,,,,,,,,,,,,,,,,,,,,,,,,1,1
lol-game-115548681803406117,partial,,LEC,2026,,0,2026-07-31 16:15:00,2,16.15.800.4844,,Red,team,,,Team Heretics,,,0,1185,8,21,17,8,21,0.405,1.468,,44637,,,874,,86,,23,,,,,,,1,2,1,2,1,0,0,0,0,0,0,0,0,1,0,11,0,3,27914,583,31120,643,-3206,-60,4,9,4,4,4,4,36233,749,43941,811,-7708,-62,6,14,12,12,18,6,,,,,,,,,,,,,,,,,,,,,,,,,1,1
lol-game-115548681803406136,partial,,LEC,2026,,0,2026-08-07 18:00:00,1,16.15.800.4844,1,Blue,top,Tracyn,,Team Heretics,,Gnar,1,1702,2,0,4,11,3,,,0.2646,13356,470.8,0.2182,289,10.19,8,0.28,11,0.39,,,,,,,,,,,,,,,,,,,,,,,,5040,124,4824,124,216,0,1,0,0,0,1,1,7341,163,6452,171,889,-8,1,1,0,0,2,2,8996,208,7648,198,1348,10,1,3,0,0,2,3,10860,254,9150,234,1710,20,1,3,0,0,2,3,1,1
lol-game-115548681803406136,partial,,LEC,2026,,0,2026-08-07 18:00:00,1,16.15.800.4844,2,Blue,jng,Daglas,,Team Heretics,,Xin Zhao,1,1702,3,1,4,11,3,,,0.1599,13057,460.3,0.2133,274,9.66,8,0.28,14,0.49,,,,,,,,,,,,,,,,,,,,,,,,4949,124,4672,112,277,12,0,0,0,0,0,0,6722,159,7236,154,-514,5,0,0,1,2,0,0,9134,212,8867,188,267,24,1,2,1,2,0,1,11178,258,10269,220,909,38,1,2,1,2,0,2,1,1
lol-game-115548681803406136,partial,,LEC,2026,,0,2026-08-07 18:00:00,1,16.15.800.4844,3,Blue,mid,Serin,,Team Heretics,,Akali,1,1702,3,0,1,11,3,,,0.152,11899,419.5,0.1944,263,9.27,11,0.39,8,0.28,,,,,,,,,,,,,,,,,,,,,,,,4738,135,4738,139,0,-4,0,0,0,0,0,0,6628,185,6488,185,140,0,0,0,0,0,2,0,8193,211,8112,229,81,-18,1,0,0,0,2,0,9877,245,9564,262,313,-17,1,0,0,0,2,0,1,1
lol-game-115548681803406136,partial,,LEC,2026,,0,2026-08-07 18:00:00,1,16.15.800.4844,4,Blue,bot,Hype,,Team Heretics,,Viktor,1,1702,0,1,7,11,3,,,0.3608,13900,490.0,0.2271,330,11.63,18,0.63,2,0.07,,,,,,,,,,,,,,,,,,,,,,,,5387,138,5083,131,304,7,0,0,1,1,0,0,7616,201,7847,203,-231,-2,0,0,1,1,0,0,9475,244,9813,255,-338,-11,0,3,1,1,0,0,11962,294,12002,317,-40,-23,0,4,1,1,0,0,1,1
lol-game-115548681803406136,partial,,LEC,2026,,0,2026-08-07 18:00:00,1,16.15.800.4844,5,Blue,sup,Way,,Team Heretics,,Shen,1,1702,3,1,6,11,3,,,0.0627,8991,317.0,0.1469,35,1.23,68,2.4,17,0.6,,,,,,,,,,,,,,,,,,,,,,,,2969,20,2737,18,232,2,0,1,0,0,0,0,4542,23,3924,22,618,1,1,1,1,0,2,0,5947,24,4902,23,1045,1,2,3,1,0,2,1,7679,31,5909,25,1770,6,3,3,1,0,2,1,1,1
lol-game-115548681803406136,partial,,LEC,2026,,0,2026-08-07 18:00:00,1,16.15.800.4844,,Blue,team,,,Team Heretics,,,1,1702,11,3,22,11,3,0.388,0.494,,61203,,,1191,,113,,52,,,,,,,3,1,3,1,0,2,0,0,1,0,0,0,1,0,8,0,1,0,23083,541,22054,524,1029,17,1,1,1,1,1,1,32849,731,31947,735,902,-4,2,2,3,3,6,2,41745,899,39342,893,2403,6,5,11,3,3,6,5,51556,1082,46894,1058,4662,24,6,12,3,3,6,6,1,1
lol-game-115548681803406136,partial,,LEC,2026,,0,2026-08-07 18:00:00,1,16.15.800.4844,6,Red,top,Soboro,,Fnatic,,Rumble,0,1702,0,4,2,3,11,,,0.3247,10067,354.9,0.1964,251,8.85,17,0.6,1,0.04,,,,,,,,,,,,,,,,,,,,,,,,4824,124,5040,124,-216,0,0,1,1,1,0,0,6452,171,7341,163,-889,8,0,2,2,1,1,0,7648,198,8996,208,-1348,-10,0,2,3,1,3,0,9150,234,10860,254,-1710,-20,0,2,3,1,3,0,1,1
lol-game-115548681803406136,partial,,LEC,2026,,0,2026-08-07 18:00:00,1,16.15.800.4844,7,Red,jng,Razork,,Fnatic,,Jarvan IV,0,1702,2,3,0,3,11,,,0.1679,11080,390.6,0.2162,236,8.32,12,0.42,15,0.53,,,,,,,,,,,,,,,,,,,,,,,,4672,112,4949,124,-277,-12,0,0,0,0,0,0,7236,154,6722,159,514,-5,2,0,0,0,0,1,8867,188,9134,212,-267,-24,2,0,1,1,2,1,10269,220,11178,258,-909,-38,2,0,2,1,2,1,1,1
lol-game-115548681803406136,partial,,LEC,2026,,0,2026-08-07 18:00:00,1,16.15.800.4844,8,Red,mid,Vladi,,Fnatic,,Orianna,0,1702,0,1,2,3,11,,,0.2021,10277,362.3,0.2005,271,9.55,11,0.39,8,0.28,,,,,,,,,,,,,,,,,,,,,,,,4738,139,4738,135,0,4,0,0,0,0,0,0,6488,185,6628,185,-140,0,0,2,0,0,0,0,8112,229,8193,211,-81,18,0,2,0,1,0,0,9564,262,9877,245,-313,17,0,2,0,1,0,0,1,1
lol-game-115548681803406136,partial,,LEC,2026,,0,2026-08-07 18:00:00,1,16.15.800.4844,9,Red,bot,Upset,,Fnatic,,Ezreal,0,1702,1,1,0,3,11,,,0.26,13182,464.7,0.2572,338,11.92,12,0.42,6,0.21,,,,,,,,,,,,,,,,,,,,,,,,5083,131,5387,138,-304,-7,1,0,0,0,0,1,7847,203,7616,201,231,2,1,0,0,0,0,1,9813,255,9475,244,338,11,1,0,0,0,3,1,12002,317,11962,294,40,23,1,0,0,0,4,1,1,1
lol-game-115548681803406136,partial,,LEC,2026,,0,2026-08-07 18:00:00,1,16.15.800.4844,10,Red,sup,Lospa,,Fnatic,,Alistar,0,1702,0,2,2,3,11,,,0.0453,6648,234.4,0.1297,29,1.02,68,2.4,13,0.46,,,,,,,,,,,,,,,,,,,,,,,,2737,18,2969,20,-232,-2,0,0,0,0,1,0,3924,22,4542,23,-618,-1,0,2,0,1,1,1,4902,23,5947,24,-1045,-1,0,2,1,2,3,1,5909,25,7679,31,-1770,-6,0,2,1,3,3,1,1,1
lol-game-115548681803406136,partial,,LEC,2026,,0,2026-08-07 18:00:00,1,16.15.800.4844,,Red,team,,,Fnatic,,,0,1702,3,11,6,3,11,0.106,0.494,,51254,,,1125,,120,,43,,,,,,,1,3,1,3,1,0,0,0,0,0,0,0,0,1,0,8,0,1,22054,524,23083,541,-1029,-17,1,1,1,1,1,1,31947,735,32849,731,-902,4,3,6,2,2,2,3,39342,893,41745,899,-2403,-6,3,6,5,5,11,3,46894,1058,51556,1082,-4662,-24,3,6,6,6,12,3,1,1
lol-game-115548681803406137,partial,,LEC,2026,,0,2026-08-07 18:50:00,2,16.15.800.4844,1,Blue,top,Tracyn,,Team Heretics,,K'Sante,0,1745,0,3,1,2,16,,,0.1755,10357,356.1,0.1996,290,9.97,6,0.21,8,0.28,,,,,,,,,,,,,,,,,,,,,,,,3955,113,4485,131,-530,-18,0,0,0,0,0,0,5726,171,6368,188,-642,-17,0,0,0,0,0,0,7528,231,8116,236,-588,-5,0,0,0,0,0,0,9329,270,10485,277,-1156,-7,0,1,1,0,4,0,1,1
lol-game-115548681803406137,partial,,LEC,2026,,0,2026-08-07 18:50:00,2,16.15.800.4844,2,Blue,jng,Daglas,,Team Heretics,,Wukong,0,1745,1,4,1,2,16,,,0.1281,10482,360.4,0.202,216,7.43,7,0.24,17,0.58,,,,,,,,,,,,,,,,,,,,,,,,3773,83,4038,100,-265,-17,0,0,1,0,0,0,5581,127,5846,144,-265,-17,0,0,1,0,1,0,7717,169,8068,174,-351,-5,1,0,1,1,1,1,9455,196,10186,213,-731,-17,1,1,2,2,3,1,1,1
lol-game-115548681803406137,partial,,LEC,2026,,0,2026-08-07 18:50:00,2,16.15.800.4844,3,Blue,mid,Serin,,Team Heretics,,Syndra,0,1745,0,2,1,2,16,,,0.319,10887,374.3,0.2098,296,10.18,17,0.58,9,0.31,,,,,,,,,,,,,,,,,,,,,,,,4310,121,4357,116,-47,5,0,0,0,1,0,0,6280,180,6417,177,-137,3,0,0,0,2,0,0,8110,237,8350,225,-240,12,0,0,0,2,1,0,9791,271,11194,281,-1403,-10,0,1,1,4,2,0,1,1
lol-game-115548681803406137,partial,,LEC,2026,,0,2026-08-07 18:50:00,2,16.15.800.4844,4,Blue,bot,Hype,,Team Heretics,,Lucian,0,1745,1,2,1,2,16,,,0.3101,13378,460.0,0.2578,334,11.48,11,0.38,8,0.28,,,,,,,,,,,,,,,,,,,,,,,,4190,111,3823,102,367,9,0,0,0,0,1,0,6449,175,6461,162,-12,13,0,0,0,0,2,0,8807,237,8339,215,468,22,0,1,0,0,3,0,11827,296,11496,270,331,26,1,1,1,2,4,0,1,1
lol-game-115548681803406137,partial,,LEC,2026,,0,2026-08-07 18:50:00,2,16.15.800.4844,5,Blue,sup,Way,,Team Heretics,,Leona,0,1745,0,5,2,2,16,,,0.0674,6797,233.7,0.131,35,1.2,68,2.34,9,0.31,,,,,,,,,,,,,,,,,,,,,,,,2582,25,2633,17,-51,8,0,0,0,0,1,0,3644,28,3722,23,-78,5,0,0,1,0,2,0,4698,30,5040,30,-342,0,0,1,2,0,3,0,6008,35,6428,33,-420,2,0,2,3,0,5,1,1,1
lol-game-115548681803406137,partial,,LEC,2026,,0,2026-08-07 18:50:00,2,16.15.800.4844,,Blue,team,,,Team Heretics,,,0,1745,2,16,6,2,16,0.069,0.619,,51901,,,1171,,109,,51,,,,,,,1,4,1,4,0,0,0,0,1,0,0,0,0,0,2,7,0,1,18810,453,19336,466,-526,-13,0,0,1,1,2,0,27680,681,28814,694,-1134,-13,0,0,2,2,5,0,36860,904,37913,880,-1053,24,1,2,3,3,8,1,46410,1068,49789,1074,-3379,-6,2,6,8,8,18,2,1,1
lol-game-115548681803406137,partial,,LEC,2026,,0,2026-08-07 18:50:00,2,16.15.800.4844,6,Red,top,Soboro,,Fnatic,,Renekton,1,1745,3,0,7,16,2,,,0.3312,12859,442.1,0.2077,297,10.21,8,0.28,9,0.31,,,,,,,,,,,,,,,,,,,,,,,,4485,131,3955,113,530,18,0,0,0,0,0,0,6368,188,5726,171,642,17,0,0,0,0,0,0,8116,236,7528,231,588,5,0,0,0,0,0,0,10485,277,9329,270,1156,7,0,4,0,0,1,1,1,1
lol-game-115548681803406137,partial,,LEC,2026,,0,2026-08-07 18:50:00,2,16.15.800.4844,7,Red,jng,Razork,,Fnatic,,Lee Sin,1,1745,4,1,7,16,2,,,0.1464,13111,450.8,0.2117,245,8.42,15,0.52,9,0.31,,,,,,,,,,,,,,,,,,,,,,,,4038,100,3773,83,265,17,0,0,0,0,0,1,5846,144,5581,127,265,17,0,1,0,0,0,1,8068,174,7717,169,351,5,1,1,1,1,0,1,10186,213,9455,196,731,17,2,3,1,1,1,2,1,1
lol-game-115548681803406137,partial,,LEC,2026,,0,2026-08-07 18:50:00,2,16.15.800.4844,8,Red,mid,Vladi,,Fnatic,,Cassiopeia,1,1745,4,0,7,16,2,,,0.2164,12618,433.9,0.2038,295,10.14,19,0.65,5,0.17,,,,,,,,,,,,,,,,,,,,,,,,4357,116,4310,121,47,-5,1,0,0,0,0,0,6417,177,6280,180,137,-3,2,0,0,0,0,0,8350,225,8110,237,240,-12,2,1,0,0,0,0,11194,281,9791,271,1403,10,4,2,0,0,1,1,1,1
lol-game-115548681803406137,partial,,LEC,2026,,0,2026-08-07 18:50:00,2,16.15.800.4844,9,Red,bot,Upset,,Fnatic,,Jhin,1,1745,4,0,8,16,2,,,0.2395,15207,522.9,0.2456,317,10.9,15,0.52,7,0.24,,,,,,,,,,,,,,,,,,,,,,,,3823,102,4190,111,-367,-9,0,1,0,0,0,0,6461,162,6449,175,12,-13,0,2,0,0,0,0,8339,215,8807,237,-468,-22,0,3,0,0,1,0,11496,270,11827,296,-331,-26,2,4,0,1,1,1,1,1
lol-game-115548681803406137,partial,,LEC,2026,,0,2026-08-07 18:50:00,2,16.15.800.4844,10,Red,sup,Lospa,,Fnatic,,Nautilus,1,1745,1,1,11,16,2,,,0.0665,8127,279.4,0.1312,35,1.2,67,2.3,19,0.65,,,,,,,,,,,,,,,,,,,,,,,,2633,17,2582,25,51,-8,0,1,0,0,0,0,3722,23,3644,28,78,-5,0,2,0,0,0,1,5040,30,4698,30,342,0,0,3,0,0,1,2,6428,33,6008,35,420,-2,0,5,1,0,2,3,1,1
lol-game-115548681803406137,partial,,LEC,2026,,0,2026-08-07 18:50:00,2,16.15.800.4844,,Red,team,,,Fnatic,,,1,1745,16,2,40,16,2,0.55,0.619,,61922,,,1189,,124,,49,,,,,,,4,1,4,1,0,1,1,0,2,0,0,0,0,0,7,2,1,0,19336,466,18810,453,526,13,1,2,0,0,0,1,28814,694,27680,681,1134,13,2,5,0,0,0,2,37913,880,36860,904,1053,-24,3,8,1,1,2,3,49789,1074,46410,1068,3379,6,8,18,2,2,6,8,1,1
lol-game-115548681803406138,partial,,LEC,2026,,0,2026-08-07 19:42:00,3,16.15.800.4844,1,Blue,top,Tracyn,,Team Heretics,,Ambessa,1,1958,4,3,4,16,9,,,0.2363,14259,436.9,0.2064,284,8.7,8,0.25,4,0.12,,,,,,,,,,,,,,,,,,,,,,,,4367,108,3504,85,863,23,1,0,0,0,0,1,6301,153,5334,133,967,20,2,0,1,0,0,1,7882,200,7186,192,696,8,2,0,1,0,0,1,9797,212,8768,211,1029,1,3,2,3,1,3,2,1,1
lol-game-115548681803406138,partial,,LEC,2026,,0,2026-08-07 19:42:00,3,16.15.800.4844,2,Blue,jng,Daglas,,Team Heretics,,Skarner,1,1958,1,2,9,16,9,,,0.1256,12275,376.1,0.1777,206,6.31,10,0.31,12,0.37,,,,,,,,,,,,,,,,,,,,,,,,3399,62,4182,89,-783,-27,0,1,1,1,0,0,5334,110,6085,128,-751,-18,0,2,1,1,0,0,7109,155,7919,172,-810,-17,0,2,1,1,0,0,9238,172,9724,193,-486,-21,1,4,1,2,2,2,1,1
lol-game-115548681803406138,partial,,LEC,2026,,0,2026-08-07 19:42:00,3,16.15.800.4844,3,Blue,mid,Serin,,Team Heretics,,Azir,1,1958,5,1,7,16,9,,,0.3179,14892,456.3,0.2155,299,9.16,14,0.43,7,0.21,,,,,,,,,,,,,,,,,,,,,,,,3854,107,3928,114,-74,-7,0,0,0,0,0,0,5720,161,5715,159,5,2,0,0,0,0,0,1,7823,224,7489,213,334,11,0,0,0,0,0,1,10044,241,9482,238,562,3,1,3,1,2,2,2,1,1
lol-game-115548681803406138,partial,,LEC,2026,,0,2026-08-07 19:42:00,3,16.15.800.4844,4,Blue,bot,Hype,,Team Heretics,,Corki,1,1958,4,2,6,16,9,,,0.2637,17277,529.4,0.2501,342,10.48,12,0.37,10,0.31,,,,,,,,,,,,,,,,,,,,,,,,4199,121,4673,121,-474,0,0,0,0,0,0,0,6310,176,7631,181,-1321,-5,0,0,0,1,0,0,8667,247,9977,250,-1310,-3,0,0,0,1,0,0,11792,278,11915,283,-123,-5,2,2,1,2,1,1,1,1
lol-game-115548681803406138,partial,,LEC,2026,,0,2026-08-07 19:42:00,3,16.15.800.4844,5,Blue,sup,Way,,Team Heretics,,Bard,1,1958,2,1,12,16,9,,,0.0566,10388,318.3,0.1504,35,1.07,70,2.15,20,0.61,,,,,,,,,,,,,,,,,,,,,,,,2731,11,2697,11,34,0,0,1,0,0,0,0,4007,17,3971,18,36,-1,0,2,0,0,1,0,5114,21,5018,19,96,2,0,2,0,0,1,0,6498,23,6471,22,27,1,0,5,1,0,6,0,1,1
lol-game-115548681803406138,partial,,LEC,2026,,0,2026-08-07 19:42:00,3,16.15.800.4844,,Blue,team,,,Team Heretics,,,1,1958,16,9,38,16,9,0.49,0.766,,69091,,,1166,,114,,53,,,,,,,1,4,0,4,0,0,0,0,0,0,1,0,2,0,9,3,2,0,18550,409,18984,420,-434,-11,1,2,1,1,0,1,27672,617,28736,619,-1064,-2,2,4,2,2,1,2,36595,847,37589,846,-994,1,2,4,2,2,1,2,47369,926,46360,947,1009,-21,7,16,7,7,14,7,1,1
lol-game-115548681803406138,partial,,LEC,2026,,0,2026-08-07 19:42:00,3,16.15.800.4844,6,Red,top,Soboro,,Fnatic,,Zaahen,0,1958,2,4,3,9,16,,,0.2239,11255,344.9,0.1889,243,7.45,16,0.49,5,0.15,,,,,,,,,,,,,,,,,,,,,,,,3504,85,4367,108,-863,-23,0,0,1,1,0,0,5334,133,6301,153,-967,-20,0,0,1,2,0,1,7186,192,7882,200,-696,-8,0,0,1,2,0,1,8768,211,9797,212,-1029,-1,1,3,2,3,2,3,1,1
lol-game-115548681803406138,partial,,LEC,2026,,0,2026-08-07 19:42:00,3,16.15.800.4844,7,Red,jng,Razork,,Fnatic,,Trundle,0,1958,2,4,2,9,16,,,0.1155,12029,368.6,0.2019,236,7.23,6,0.18,18,0.55,,,,,,,,,,,,,,,,,,,,,,,,4182,89,3399,62,783,27,1,0,0,0,1,1,6085,128,5334,110,751,18,1,0,0,0,2,1,7919,172,7109,155,810,17,1,0,0,0,2,1,9724,193,9238,172,486,21,2,2,2,1,4,1,1,1
lol-game-115548681803406138,partial,,LEC,2026,,0,2026-08-07 19:42:00,3,16.15.800.4844,8,Red,mid,Vladi,,Fnatic,,Anivia,0,1958,2,3,2,9,16,,,0.2274,11679,357.9,0.196,280,8.58,18,0.55,8,0.25,,,,,,,,,,,,,,,,,,,,,,,,3928,114,3854,107,74,7,0,0,0,0,0,0,5715,159,5720,161,-5,-2,0,0,1,0,0,0,7489,213,7823,224,-334,-11,0,0,1,0,0,0,9482,238,10044,241,-562,-3,2,2,2,1,3,1,1,1
lol-game-115548681803406138,partial,,LEC,2026,,0,2026-08-07 19:42:00,3,16.15.800.4844,9,Red,bot,Upset,,Fnatic,,Zeri,0,1958,3,3,2,9,16,,,0.3576,16323,500.2,0.2739,351,10.76,15,0.46,7,0.21,,,,,,,,,,,,,,,,,,,,,,,,4673,121,4199,121,474,0,0,0,0,0,0,0,7631,181,6310,176,1321,5,1,0,0,0,0,0,9977,250,8667,247,1310,3,1,0,0,0,0,0,11915,283,11792,278,123,5,2,1,1,2,2,1,1,1
lol-game-115548681803406138,partial,,LEC,2026,,0,2026-08-07 19:42:00,3,16.15.800.4844,10,Red,sup,Lospa,,Fnatic,,Lulu,0,1958,0,2,8,9,16,,,0.0756,8306,254.5,0.1394,24,0.74,69,2.11,6,0.18,,,,,,,,,,,,,,,,,,,,,,,,2697,11,2731,11,-34,0,0,0,0,0,1,0,3971,18,4007,17,-36,1,0,1,0,0,2,0,5018,19,5114,21,-96,-2,0,1,0,0,2,0,6471,22,6498,23,-27,-1,0,6,0,0,5,1,1,1
lol-game-115548681803406138,partial,,LEC,2026,,0,2026-08-07 19:42:00,3,16.15.800.4844,,Red,team,,,Fnatic,,,0,1958,9,16,17,9,16,0.276,0.766,,59592,,,1134,,124,,44,,,,,,,4,1,4,0,2,1,0,0,0,1,0,1,0,2,3,9,0,2,18984,420,18550,409,434,11,1,0,1,1,2,1,28736,619,27672,617,1064,2,2,1,2,2,4,2,37589,846,36595,847,994,-1,2,1,2,2,4,2,46360,947,47369,926,-1009,21,7,14,7,7,16,7,1,1
lol-game-115548681803406140,partial,,LEC,2026,,0,2026-08-03 17:20:00,1,16.15.800.4844,1,Blue,top,Canna,,Karmine Corp,,Ambessa,1,1931,3,1,5,18,6,,,0.2544,18028,560.2,0.219,406,12.62,23,0.71,7,0.22,,,,,,,,,,,,,,,,,,,,,,,,6137,178,6590,199,-453,-21,0,0,0,0,0,0,8986,229,8161,238,825,-9,1,2,0,0,0,2,10633,271,11499,301,-866,-30,1,3,1,1,1,2,13001,332,13943,336,-942,-4,1,3,1,2,1,2,1,1
lol-game-115548681803406140,partial,,LEC,2026,,0,2026-08-03 17:20:00,1,16.15.800.4844,2,Blue,jng,Yike,,Karmine Corp,,Lee Sin,1,1931,7,1,4,18,6,,,0.1594,17350,539.1,0.2107,310,9.63,24,0.75,12,0.37,,,,,,,,,,,,,,,,,,,,,,,,7334,149,6507,148,827,1,3,2,0,0,1,1,9877,193,7913,173,1964,20,4,2,0,0,1,2,11975,234,9534,197,2441,37,5,4,0,0,2,3,14200,280,11328,233,2872,47,5,4,0,0,4,3,1,1
lol-game-115548681803406140,partial,,LEC,2026,,0,2026-08-03 17:20:00,1,16.15.800.4844,3,Blue,mid,kyeahoo,,Karmine Corp,,Syndra,1,1931,3,1,8,18,6,,,0.2216,17476,543.0,0.2123,385,11.96,19,0.59,14,0.44,,,,,,,,,,,,,,,,,,,,,,,,6784,181,5931,161,853,20,1,4,0,1,0,1,9121,238,8167,223,954,15,1,4,0,1,0,1,10760,260,9827,262,933,-2,2,4,1,1,0,2,13217,313,12458,314,759,-1,2,4,1,2,0,2,1,1
lol-game-115548681803406140,partial,,LEC,2026,,0,2026-08-03 17:20:00,1,16.15.800.4844,4,Blue,bot,Caliste,,Karmine Corp,,Viktor,1,1931,3,1,9,18,6,,,0.3251,19038,591.5,0.2312,412,12.8,18,0.56,6,0.19,,,,,,,,,,,,,,,,,,,,,,,,7231,183,6689,180,542,3,0,4,0,0,1,1,10010,252,8973,247,1037,5,0,4,0,0,1,1,12666,291,11417,277,1249,14,2,6,0,1,1,2,14870,341,14137,341,733,0,2,6,1,1,3,2,1,1
lol-game-115548681803406140,partial,,LEC,2026,,0,2026-08-03 17:20:00,1,16.15.800.4844,5,Blue,sup,Busio,,Karmine Corp,,Shen,1,1931,2,2,12,18,6,,,0.0396,10438,324.3,0.1268,34,1.06,92,2.86,17,0.53,,,,,,,,,,,,,,,,,,,,,,,,4130,21,4027,29,103,-8,1,4,1,0,1,2,5926,22,5214,34,712,-12,2,6,1,0,1,2,7265,27,6555,39,710,-12,2,9,1,0,2,3,8487,31,7691,43,796,-12,2,9,2,0,3,3,1,1
lol-game-115548681803406140,partial,,LEC,2026,,0,2026-08-03 17:20:00,1,16.15.800.4844,,Blue,team,,,Karmine Corp,,,1,1931,18,6,38,18,6,0.559,0.746,,82330,,,1547,,176,,56,,,,,,,3,3,3,3,0,1,1,0,0,1,0,0,2,0,11,3,3,0,31616,712,29744,717,1872,-5,5,14,1,1,3,5,43920,934,38428,915,5492,19,8,18,1,1,3,8,53299,1083,48832,1076,4467,7,12,26,3,3,6,12,63775,1297,59557,1267,4218,30,12,26,5,5,11,12,1,1
lol-game-115548681803406140,partial,,LEC,2026,,0,2026-08-03 17:20:00,1,16.15.800.4844,6,Red,top,Tracyn,,Team Heretics,,Renekton,0,1931,2,4,1,6,18,,,0.2056,15948,495.5,0.2203,375,11.65,11,0.34,10,0.31,,,,,,,,,,,,,,,,,,,,,,,,6590,199,6137,178,453,21,0,0,0,0,0,0,8161,238,8986,229,-825,9,0,0,2,1,2,0,11499,301,10633,271,866,30,1,1,2,1,3,1,13943,336,13001,332,942,4,2,1,2,1,3,1,1,1
lol-game-115548681803406140,partial,,LEC,2026,,0,2026-08-03 17:20:00,1,16.15.800.4844,7,Red,jng,Daglas,,Team Heretics,,Jarvan IV,0,1931,0,4,5,6,18,,,0.1813,13922,432.6,0.1923,267,8.3,13,0.4,21,0.65,,,,,,,,,,,,,,,,,,,,,,,,6507,148,7334,149,-827,-1,0,1,1,3,2,0,7913,173,9877,193,-1964,-20,0,1,2,4,2,0,9534,197,11975,234,-2441,-37,0,2,3,5,4,0,11328,233,14200,280,-2872,-47,0,4,3,5,4,0,1,1
lol-game-115548681803406140,partial,,LEC,2026,,0,2026-08-03 17:20:00,1,16.15.800.4844,8,Red,mid,Serin,,Team Heretics,,Cassiopeia,0,1931,3,3,0,6,18,,,0.1754,15591,484.4,0.2154,358,11.12,19,0.59,6,0.19,,,,,,,,,,,,,,,,,,,,,,,,5931,161,6784,181,-853,-20,1,0,1,1,4,0,8167,223,9121,238,-954,-15,1,0,1,1,4,0,9827,262,10760,260,-933,2,1,0,2,2,4,1,12458,314,13217,313,-759,1,2,0,2,2,4,1,1,1
lol-game-115548681803406140,partial,,LEC,2026,,0,2026-08-03 17:20:00,1,16.15.800.4844,9,Red,bot,Hype,,Team Heretics,,Ezreal,0,1931,1,3,3,6,18,,,0.3886,17798,553.0,0.2458,440,13.67,14,0.44,14,0.44,,,,,,,,,,,,,,,,,,,,,,,,6689,180,7231,183,-542,-3,0,1,1,0,4,0,8973,247,10010,252,-1037,-5,0,1,1,0,4,0,11417,277,12666,291,-1249,-14,1,1,2,2,6,0,14137,341,14870,341,-733,0,1,3,2,2,6,1,1,1
lol-game-115548681803406140,partial,,LEC,2026,,0,2026-08-03 17:20:00,1,16.15.800.4844,10,Red,sup,Way,,Team Heretics,,Nautilus,0,1931,0,4,3,6,18,,,0.0491,9138,283.9,0.1262,47,1.46,73,2.27,27,0.84,,,,,,,,,,,,,,,,,,,,,,,,4027,29,4130,21,-103,8,0,1,2,1,4,1,5214,34,5926,22,-712,12,0,1,2,2,6,1,6555,39,7265,27,-710,12,0,2,3,2,9,1,7691,43,8487,31,-796,12,0,3,3,2,9,2,1,1
lol-game-115548681803406140,partial,,LEC,2026,,0,2026-08-03 17:20:00,1,16.15.800.4844,,Red,team,,,Team Heretics,,,0,1931,6,18,12,6,18,0.186,0.746,,72397,,,1487,,130,,78,,,,,,,3,3,3,3,0,0,3,0,0,0,0,0,0,2,3,11,0,3,29744,717,31616,712,-1872,5,1,3,5,5,14,1,38428,915,43920,934,-5492,-19,1,3,8,8,18,1,48832,1076,53299,1083,-4467,-7,3,6,12,12,26,3,59557,1267,63775,1297,-4218,-30,5,11,12,12,26,5,1,1
lol-game-115548681803406141,partial,,LEC,2026,,0,2026-08-03 18:20:00,2,16.15.800.4844,1,Blue,top,Canna,,Karmine Corp,,Rumble,1,2463,1,3,2,16,5,,,0.2498,12741,310.4,0.179,290,7.06,13,0.32,9,0.22,,,,,,,,,,,,,,,,,,,,,,,,6371,162,6525,155,-154,7,1,0,1,2,0,1,6371,162,6525,155,-154,7,1,0,1,2,0,1,7809,201,7288,180,521,21,1,0,1,2,0,1,9465,236,8907,231,558,5,1,0,1,2,0,1,1,1
lol-game-115548681803406141,partial,,LEC,2026,,0,2026-08-03 18:20:00,2,16.15.800.4844,2,Blue,jng,Yike,,Karmine Corp,,Poppy,1,2463,2,1,9,16,5,,,0.1139,13713,334.1,0.1927,265,6.46,15,0.37,13,0.32,,,,,,,,,,,,,,,,,,,,,,,,7013,147,6422,140,591,7,1,4,1,0,2,0,7013,147,6422,140,591,7,1,4,1,0,2,0,7917,163,7077,150,840,13,1,4,1,0,2,1,9809,211,8559,172,1250,39,1,4,1,0,2,1,1,1
lol-game-115548681803406141,partial,,LEC,2026,,0,2026-08-03 18:20:00,2,16.15.800.4844,3,Blue,mid,kyeahoo,,Karmine Corp,,Anivia,1,2463,2,1,6,16,5,,,0.2181,14338,349.3,0.2014,312,7.6,21,0.51,12,0.29,,,,,,,,,,,,,,,,,,,,,,,,6298,158,6371,175,-73,-17,1,1,1,1,0,1,6298,158,6371,175,-73,-17,1,1,1,1,0,1,7322,182,7124,194,198,-12,1,2,1,1,0,1,8974,232,9028,256,-54,-24,1,2,1,1,0,1,1,1
lol-game-115548681803406141,partial,,LEC,2026,,0,2026-08-03 18:20:00,2,16.15.800.4844,4,Blue,bot,Caliste,,Karmine Corp,,Ashe,1,2463,8,0,5,16,5,,,0.3122,20240,493.1,0.2844,389,9.48,18,0.44,13,0.32,,,,,,,,,,,,,,,,,,,,,,,,7945,168,6149,157,1796,11,2,3,0,0,1,2,7945,168,6149,157,1796,11,2,3,0,0,1,2,9605,201,7111,189,2494,12,3,3,0,0,1,2,12108,269,9366,262,2742,7,3,3,0,0,1,2,1,1
lol-game-115548681803406141,partial,,LEC,2026,,0,2026-08-03 18:20:00,2,16.15.800.4844,5,Blue,sup,Busio,,Karmine Corp,,Seraphine,1,2463,3,0,10,16,5,,,0.1059,10143,247.1,0.1425,40,0.97,69,1.68,18,0.44,,,,,,,,,,,,,,,,,,,,,,,,4811,24,4093,18,718,6,2,3,0,0,1,3,4811,24,4093,18,718,6,2,3,0,0,1,3,5517,24,4617,19,900,5,2,4,0,0,1,3,6567,29,5617,21,950,8,2,4,0,0,1,3,1,1
lol-game-115548681803406141,partial,,LEC,2026,,0,2026-08-03 18:20:00,2,16.15.800.4844,,Blue,team,,,Karmine Corp,,,1,2463,16,5,32,16,5,0.39,0.512,,71175,,,1296,,136,,65,,,,,,,4,1,4,1,0,3,0,0,1,0,0,0,1,0,10,0,2,0,32438,659,29560,645,2878,14,7,11,3,3,4,7,32438,659,29560,645,2878,14,7,11,3,3,4,7,38170,771,33217,732,4953,39,8,13,3,3,4,8,46923,977,41477,942,5446,35,8,13,3,3,4,8,1,1
lol-game-115548681803406141,partial,,LEC,2026,,0,2026-08-03 18:20:00,2,16.15.800.4844,6,Red,top,Tracyn,,Team Heretics,,Jayce,0,2463,2,3,1,5,16,,,0.2066,12079,294.3,0.2146,312,7.6,13,0.32,11,0.27,,,,,,,,,,,,,,,,,,,,,,,,6525,155,6371,162,154,-7,2,0,1,1,0,1,6525,155,6371,162,154,-7,2,0,1,1,0,1,7288,180,7809,201,-521,-21,2,0,1,1,0,1,8907,231,9465,236,-558,-5,2,0,1,1,0,1,1,1
lol-game-115548681803406141,partial,,LEC,2026,,0,2026-08-03 18:20:00,2,16.15.800.4844,7,Red,jng,Daglas,,Team Heretics,,Maokai,0,2463,0,2,3,5,16,,,0.2583,11104,270.5,0.1973,200,4.87,9,0.22,10,0.24,,,,,,,,,,,,,,,,,,,,,,,,6422,140,7013,147,-591,-7,0,2,0,1,4,1,6422,140,7013,147,-591,-7,0,2,0,1,4,1,7077,150,7917,163,-840,-13,0,2,1,1,4,1,8559,172,9809,211,-1250,-39,0,2,1,1,4,1,1,1
lol-game-115548681803406141,partial,,LEC,2026,,0,2026-08-03 18:20:00,2,16.15.800.4844,8,Red,mid,Serin,,Team Heretics,,Azir,0,2463,2,3,0,5,16,,,0.285,11717,285.4,0.2082,299,7.28,17,0.41,9,0.22,,,,,,,,,,,,,,,,,,,,,,,,6371,175,6298,158,73,17,1,0,1,1,1,1,6371,175,6298,158,73,17,1,0,1,1,1,1,7124,194,7322,182,-198,12,1,0,1,1,2,1,9028,256,8974,232,54,24,1,0,1,1,2,1,1,1
lol-game-115548681803406141,partial,,LEC,2026,,0,2026-08-03 18:20:00,2,16.15.800.4844,9,Red,bot,Hype,,Team Heretics,,Lucian,0,2463,1,4,2,5,16,,,0.2144,13670,333.0,0.2429,358,8.72,16,0.39,14,0.34,,,,,,,,,,,,,,,,,,,,,,,,6149,157,7945,168,-1796,-11,0,1,2,2,3,0,6149,157,7945,168,-1796,-11,0,1,2,2,3,0,7111,189,9605,201,-2494,-12,0,1,2,3,3,0,9366,262,12108,269,-2742,-7,0,1,2,3,3,0,1,1
lol-game-115548681803406141,partial,,LEC,2026,,0,2026-08-03 18:20:00,2,16.15.800.4844,10,Red,sup,Way,,Team Heretics,,Milio,0,2463,0,4,3,5,16,,,0.0357,7706,187.7,0.1369,26,0.63,67,1.63,15,0.37,,,,,,,,,,,,,,,,,,,,,,,,4093,18,4811,24,-718,-6,0,1,3,2,3,0,4093,18,4811,24,-718,-6,0,1,3,2,3,0,4617,19,5517,24,-900,-5,0,1,3,2,4,0,5617,21,6567,29,-950,-8,0,1,3,2,4,0,1,1
lol-game-115548681803406141,partial,,LEC,2026,,0,2026-08-03 18:20:00,2,16.15.800.4844,,Red,team,,,Team Heretics,,,0,2463,5,16,9,5,16,0.122,0.512,,56276,,,1195,,122,,59,,,,,,,1,4,1,4,0,0,1,0,0,0,0,0,0,1,0,10,0,2,29560,645,32438,659,-2878,-14,3,4,7,7,11,3,29560,645,32438,659,-2878,-14,3,4,7,7,11,3,33217,732,38170,771,-4953,-39,3,4,8,8,13,3,41477,942,46923,977,-5446,-35,3,4,8,8,13,3,1,1
lol-game-115548681803406152,partial,,LEC,2026,,0,2026-08-03 15:15:00,1,16.15.800.4844,1,Blue,top,Maynter,,Natus Vincere,,Jax,1,2111,4,4,8,20,16,,,0.2008,15293,434.7,0.1881,296,8.41,18,0.51,6,0.17,,,,,,,,,,,,,,,,,,,,,,,,4820,119,5773,147,-953,-28,1,0,1,1,1,0,7006,176,7732,201,-726,-25,2,0,1,2,1,0,8949,228,9666,245,-717,-17,2,0,1,2,1,0,10726,243,11337,272,-611,-29,3,2,3,3,1,2,1,1
lol-game-115548681803406152,partial,,LEC,2026,,0,2026-08-03 15:15:00,1,16.15.800.4844,2,Blue,jng,Rhilech,,Natus Vincere,,Zaahen,1,2111,5,3,9,20,16,,,0.2353,17993,511.4,0.2213,315,8.95,16,0.45,21,0.6,,,,,,,,,,,,,,,,,,,,,,,,5113,118,5505,123,-392,-5,0,1,0,1,0,0,7558,164,7388,160,170,4,1,2,1,2,0,1,10301,212,9770,209,531,3,1,2,1,3,0,1,12418,251,11248,233,1170,18,1,7,1,3,2,3,1,1
lol-game-115548681803406152,partial,,LEC,2026,,0,2026-08-03 15:15:00,1,16.15.800.4844,3,Blue,mid,Poby,,Natus Vincere,,Syndra,1,2111,2,2,14,20,16,,,0.2092,15577,442.7,0.1916,368,10.46,17,0.48,5,0.14,,,,,,,,,,,,,,,,,,,,,,,,5145,149,5174,147,-29,2,0,0,0,0,0,0,6984,200,7483,206,-499,-6,0,2,1,1,2,0,8483,234,9581,265,-1098,-31,0,2,1,1,2,0,10467,277,11644,307,-1177,-30,0,7,1,2,3,0,1,1
lol-game-115548681803406152,partial,,LEC,2026,,0,2026-08-03 15:15:00,1,16.15.800.4844,4,Blue,bot,SamD,,Natus Vincere,,Corki,1,2111,6,4,7,20,16,,,0.2739,21133,600.7,0.2599,407,11.57,18,0.51,14,0.4,,,,,,,,,,,,,,,,,,,,,,,,5650,155,5280,144,370,11,0,0,0,0,0,0,8066,221,7462,189,604,32,0,1,0,0,2,1,10599,280,9646,232,953,48,0,1,1,0,3,1,14626,319,12113,264,2513,55,4,2,2,1,5,2,1,1
lol-game-115548681803406152,partial,,LEC,2026,,0,2026-08-03 15:15:00,1,16.15.800.4844,5,Blue,sup,Parus,,Natus Vincere,,Leona,1,2111,3,3,16,20,16,,,0.0808,11320,321.7,0.1392,36,1.02,105,2.98,25,0.71,,,,,,,,,,,,,,,,,,,,,,,,3253,13,3481,19,-228,-6,0,1,1,0,2,1,4735,18,4836,27,-101,-9,1,2,2,0,4,2,5872,23,6285,34,-413,-11,1,2,2,0,5,2,7649,25,7642,38,7,-13,2,7,2,0,8,3,1,1
lol-game-115548681803406152,partial,,LEC,2026,,0,2026-08-03 15:15:00,1,16.15.800.4844,,Blue,team,,,Natus Vincere,,,1,2111,20,16,54,20,16,0.568,1.023,,81316,,,1422,,174,,71,,,,,,,3,2,3,2,0,0,0,2,0,1,0,0,1,1,8,6,1,0,23981,554,25213,580,-1232,-26,1,2,2,2,3,1,34349,779,34901,783,-552,-4,4,7,5,5,9,4,44204,977,44948,985,-744,-8,4,7,6,6,11,4,55886,1115,53984,1114,1902,1,10,25,9,9,19,10,1,1
lol-game-115548681803406152,partial,,LEC,2026,,0,2026-08-03 15:15:00,1,16.15.800.4844,6,Red,top,Rooster,,Shifters,,Olaf,0,2111,4,5,3,16,20,,,0.1555,15291,434.6,0.2034,335,9.52,9,0.26,11,0.31,,,,,,,,,,,,,,,,,,,,,,,,5773,147,4820,119,953,28,1,1,0,1,0,1,7732,201,7006,176,726,25,2,1,0,2,0,1,9666,245,8949,228,717,17,2,1,0,2,0,1,11337,272,10726,243,611,29,3,1,2,3,2,3,1,1
lol-game-115548681803406152,partial,,LEC,2026,,0,2026-08-03 15:15:00,1,16.15.800.4844,7,Red,jng,Sheo,,Shifters,,Nocturne,0,2111,5,5,4,16,20,,,0.1559,15576,442.7,0.2072,287,8.16,13,0.37,10,0.28,,,,,,,,,,,,,,,,,,,,,,,,5505,123,5113,118,392,5,1,0,0,0,1,0,7388,160,7558,164,-170,-4,2,0,1,1,2,1,9770,209,10301,212,-531,-3,3,0,1,1,2,1,11248,233,12418,251,-1170,-18,3,2,3,1,7,1,1,1
lol-game-115548681803406152,partial,,LEC,2026,,0,2026-08-03 15:15:00,1,16.15.800.4844,8,Red,mid,nuc,,Shifters,,Viktor,0,2111,4,2,6,16,20,,,0.2592,16000,454.8,0.2128,367,10.43,22,0.63,7,0.2,,,,,,,,,,,,,,,,,,,,,,,,5174,147,5145,149,29,-2,0,0,0,0,0,0,7483,206,6984,200,499,6,1,2,0,0,2,1,9581,265,8483,234,1098,31,1,2,0,0,2,1,11644,307,10467,277,1177,30,2,3,0,0,7,1,1,1
lol-game-115548681803406152,partial,,LEC,2026,,0,2026-08-03 15:15:00,1,16.15.800.4844,9,Red,bot,Paduck,,Shifters,,Ziggs,0,2111,3,3,7,16,20,,,0.3663,17953,510.3,0.2388,337,9.58,20,0.57,6,0.17,,,,,,,,,,,,,,,,,,,,,,,,5280,144,5650,155,-370,-11,0,0,0,0,0,0,7462,189,8066,221,-604,-32,0,2,1,0,1,0,9646,232,10599,280,-953,-48,0,3,1,0,1,1,12113,264,14626,319,-2513,-55,1,5,2,4,2,2,1,1
lol-game-115548681803406152,partial,,LEC,2026,,0,2026-08-03 15:15:00,1,16.15.800.4844,10,Red,sup,Stend,,Shifters,,Shen,0,2111,0,5,13,16,20,,,0.0632,10361,294.5,0.1378,46,1.31,90,2.56,32,0.91,,,,,,,,,,,,,,,,,,,,,,,,3481,19,3253,13,228,6,0,2,1,0,1,1,4836,27,4735,18,101,9,0,4,2,1,2,2,6285,34,5872,23,413,11,0,5,2,1,2,2,7642,38,7649,25,-7,13,0,8,3,2,7,2,1,1
lol-game-115548681803406152,partial,,LEC,2026,,0,2026-08-03 15:15:00,1,16.15.800.4844,,Red,team,,,Shifters,,,0,2111,16,20,33,16,20,0.455,1.023,,75181,,,1372,,154,,66,,,,,,,2,3,2,3,0,1,0,1,0,0,0,0,1,1,6,8,0,1,25213,580,23981,554,1232,26,2,3,1,1,2,2,34901,783,34349,779,552,4,5,9,4,4,7,5,44948,985,44204,977,744,8,6,11,4,4,7,6,53984,1114,55886,1115,-1902,-1,9,19,10,10,25,9,1,1
lol-game-115548681803406153,partial,,LEC,2026,,0,2026-08-03 16:15:00,2,16.15.800.4844,1,Blue,top,Maynter,,Natus Vincere,,Rumble,1,1872,4,0,11,22,10,,,0.2218,16384,525.1,0.2203,282,9.04,20,0.64,2,0.06,,,,,,,,,,,,,,,,,,,,,,,,5529,135,5403,140,126,-5,0,1,0,1,0,0,7193,174,7378,200,-185,-26,0,1,0,1,0,0,8984,216,8935,236,49,-20,0,3,0,1,1,0,12053,251,10351,269,1702,-18,1,5,0,1,1,0,1,1
lol-game-115548681803406153,partial,,LEC,2026,,0,2026-08-03 16:15:00,2,16.15.800.4844,2,Blue,jng,Rhilech,,Natus Vincere,,Vi,1,1872,7,2,10,22,10,,,0.13,15787,506.0,0.2122,260,8.33,15,0.48,12,0.38,,,,,,,,,,,,,,,,,,,,,,,,5225,106,5033,120,192,-14,1,2,1,0,1,1,7110,150,7207,164,-97,-14,1,2,1,1,1,1,8413,174,8927,202,-514,-28,1,4,2,1,2,1,11634,213,10289,231,1345,-18,4,5,2,1,2,3,1,1
lol-game-115548681803406153,partial,,LEC,2026,,0,2026-08-03 16:15:00,2,16.15.800.4844,3,Blue,mid,Poby,,Natus Vincere,,Annie,1,1872,2,0,10,22,10,,,0.1879,13234,424.2,0.1779,282,9.04,8,0.26,9,0.29,,,,,,,,,,,,,,,,,,,,,,,,5002,134,4945,120,57,14,0,2,0,1,0,1,6907,182,7173,182,-266,0,0,2,0,1,0,1,8340,210,8425,200,-85,10,1,3,0,2,1,2,10345,239,9202,206,1143,33,1,6,0,2,1,3,1,1
lol-game-115548681803406153,partial,,LEC,2026,,0,2026-08-03 16:15:00,2,16.15.800.4844,4,Blue,bot,SamD,,Natus Vincere,,Varus,1,1872,8,1,10,22,10,,,0.3554,19313,619.0,0.2596,341,10.93,15,0.48,19,0.61,,,,,,,,,,,,,,,,,,,,,,,,7097,136,5605,115,1492,21,3,0,1,2,0,1,9684,206,7441,168,2243,38,3,0,1,2,0,1,12159,260,9523,212,2636,48,4,1,1,2,2,1,14885,297,11735,258,3150,39,4,4,1,3,2,2,1,1
lol-game-115548681803406153,partial,,LEC,2026,,0,2026-08-03 16:15:00,2,16.15.800.4844,5,Blue,sup,Parus,,Natus Vincere,,Camille,1,1872,1,7,13,22,10,,,0.1048,9669,309.9,0.13,34,1.09,69,2.21,12,0.38,,,,,,,,,,,,,,,,,,,,,,,,3542,18,3766,17,-224,1,0,3,2,0,4,1,4743,23,4923,20,-180,3,0,3,3,0,4,1,5682,23,6291,25,-609,-2,0,4,4,1,4,2,7669,28,7348,28,321,0,1,7,5,1,5,3,1,1
lol-game-115548681803406153,partial,,LEC,2026,,0,2026-08-03 16:15:00,2,16.15.800.4844,,Blue,team,,,Natus Vincere,,,1,1872,22,10,54,22,10,0.705,1.026,,74387,,,1199,,127,,54,,,,,,,4,1,4,1,0,2,1,1,0,0,0,0,2,0,10,3,2,0,26395,529,24752,512,1643,17,4,8,4,4,5,4,35637,735,34122,734,1515,1,4,8,5,5,5,4,43578,883,42101,875,1477,8,6,15,7,7,10,6,56586,1028,48925,992,7661,36,11,27,8,8,11,11,1,1
lol-game-115548681803406153,partial,,LEC,2026,,0,2026-08-03 16:15:00,2,16.15.800.4844,6,Red,top,Rooster,,Shifters,,K'Sante,0,1872,1,2,1,10,22,,,0.1108,11566,370.7,0.2019,284,9.1,10,0.32,6,0.19,,,,,,,,,,,,,,,,,,,,,,,,5403,140,5529,135,-126,5,1,0,0,0,1,0,7378,200,7193,174,185,26,1,0,0,0,1,0,8935,236,8984,216,-49,20,1,1,0,0,3,0,10351,269,12053,251,-1702,18,1,1,0,1,5,0,1,1
lol-game-115548681803406153,partial,,LEC,2026,,0,2026-08-03 16:15:00,2,16.15.800.4844,7,Red,jng,Sheo,,Shifters,,Naafiri,0,1872,3,6,2,10,22,,,0.2707,12436,398.6,0.217,255,8.17,8,0.26,13,0.42,,,,,,,,,,,,,,,,,,,,,,,,5033,120,5225,106,-192,14,0,1,1,1,2,1,7207,164,7110,150,97,14,1,1,1,1,2,1,8927,202,8413,174,514,28,1,2,1,1,4,2,10289,231,11634,213,-1345,18,1,2,3,4,5,2,1,1
lol-game-115548681803406153,partial,,LEC,2026,,0,2026-08-03 16:15:00,2,16.15.800.4844,8,Red,mid,nuc,,Shifters,,Anivia,0,1872,2,4,1,10,22,,,0.1666,10689,342.6,0.1866,233,7.47,15,0.48,6,0.19,,,,,,,,,,,,,,,,,,,,,,,,4945,120,5002,134,-57,-14,1,0,1,0,2,0,7173,182,6907,182,266,0,1,0,1,0,2,0,8425,200,8340,210,85,-10,2,1,2,1,3,0,9202,206,10345,239,-1143,-33,2,1,3,1,6,0,1,1
lol-game-115548681803406153,partial,,LEC,2026,,0,2026-08-03 16:15:00,2,16.15.800.4844,9,Red,bot,Paduck,,Shifters,,Ezreal,0,1872,3,4,2,10,22,,,0.3672,13934,446.6,0.2432,306,9.81,16,0.51,5,0.16,,,,,,,,,,,,,,,,,,,,,,,,5605,115,7097,136,-1492,-21,2,0,1,3,0,1,7441,168,9684,206,-2243,-38,2,0,1,3,0,1,9523,212,12159,260,-2636,-48,2,2,1,4,1,1,11735,258,14885,297,-3150,-39,3,2,2,4,4,1,1,1
lol-game-115548681803406153,partial,,LEC,2026,,0,2026-08-03 16:15:00,2,16.15.800.4844,10,Red,sup,Stend,,Shifters,,Rell,0,1872,1,6,6,10,22,,,0.0847,8671,277.9,0.1513,30,0.96,75,2.4,19,0.61,,,,,,,,,,,,,,,,,,,,,,,,3766,17,3542,18,224,-1,0,4,1,0,3,2,4923,20,4743,23,180,-3,0,4,1,0,3,3,6291,25,5682,23,609,2,1,4,2,0,4,4,7348,28,7669,28,-321,0,1,5,3,1,7,5,1,1
lol-game-115548681803406153,partial,,LEC,2026,,0,2026-08-03 16:15:00,2,16.15.800.4844,,Red,team,,,Shifters,,,0,1872,10,22,12,10,22,0.321,1.026,,57296,,,1108,,124,,49,,,,,,,1,4,1,4,0,1,0,0,0,0,0,0,0,2,3,10,0,2,24752,512,26395,529,-1643,-17,4,5,4,4,8,4,34122,734,35637,735,-1515,-1,5,5,4,4,8,5,42101,875,43578,883,-1477,-8,7,10,6,6,15,7,48925,992,56586,1028,-7661,-36,8,11,11,11,27,8,1,1
lol-game-115548681803406172,partial,,LEC,2026,,0,2026-08-01 17:15:00,1,,1,Blue,top,Canna,,Karmine Corp,,Gnar,1,,7,1,6,19,14,,,0.2042,18040,,0.2128,394,,18,,16,,,,,,,,,,,,,,,,,,,,,,,,,,,,,,,,,,,,,,,,,,,,,,,,,,,,,,,,,,,,,,,,,,,,,,,,,1,0
lol-game-115548681803406172,partial,,LEC,2026,,0,2026-08-01 17:15:00,1,,2,Blue,jng,Yike,,Karmine Corp,,Vi,1,,1,5,5,19,14,,,0.0739,15707,,0.1853,293,,14,,20,,,,,,,,,,,,,,,,,,,,,,,,,,,,,,,,,,,,,,,,,,,,,,,,,,,,,,,,,,,,,,,,,,,,,,,,,1,0
lol-game-115548681803406172,partial,,LEC,2026,,0,2026-08-01 17:15:00,1,,3,Blue,mid,kyeahoo,,Karmine Corp,,Syndra,1,,5,2,8,19,14,,,0.2811,20354,,0.2401,400,,21,,18,,,,,,,,,,,,,,,,,,,,,,,,,,,,,,,,,,,,,,,,,,,,,,,,,,,,,,,,,,,,,,,,,,,,,,,,,1,0
lol-game-115548681803406172,partial,,LEC,2026,,0,2026-08-01 17:15:00,1,,4,Blue,bot,Caliste,,Karmine Corp,,Viktor,1,,5,3,9,19,14,,,0.3774,19507,,0.2301,421,,20,,7,,,,,,,,,,,,,,,,,,,,,,,,,,,,,,,,,,,,,,,,,,,,,,,,,,,,,,,,,,,,,,,,,,,,,,,,,1,0
lol-game-115548681803406172,partial,,LEC,2026,,0,2026-08-01 17:15:00,1,,5,Blue,sup,Busio,,Karmine Corp,,Shen,1,,1,3,16,19,14,,,0.0634,11179,,0.1318,57,,104,,32,,,,,,,,,,,,,,,,,,,,,,,,,,,,,,,,,,,,,,,,,,,,,,,,,,,,,,,,,,,,,,,,,,,,,,,,,1,0
lol-game-115548681803406172,partial,,LEC,2026,,0,2026-08-01 17:15:00,1,,,Blue,team,,,Karmine Corp,,,1,,19,14,44,19,14,,,,84787,,,1565,,177,,93,,,,,,,3,3,0,0,0,0,0,0,0,0,0,0,1,1,10,7,,,,,,,,,,,,,,,,,,,,,,,,,,,,,,,,,,,,,,,,,,,,,,,,,,,1,0
lol-game-115548681803406172,partial,,LEC,2026,,0,2026-08-01 17:15:00,1,,6,Red,top,Maynter,,Natus Vincere,,Rumble,0,,4,4,5,14,19,,,0.2216,15239,,0.2021,312,,22,,6,,,,,,,,,,,,,,,,,,,,,,,,,,,,,,,,,,,,,,,,,,,,,,,,,,,,,,,,,,,,,,,,,,,,,,,,,1,0
lol-game-115548681803406172,partial,,LEC,2026,,0,2026-08-01 17:15:00,1,,7,Red,jng,Rhilech,,Natus Vincere,,Jarvan IV,0,,2,5,10,14,19,,,0.1867,14419,,0.1912,266,,18,,20,,,,,,,,,,,,,,,,,,,,,,,,,,,,,,,,,,,,,,,,,,,,,,,,,,,,,,,,,,,,,,,,,,,,,,,,,1,0
lol-game-115548681803406172,partial,,LEC,2026,,0,2026-08-01 17:15:00,1,,8,Red,mid,Poby,,Natus Vincere,,Cassiopeia,0,,2,3,6,14,19,,,0.1595,14577,,0.1933,333,,22,,4,,,,,,,,,,,,,,,,,,,,,,,,,,,,,,,,,,,,,,,,,,,,,,,,,,,,,,,,,,,,,,,,,,,,,,,,,1,0
lol-game-115548681803406172,partial,,LEC,2026,,0,2026-08-01 17:15:00,1,,9,Red,bot,SamD,,Natus Vincere,,Ezreal,0,,3,3,4,14,19,,,0.3208,19241,,0.2551,399,,20,,10,,,,,,,,,,,,,,,,,,,,,,,,,,,,,,,,,,,,,,,,,,,,,,,,,,,,,,,,,,,,,,,,,,,,,,,,,1,0
lol-game-115548681803406172,partial,,LEC,2026,,0,2026-08-01 17:15:00,1,,10,Red,sup,Parus,,Natus Vincere,,Bard,0,,3,4,9,14,19,,,0.1114,11938,,0.1583,55,,99,,44,,,,,,,,,,,,,,,,,,,,,,,,,,,,,,,,,,,,,,,,,,,,,,,,,,,,,,,,,,,,,,,,,,,,,,,,,1,0
lol-game-115548681803406172,partial,,LEC,2026,,0,2026-08-01 17:15:00,1,,,Red,team,,,Natus Vincere,,,0,,14,19,34,14,19,,,,75414,,,1365,,181,,84,,,,,,,3,3,0,0,0,0,0,0,0,0,0,0,1,1,7,10,,,,,,,,,,,,,,,,,,,,,,,,,,,,,,,,,,,,,,,,,,,,,,,,,,,1,0
lol-game-115548681803406173,partial,,LEC,2026,,0,2026-08-01 19:42:00,2,16.15.800.4844,1,Blue,top,Canna,,Karmine Corp,,Ambessa,1,1963,7,4,4,19,14,,,0.2663,13832,422.8,0.2086,261,7.98,16,0.49,7,0.21,,,,,,,,,,,,,,,,,,,,,,,,3811,89,3180,71,631,18,1,1,0,0,1,1,5444,131,4714,102,730,29,1,1,1,1,1,1,7503,176,6686,149,817,27,2,2,2,1,2,1,9681,231,8173,188,1508,43,2,3,2,1,3,2,1,1
lol-game-115548681803406173,partial,,LEC,2026,,0,2026-08-01 19:42:00,2,16.15.800.4844,2,Blue,jng,Yike,,Karmine Corp,,Skarner,1,1963,3,5,9,19,14,,,0.1809,12367,378.0,0.1865,199,6.08,14,0.43,14,0.43,,,,,,,,,,,,,,,,,,,,,,,,4112,70,4099,69,13,1,2,3,1,2,2,2,5932,115,6115,98,-183,17,2,3,2,3,5,2,7776,140,8635,144,-859,-4,3,4,4,4,7,3,9192,161,10143,174,-951,-13,3,4,5,4,8,3,1,1
lol-game-115548681803406173,partial,,LEC,2026,,0,2026-08-01 19:42:00,2,16.15.800.4844,3,Blue,mid,kyeahoo,,Karmine Corp,,Anivia,1,1963,5,0,11,19,14,,,0.2509,14155,432.7,0.2135,236,7.21,11,0.34,7,0.21,,,,,,,,,,,,,,,,,,,,,,,,4178,73,4234,97,-56,-24,2,2,0,2,1,1,5821,113,6627,145,-806,-32,2,2,0,3,3,1,7713,151,8744,189,-1031,-38,3,4,0,4,5,2,9202,169,10443,234,-1241,-65,4,4,0,4,5,2,1,1
lol-game-115548681803406173,partial,,LEC,2026,,0,2026-08-01 19:42:00,2,16.15.800.4844,4,Blue,bot,Caliste,,Karmine Corp,,Jhin,1,1963,4,2,8,19,14,,,0.2252,17181,525.1,0.2591,357,10.91,15,0.46,2,0.06,,,,,,,,,,,,,,,,,,,,,,,,3854,92,4999,110,-1145,-18,1,0,1,0,0,0,5906,146,7830,168,-1924,-22,1,0,2,1,2,0,8325,208,10366,217,-2041,-9,1,2,2,1,5,0,10248,254,12814,269,-2566,-15,1,2,2,2,5,0,1,1
lol-game-115548681803406173,partial,,LEC,2026,,0,2026-08-01 19:42:00,2,16.15.800.4844,5,Blue,sup,Busio,,Karmine Corp,,Leona,1,1963,0,3,10,19,14,,,0.0766,8764,267.9,0.1322,41,1.25,67,2.05,20,0.61,,,,,,,,,,,,,,,,,,,,,,,,2923,13,3015,16,-92,-3,0,5,2,0,4,2,4091,21,4064,22,27,-1,0,5,3,0,5,2,5116,26,5523,25,-407,1,0,5,3,1,5,3,6244,32,6694,29,-450,3,0,5,3,1,6,3,1,1
lol-game-115548681803406173,partial,,LEC,2026,,0,2026-08-01 19:42:00,2,16.15.800.4844,,Blue,team,,,Karmine Corp,,,1,1963,19,14,42,19,14,0.581,1.009,,66299,,,1094,,123,,50,,,,,,,2,3,2,3,0,0,0,2,0,0,0,0,1,0,8,5,1,0,18878,337,19527,363,-649,-26,6,11,4,4,8,6,27194,526,29350,535,-2156,-9,6,11,8,8,16,6,36433,701,39954,724,-3521,-23,9,17,11,11,24,9,44567,847,48267,894,-3700,-47,10,18,12,12,27,10,1,1
lol-game-115548681803406173,partial,,LEC,2026,,0,2026-08-01 19:42:00,2,16.15.800.4844,6,Red,top,Maynter,,Natus Vincere,,Zaahen,0,1963,1,4,4,14,19,,,0.1373,11449,349.9,0.183,250,7.64,6,0.18,11,0.34,,,,,,,,,,,,,,,,,,,,,,,,3180,71,3811,89,-631,-18,0,1,1,1,1,0,4714,102,5444,131,-730,-29,1,1,1,1,1,1,6686,149,7503,176,-817,-27,1,2,1,2,2,2,8173,188,9681,231,-1508,-43,1,3,2,2,3,2,1,1
lol-game-115548681803406173,partial,,LEC,2026,,0,2026-08-01 19:42:00,2,16.15.800.4844,7,Red,jng,Rhilech,,Natus Vincere,,Lee Sin,0,1963,4,5,10,14,19,,,0.1795,12618,385.7,0.2017,221,6.75,18,0.55,10,0.31,,,,,,,,,,,,,,,,,,,,,,,,4099,69,4112,70,-13,-1,2,2,2,2,3,1,6115,98,5932,115,183,-17,3,5,2,2,3,2,8635,144,7776,140,859,4,4,7,3,3,4,4,10143,174,9192,161,951,13,4,8,3,3,4,5,1,1
lol-game-115548681803406173,partial,,LEC,2026,,0,2026-08-01 19:42:00,2,16.15.800.4844,8,Red,mid,Poby,,Natus Vincere,,Taliyah,0,1963,5,3,6,14,19,,,0.2408,13986,427.5,0.2235,317,9.69,16,0.49,2,0.06,,,,,,,,,,,,,,,,,,,,,,,,4234,97,4178,73,56,24,2,1,1,2,2,0,6627,145,5821,113,806,32,3,3,1,2,2,0,8744,189,7713,151,1031,38,4,5,2,3,4,0,10443,234,9202,169,1241,65,4,5,2,4,4,0,1,1
lol-game-115548681803406173,partial,,LEC,2026,,0,2026-08-01 19:42:00,2,16.15.800.4844,9,Red,bot,SamD,,Natus Vincere,,Ziggs,0,1963,3,2,5,14,19,,,0.3222,16209,495.4,0.259,327,9.99,15,0.46,5,0.15,,,,,,,,,,,,,,,,,,,,,,,,4999,110,3854,92,1145,18,0,0,0,1,0,1,7830,168,5906,146,1924,22,1,2,0,1,0,2,10366,217,8325,208,2041,9,1,5,0,1,2,2,12814,269,10248,254,2566,15,2,5,0,1,2,2,1,1
lol-game-115548681803406173,partial,,LEC,2026,,0,2026-08-01 19:42:00,2,16.15.800.4844,10,Red,sup,Parus,,Natus Vincere,,Camille,0,1963,1,5,6,14,19,,,0.1202,8309,254.0,0.1328,36,1.1,76,2.32,17,0.52,,,,,,,,,,,,,,,,,,,,,,,,3015,16,2923,13,92,3,0,4,2,0,5,2,4064,22,4091,21,-27,1,0,5,2,0,5,3,5523,25,5116,26,407,-1,1,5,3,0,5,3,6694,29,6244,32,450,-3,1,6,3,0,5,3,1,1
lol-game-115548681803406173,partial,,LEC,2026,,0,2026-08-01 19:42:00,2,16.15.800.4844,,Red,team,,,Natus Vincere,,,0,1963,14,19,31,14,19,0.428,1.009,,62571,,,1151,,131,,45,,,,,,,3,2,3,2,0,1,1,1,0,0,0,0,0,1,5,8,0,1,19527,363,18878,337,649,26,4,8,6,6,11,4,29350,535,27194,526,2156,9,8,16,6,6,11,8,39954,724,36433,701,3521,23,11,24,9,9,17,11,48267,894,44567,847,3700,47,12,27,10,10,18,12,1,1
lol-game-115548681803406192,partial,,LEC,2026,,0,2026-07-26 14:45:00,1,16.14.794.9266,1,Blue,top,Naak Nako,,Team Vitality,,Rumble,0,1708,1,2,2,4,19,,,0.2464,10672,374.9,0.2267,228,8.01,11,0.39,1,0.04,,,,,,,,,,,,,,,,,,,,,,,,3305,87,3124,88,181,-1,0,0,0,0,0,0,5430,146,5114,149,316,-3,0,0,0,0,1,0,7203,192,7010,190,193,2,0,1,0,0,3,1,9381,222,8817,233,564,-11,1,2,1,0,7,2,1,1
lol-game-115548681803406192,partial,,LEC,2026,,0,2026-07-26 14:45:00,1,16.14.794.9266,2,Blue,jng,Lyncas,,Team Vitality,,Wukong,0,1708,1,5,1,4,19,,,0.1211,8927,313.6,0.1896,180,6.32,6,0.21,7,0.25,,,,,,,,,,,,,,,,,,,,,,,,3046,68,3081,71,-35,-3,0,0,0,0,0,0,4569,105,4719,112,-150,-7,0,0,0,0,0,0,6096,122,6994,161,-898,-39,1,1,2,0,2,0,7703,152,9450,195,-1747,-43,1,1,3,2,5,0,1,1
lol-game-115548681803406192,partial,,LEC,2026,,0,2026-07-26 14:45:00,1,16.14.794.9266,3,Blue,mid,FIESTA,,Team Vitality,,Syndra,0,1708,1,4,2,4,19,,,0.2663,9968,350.2,0.2117,246,8.64,12,0.42,5,0.18,,,,,,,,,,,,,,,,,,,,,,,,3270,88,3125,82,145,6,0,0,0,0,0,0,4981,144,5650,138,-669,6,0,0,1,2,0,0,6615,185,8105,194,-1490,-9,0,2,2,3,0,0,8940,230,10223,227,-1283,3,1,2,3,4,2,1,1,1
lol-game-115548681803406192,partial,,LEC,2026,,0,2026-07-26 14:45:00,1,16.14.794.9266,4,Blue,bot,Carzzy,,Team Vitality,,Jhin,0,1708,1,3,2,4,19,,,0.2565,10909,383.2,0.2317,240,8.43,11,0.39,4,0.14,,,,,,,,,,,,,,,,,,,,,,,,3060,83,2861,75,199,8,0,0,0,0,0,0,4705,126,4579,127,126,-1,0,0,0,0,0,0,7506,172,8257,176,-751,-4,1,1,0,2,1,0,9212,212,11122,225,-1910,-13,1,2,1,5,3,0,1,1
lol-game-115548681803406192,partial,,LEC,2026,,0,2026-07-26 14:45:00,1,16.14.794.9266,5,Blue,sup,Fleshy,,Team Vitality,,Camille,0,1708,0,5,2,4,19,,,0.1097,6607,232.1,0.1403,44,1.55,47,1.65,20,0.7,,,,,,,,,,,,,,,,,,,,,,,,2038,14,2129,17,-91,-3,0,0,0,0,0,0,3207,28,3393,27,-186,1,0,0,1,0,1,0,4377,33,4773,32,-396,1,0,1,1,0,4,1,5661,38,6066,35,-405,3,0,2,3,0,9,1,1,1
lol-game-115548681803406192,partial,,LEC,2026,,0,2026-07-26 14:45:00,1,16.14.794.9266,,Blue,team,,,Team Vitality,,,0,1708,4,19,9,4,19,0.141,0.808,,47083,,,938,,87,,37,,,,,,,0,4,0,4,0,0,0,0,0,0,0,0,0,1,2,11,0,1,14719,340,14320,333,399,7,0,0,0,0,0,0,22892,549,23455,553,-563,-4,0,0,2,2,2,0,31797,704,35139,753,-3342,-49,2,6,5,5,10,2,40897,854,45678,915,-4781,-61,4,9,11,11,26,4,1,1
lol-game-115548681803406192,partial,,LEC,2026,,0,2026-07-26 14:45:00,1,16.14.794.9266,6,Red,top,Myrwn,,Movistar KOI,,Galio,1,1708,1,2,12,19,4,,,0.1939,11506,404.2,0.1931,277,9.73,15,0.53,3,0.11,,,,,,,,,,,,,,,,,,,,,,,,3124,88,3305,87,-181,1,0,0,0,0,0,0,5114,149,5430,146,-316,3,0,1,0,0,0,0,7010,190,7203,192,-193,-2,0,3,1,0,1,0,8817,233,9381,222,-564,11,0,7,2,1,2,1,1,1
lol-game-115548681803406192,partial,,LEC,2026,,0,2026-07-26 14:45:00,1,16.14.794.9266,7,Red,jng,Elyoya,,Movistar KOI,,Vi,1,1708,3,0,9,19,4,,,0.1467,12200,428.6,0.2047,207,7.27,14,0.49,8,0.28,,,,,,,,,,,,,,,,,,,,,,,,3081,71,3046,68,35,3,0,0,0,0,0,0,4719,112,4569,105,150,7,0,0,0,0,0,0,6994,161,6096,122,898,39,0,2,0,1,1,2,9450,195,7703,152,1747,43,2,5,0,1,1,3,1,1
lol-game-115548681803406192,partial,,LEC,2026,,0,2026-07-26 14:45:00,1,16.14.794.9266,8,Red,mid,Jojopyun,,Movistar KOI,,Cassiopeia,1,1708,7,1,4,19,4,,,0.3357,12940,454.6,0.2171,258,9.06,14,0.49,5,0.18,,,,,,,,,,,,,,,,,,,,,,,,3125,82,3270,88,-145,-6,0,0,0,0,0,0,5650,138,4981,144,669,-6,2,0,0,0,0,1,8105,194,6615,185,1490,9,3,0,0,0,2,2,10223,227,8940,230,1283,-3,4,2,1,1,2,3,1,1
lol-game-115548681803406192,partial,,LEC,2026,,0,2026-07-26 14:45:00,1,16.14.794.9266,9,Red,bot,Supa,,Movistar KOI,,Ezreal,1,1708,8,0,5,19,4,,,0.2342,15291,537.2,0.2566,254,8.92,9,0.32,8,0.28,,,,,,,,,,,,,,,,,,,,,,,,2861,75,3060,83,-199,-8,0,0,0,0,0,0,4579,127,4705,126,-126,1,0,0,0,0,0,0,8257,176,7506,172,751,4,2,1,0,1,1,0,11122,225,9212,212,1910,13,5,3,0,1,2,1,1,1
lol-game-115548681803406192,partial,,LEC,2026,,0,2026-07-26 14:45:00,1,16.14.794.9266,10,Red,sup,Alvaro,,Movistar KOI,,Leona,1,1708,0,1,13,19,4,,,0.0894,7658,269.0,0.1285,37,1.3,50,1.76,13,0.46,,,,,,,,,,,,,,,,,,,,,,,,2129,17,2038,14,91,3,0,0,0,0,0,0,3393,27,3207,28,186,-1,0,1,0,0,0,1,4773,32,4377,33,396,-1,0,4,1,0,1,1,6066,35,5661,38,405,-3,0,9,1,0,2,3,1,1
lol-game-115548681803406192,partial,,LEC,2026,,0,2026-07-26 14:45:00,1,16.14.794.9266,,Red,team,,,Movistar KOI,,,1,1708,19,4,43,19,4,0.667,0.808,,59595,,,1033,,102,,37,,,,,,,4,0,4,0,0,1,2,1,0,0,0,0,1,0,11,2,1,0,14320,333,14719,340,-399,-7,0,0,0,0,0,0,23455,553,22892,549,563,4,2,2,0,0,0,2,35139,753,31797,704,3342,49,5,10,2,2,6,5,45678,915,40897,854,4781,61,11,26,4,4,9,11,1,1
lol-game-115548681803406193,partial,,LEC,2026,,0,2026-07-26 15:35:00,2,16.14.794.9266,1,Blue,top,Myrwn,,Movistar KOI,,Ambessa,0,1858,0,5,3,12,25,,,0.1516,10101,326.2,0.1716,247,7.98,17,0.55,3,0.1,,,,,,,,,,,,,,,,,,,,,,,,3866,103,4554,135,-688,-32,0,1,0,0,0,0,5849,160,6216,187,-367,-27,0,2,0,0,0,1,7309,194,9267,239,-1958,-45,0,2,1,2,2,1,8920,235,11622,290,-2702,-55,0,3,2,2,3,2,1,1
lol-game-115548681803406193,partial,,LEC,2026,,0,2026-07-26 15:35:00,2,16.14.794.9266,2,Blue,jng,Elyoya,,Movistar KOI,,Lee Sin,0,1858,3,5,6,12,25,,,0.1186,11715,378.3,0.1991,228,7.36,19,0.61,6,0.19,,,,,,,,,,,,,,,,,,,,,,,,4507,96,4101,86,406,10,1,3,1,0,2,0,6466,129,6441,125,25,4,2,4,2,2,2,0,8720,172,9256,157,-536,15,3,4,3,4,6,0,10331,204,11352,195,-1021,9,3,6,3,4,6,0,1,1
lol-game-115548681803406193,partial,,LEC,2026,,0,2026-07-26 15:35:00,2,16.14.794.9266,3,Blue,mid,Jojopyun,,Movistar KOI,,Viktor,0,1858,5,4,4,12,25,,,0.4186,15231,491.9,0.2588,301,9.72,14,0.45,6,0.19,,,,,,,,,,,,,,,,,,,,,,,,5038,113,4230,93,808,20,2,2,0,1,0,4,7206,164,5835,129,1371,35,3,3,1,1,2,4,10070,218,7763,176,2307,42,3,3,3,1,4,5,13406,263,9775,217,3631,46,5,3,3,1,5,5,1,1
lol-game-115548681803406193,partial,,LEC,2026,,0,2026-07-26 15:35:00,2,16.14.794.9266,4,Blue,bot,Supa,,Movistar KOI,,Xayah,0,1858,2,5,4,12,25,,,0.2671,13600,439.2,0.2311,282,9.11,11,0.36,7,0.23,,,,,,,,,,,,,,,,,,,,,,,,4827,112,4765,99,62,13,1,1,1,2,1,2,6817,160,7769,148,-952,12,1,2,2,3,4,3,9186,211,11366,214,-2180,-3,1,3,3,5,7,3,11055,250,14456,248,-3401,2,1,4,3,6,7,4,1,1
lol-game-115548681803406193,partial,,LEC,2026,,0,2026-07-26 15:35:00,2,16.14.794.9266,5,Blue,sup,Alvaro,,Movistar KOI,,Rakan,0,1858,2,6,6,12,25,,,0.0442,8206,265.0,0.1394,35,1.13,71,2.29,17,0.55,,,,,,,,,,,,,,,,,,,,,,,,3514,23,3096,20,418,3,2,1,1,0,3,0,4580,25,4829,26,-249,-1,2,3,2,1,6,0,5908,30,6538,31,-630,-1,2,4,3,1,12,0,7099,34,7858,33,-759,1,2,6,3,1,13,0,1,1
lol-game-115548681803406193,partial,,LEC,2026,,0,2026-07-26 15:35:00,2,16.14.794.9266,,Blue,team,,,Movistar KOI,,,0,1858,12,25,23,12,25,0.388,1.195,,58853,,,1093,,132,,39,,,,,,,3,2,3,2,1,2,0,0,0,0,0,0,0,2,3,11,0,2,21752,447,20746,433,1006,14,6,8,3,3,6,6,30918,638,31090,615,-172,23,8,14,7,7,14,8,41193,825,44190,817,-2997,8,9,16,13,13,31,9,50811,986,55063,983,-4252,3,11,22,14,14,34,11,1,1
lol-game-115548681803406193,partial,,LEC,2026,,0,2026-07-26 15:35:00,2,16.14.794.9266,6,Red,top,Naak Nako,,Team Vitality,,Renekton,1,1858,3,2,9,25,12,,,0.1367,14928,482.1,0.2042,326,10.53,9,0.29,3,0.1,,,,,,,,,,,,,,,,,,,,,,,,4554,135,3866,103,688,32,0,0,0,0,1,0,6216,187,5849,160,367,27,0,0,1,0,2,0,9267,239,7309,194,1958,45,2,2,1,0,2,1,11622,290,8920,235,2702,55,2,3,2,0,3,2,1,1
lol-game-115548681803406193,partial,,LEC,2026,,0,2026-07-26 15:35:00,2,16.14.794.9266,7,Red,jng,Lyncas,,Team Vitality,,Pantheon,1,1858,5,0,13,25,12,,,0.157,13696,442.3,0.1874,205,6.62,10,0.32,15,0.48,,,,,,,,,,,,,,,,,,,,,,,,4101,86,4507,96,-406,-10,0,2,0,1,3,1,6441,125,6466,129,-25,-4,2,2,0,2,4,2,9256,157,8720,172,536,-15,4,6,0,3,4,3,11352,195,10331,204,1021,-9,4,6,0,3,6,3,1,1
lol-game-115548681803406193,partial,,LEC,2026,,0,2026-07-26 15:35:00,2,16.14.794.9266,8,Red,mid,FIESTA,,Team Vitality,,Orianna,1,1858,1,5,15,25,12,,,0.2444,12419,401.0,0.1699,244,7.88,15,0.48,7,0.23,,,,,,,,,,,,,,,,,,,,,,,,4230,93,5038,113,-808,-20,1,0,4,2,2,0,5835,129,7206,164,-1371,-35,1,2,4,3,3,1,7763,176,10070,218,-2307,-42,1,4,5,3,3,3,9775,217,13406,263,-3631,-46,1,5,5,5,3,3,1,1
lol-game-115548681803406193,partial,,LEC,2026,,0,2026-07-26 15:35:00,2,16.14.794.9266,9,Red,bot,Carzzy,,Team Vitality,,Lucian,1,1858,14,5,9,25,12,,,0.4116,21376,690.3,0.2924,326,10.53,10,0.32,17,0.55,,,,,,,,,,,,,,,,,,,,,,,,4765,99,4827,112,-62,-13,2,1,2,1,1,1,7769,148,6817,160,952,-12,3,4,3,1,2,2,11366,214,9186,211,2180,3,5,7,3,1,3,3,14456,248,11055,250,3401,-2,6,7,4,1,4,3,1,1
lol-game-115548681803406193,partial,,LEC,2026,,0,2026-07-26 15:35:00,2,16.14.794.9266,10,Red,sup,Fleshy,,Team Vitality,,Milio,1,1858,2,0,22,25,12,,,0.0503,10678,344.8,0.1461,42,1.36,57,1.84,20,0.65,,,,,,,,,,,,,,,,,,,,,,,,3096,20,3514,23,-418,-3,0,3,0,2,1,1,4829,26,4580,25,249,1,1,6,0,2,3,2,6538,31,5908,30,630,1,1,12,0,2,4,3,7858,33,7099,34,759,-1,1,13,0,2,6,3,1,1
lol-game-115548681803406193,partial,,LEC,2026,,0,2026-07-26 15:35:00,2,16.14.794.9266,,Red,team,,,Team Vitality,,,1,1858,25,12,68,25,12,0.807,1.195,,73097,,,1143,,101,,62,,,,,,,2,3,2,3,0,1,1,0,0,0,0,0,2,0,11,3,2,0,20746,433,21752,447,-1006,-14,3,6,6,6,8,3,31090,615,30918,638,172,-23,7,14,8,8,14,7,44190,817,41193,825,2997,-8,13,31,9,9,16,13,55063,983,50811,986,4252,-3,14,34,11,11,22,14,1,1
lol-game-115548681803406194,partial,,LEC,2026,,0,2026-07-26 14:30:00,3,,1,Blue,top,Myrwn,,Movistar KOI,,Shen,0,2030,0,5,11,15,29,,,0.201,10641,314.5,0.1757,226,6.68,16,0.47,1,0.03,,,,,,,,,,,,,,,,,,,,,,,,,,,,,,,,,,,,,,,,-652,-29,,,,,,,,,,,,,,,,,,,,,,,,,,,,,,,1,0
lol-game-115548681803406194,partial,,LEC,2026,,0,2026-07-26 14:30:00,3,,2,Blue,jng,Elyoya,,Movistar KOI,,Jarvan IV,0,2030,2,5,11,15,29,,,0.176,11549,341.3,0.1907,200,5.91,18,0.53,14,0.41,,,,,,,,,,,,,,,,,,,,,,,,,,,,,,,,,,,,,,,,-509,1,,,,,,,,,,,,,,,,,,,,,,,,,,,,,,,1,0
lol-game-115548681803406194,partial,,LEC,2026,,0,2026-07-26 14:30:00,3,,3,Blue,mid,Jojopyun,,Movistar KOI,,Anivia,0,2030,2,7,5,15,29,,,0.247,11795,348.6,0.1947,264,7.8,18,0.53,5,0.15,,,,,,,,,,,,,,,,,,,,,,,,,,,,,,,,,,,,,,,,-1120,-16,,,,,,,,,,,,,,,,,,,,,,,,,,,,,,,1,0
lol-game-115548681803406194,partial,,LEC,2026,,0,2026-07-26 14:30:00,3,,4,Blue,bot,Supa,,Movistar KOI,,Kai,0,2030,9,5,5,15,29,,,0.31,17747,524.5,0.293,304,8.99,12,0.35,11,0.33,,,,,,,,,,,,,,,,,,,,,,,,,,,,,,,,,,,,,,,,411,1,,,,,,,,,,,,,,,,,,,,,,,,,,,,,,,1,0
lol-game-115548681803406194,partial,,LEC,2026,,0,2026-07-26 14:30:00,3,,5,Blue,sup,Alvaro,,Movistar KOI,,Alistar,0,2030,2,7,8,15,29,,,0.067,8838,261.2,0.1459,32,0.95,76,2.25,12,0.35,,,,,,,,,,,,,,,,,,,,,,,,,,,,,,,,,,,,,,,,-572,-3,,,,,,,,,,,,,,,,,,,,,,,,,,,,,,,1,0
lol-game-115548681803406194,partial,,LEC,2026,,0,2026-07-26 14:30:00,3,,,Blue,team,,,Movistar KOI,,,0,2030,15,29,40,15,29,0.443,1.3,,60600,,,1026,,140,,43,,,,,,,0,5,0,0,0,0,0,0,0,0,0,0,0,2,2,10,,,,,,,,,,,,,,,,,,,,,,,,,,,,,,,,,,,,,,,,,,,,,,,,,,,1,0
lol-game-115548681803406194,partial,,LEC,2026,,0,2026-07-26 14:30:00,3,,6,Red,top,Naak Nako,,Team Vitality,,K,1,2030,4,4,15,29,15,,,0.16,13721,405.5,0.1908,230,6.8,14,0.41,5,0.15,,,,,,,,,,,,,,,,,,,,,,,,,,,,,,,,,,,,,,,,652,29,,,,,,,,,,,,,,,,,,,,,,,,,,,,,,,1,0
lol-game-115548681803406194,partial,,LEC,2026,,0,2026-07-26 14:30:00,3,,7,Red,jng,Lyncas,,Team Vitality,,Naafiri,1,2030,11,0,8,29,15,,,0.183,16307,482.0,0.2267,244,7.21,8,0.24,11,0.33,,,,,,,,,,,,,,,,,,,,,,,,,,,,,,,,,,,,,,,,509,-1,,,,,,,,,,,,,,,,,,,,,,,,,,,,,,,1,0
lol-game-115548681803406194,partial,,LEC,2026,,0,2026-07-26 14:30:00,3,,8,Red,mid,FIESTA,,Team Vitality,,Hwei,1,2030,7,4,14,29,15,,,0.277,14442,426.9,0.2008,234,6.92,17,0.5,8,0.24,,,,,,,,,,,,,,,,,,,,,,,,,,,,,,,,,,,,,,,,1120,16,,,,,,,,,,,,,,,,,,,,,,,,,,,,,,,1,0
lol-game-115548681803406194,partial,,LEC,2026,,0,2026-07-26 14:30:00,3,,9,Red,bot,Carzzy,,Team Vitality,,Ziggs,1,2030,7,3,13,29,15,,,0.321,17026,503.2,0.2367,296,8.75,16,0.47,17,0.5,,,,,,,,,,,,,,,,,,,,,,,,,,,,,,,,,,,,,,,,-411,-1,,,,,,,,,,,,,,,,,,,,,,,,,,,,,,,1,0
lol-game-115548681803406194,partial,,LEC,2026,,0,2026-07-26 14:30:00,3,,10,Red,sup,Fleshy,,Team Vitality,,Rell,1,2030,0,4,23,29,15,,,0.059,10431,308.3,0.145,46,1.36,63,1.86,31,0.92,,,,,,,,,,,,,,,,,,,,,,,,,,,,,,,,,,,,,,,,572,3,,,,,,,,,,,,,,,,,,,,,,,,,,,,,,,1,0
lol-game-115548681803406194,partial,,LEC,2026,,0,2026-07-26 14:30:00,3,,,Red,team,,,Team Vitality,,,1,2030,29,15,73,29,15,0.857,1.3,,71900,,,1050,,118,,72,,,,,,,5,0,0,0,0,0,0,0,0,0,0,0,2,0,10,2,,,,,,,,,,,,,,,,,,,,,,,,,,,,,,,,,,,,,,,,,,,,,,,,,,,1,0
lol-game-115548681803406200,partial,,LEC,2026,,0,2026-07-24 18:05:01,1,16.14.794.9266,1,Blue,top,Canna,,Karmine Corp,,Twisted Fate,1,2360,7,3,4,22,9,,,0.2642,19472,495.1,0.2393,334,8.49,14,0.36,9,0.23,,,,,,,,,,,,,,,,,,,,,,,,3275,67,2823,62,452,5,0,1,1,1,0,1,5137,110,4541,113,596,-3,0,1,1,1,0,1,8509,164,5777,139,2732,25,3,1,2,1,1,4,11197,202,7510,192,3687,10,4,1,2,1,1,4,1,1
lol-game-115548681803406200,partial,,LEC,2026,,0,2026-07-24 18:05:01,1,16.14.794.9266,2,Blue,jng,Yike,,Karmine Corp,,Nocturne,1,2360,5,2,7,22,9,,,0.1491,16925,430.3,0.208,302,7.68,17,0.43,16,0.41,,,,,,,,,,,,,,,,,,,,,,,,2960,51,2488,49,472,2,1,0,0,0,0,0,5333,99,3998,87,1335,12,2,2,0,0,0,1,7937,143,6025,115,1912,28,3,4,1,1,2,2,9748,185,7328,139,2420,46,3,4,1,1,2,3,1,1
lol-game-115548681803406200,partial,,LEC,2026,,0,2026-07-24 18:05:01,1,16.14.794.9266,3,Blue,mid,kyeahoo,,Karmine Corp,,Syndra,1,2360,4,0,5,22,9,,,0.2276,16121,409.9,0.1981,349,8.87,17,0.43,8,0.2,,,,,,,,,,,,,,,,,,,,,,,,3319,83,2827,75,492,8,1,0,0,0,0,1,5195,134,4291,119,904,15,1,1,0,0,0,2,7761,188,6235,156,1526,32,2,2,0,1,0,3,9358,233,8003,208,1355,25,2,2,0,1,0,3,1,1
lol-game-115548681803406200,partial,,LEC,2026,,0,2026-07-24 18:05:01,1,16.14.794.9266,4,Blue,bot,Caliste,,Karmine Corp,,Viktor,1,2360,3,1,6,22,9,,,0.2398,18149,461.4,0.2231,401,10.19,16,0.41,17,0.43,,,,,,,,,,,,,,,,,,,,,,,,2918,78,2804,76,114,2,0,0,0,0,0,0,5670,132,4364,126,1306,6,2,0,0,0,0,1,7916,190,8189,192,-273,-2,2,0,1,2,1,1,10036,255,10623,270,-587,-15,2,0,1,2,1,1,1,1
lol-game-115548681803406200,partial,,LEC,2026,,0,2026-07-24 18:05:01,1,16.14.794.9266,5,Blue,sup,Busio,,Karmine Corp,,Camille,1,2360,3,3,5,22,9,,,0.1193,10699,272.0,0.1315,32,0.81,69,1.75,16,0.41,,,,,,,,,,,,,,,,,,,,,,,,2012,14,1839,10,173,4,0,1,0,0,0,0,3628,16,2881,14,747,2,1,2,0,0,0,1,5042,21,4282,21,760,0,1,3,1,0,3,1,6127,25,5307,23,820,2,1,3,1,0,3,1,1,1
lol-game-115548681803406200,partial,,LEC,2026,,0,2026-07-24 18:05:01,1,16.14.794.9266,,Blue,team,,,Karmine Corp,,,1,2360,22,9,27,22,9,0.559,0.788,,81366,,,1418,,133,,66,,,,,,,4,2,4,2,0,0,0,4,0,0,0,0,2,0,11,0,3,0,14484,293,12781,272,1703,21,2,2,1,1,0,2,24963,491,20075,459,4888,32,6,6,1,1,0,6,37165,706,30508,623,6657,83,11,10,5,5,7,11,46466,900,38771,832,7695,68,12,10,5,5,7,12,1,1
lol-game-115548681803406200,partial,,LEC,2026,,0,2026-07-24 18:05:01,1,16.14.794.9266,6,Red,top,Naak Nako,,Team Vitality,,Gnar,0,2360,3,5,2,9,22,,,0.1671,14568,370.4,0.2252,334,8.49,11,0.28,3,0.08,,,,,,,,,,,,,,,,,,,,,,,,2823,62,3275,67,-452,-5,1,0,1,0,1,1,4541,113,5137,110,-596,3,1,0,1,0,1,1,5777,139,8509,164,-2732,-25,1,1,4,3,1,2,7510,192,11197,202,-3687,-10,1,1,4,4,1,2,1,1
lol-game-115548681803406200,partial,,LEC,2026,,0,2026-07-24 18:05:01,1,16.14.794.9266,7,Red,jng,Lyncas,,Team Vitality,,Jarvan IV,0,2360,1,6,2,9,22,,,0.1217,10491,266.7,0.1622,187,4.75,5,0.13,13,0.33,,,,,,,,,,,,,,,,,,,,,,,,2488,49,2960,51,-472,-2,0,0,0,1,0,0,3998,87,5333,99,-1335,-12,0,0,1,2,2,0,6025,115,7937,143,-1912,-28,1,2,2,3,4,1,7328,139,9748,185,-2420,-46,1,2,3,3,4,1,1,1
lol-game-115548681803406200,partial,,LEC,2026,,0,2026-07-24 18:05:01,1,16.14.794.9266,8,Red,mid,FIESTA,,Team Vitality,,Cassiopeia,0,2360,2,6,1,9,22,,,0.1762,13268,337.3,0.2051,323,8.21,11,0.28,11,0.28,,,,,,,,,,,,,,,,,,,,,,,,2827,75,3319,83,-492,-8,0,0,1,1,0,0,4291,119,5195,134,-904,-15,0,0,2,1,1,0,6235,156,7761,188,-1526,-32,1,0,3,2,2,0,8003,208,9358,233,-1355,-25,1,0,3,2,2,0,1,1
lol-game-115548681803406200,partial,,LEC,2026,,0,2026-07-24 18:05:01,1,16.14.794.9266,9,Red,bot,Carzzy,,Team Vitality,,Ziggs,0,2360,3,3,4,9,22,,,0.4741,17490,444.7,0.2703,433,11.01,17,0.43,11,0.28,,,,,,,,,,,,,,,,,,,,,,,,2804,76,2918,78,-114,-2,0,0,0,0,0,0,4364,126,5670,132,-1306,-6,0,0,1,2,0,0,8189,192,7916,190,273,2,2,1,1,2,0,1,10623,270,10036,255,587,15,2,1,1,2,0,1,1,1
lol-game-115548681803406200,partial,,LEC,2026,,0,2026-07-24 18:05:01,1,16.14.794.9266,10,Red,sup,Fleshy,,Team Vitality,,Rell,0,2360,0,2,7,9,22,,,0.0609,8882,225.8,0.1373,39,0.99,89,2.26,25,0.64,,,,,,,,,,,,,,,,,,,,,,,,1839,10,2012,14,-173,-4,0,0,0,0,1,0,2881,14,3628,16,-747,-2,0,0,1,1,2,0,4282,21,5042,21,-760,0,0,3,1,1,3,1,5307,23,6127,25,-820,-2,0,3,1,1,3,1,1,1
lol-game-115548681803406200,partial,,LEC,2026,,0,2026-07-24 18:05:01,1,16.14.794.9266,,Red,team,,,Team Vitality,,,0,2360,9,22,16,9,22,0.229,0.788,,64699,,,1316,,133,,63,,,,,,,2,4,2,4,1,0,1,0,0,0,0,0,0,2,0,11,0,3,12781,272,14484,293,-1703,-21,1,0,2,2,2,1,20075,459,24963,491,-4888,-32,1,0,6,6,6,1,30508,623,37165,706,-6657,-83,5,7,11,11,10,5,38771,832,46466,900,-7695,-68,5,7,12,12,10,5,1,1
lol-game-115548681803406201,partial,,LEC,2026,,0,2026-07-24 19:05:03,2,16.14.794.9266,1,Blue,top,Canna,,Karmine Corp,,Rumble,1,2313,6,5,5,19,16,,,0.2092,15246,395.5,0.1956,260,6.74,24,0.62,1,0.03,,,,,,,,,,,,,,,,,,,,,,,,3448,90,3854,91,-406,-1,0,0,1,1,0,0,5940,127,5800,134,140,-7,2,1,2,2,0,1,8201,178,7612,172,589,6,3,1,2,3,0,2,9816,198,10151,214,-335,-16,4,1,4,5,0,2,1,1
lol-game-115548681803406201,partial,,LEC,2026,,0,2026-07-24 19:05:03,2,16.14.794.9266,2,Blue,jng,Yike,,Karmine Corp,,Vi,1,2313,2,3,13,19,16,,,0.1254,14261,369.9,0.183,247,6.41,12,0.31,13,0.34,,,,,,,,,,,,,,,,,,,,,,,,3765,77,3182,66,583,11,1,0,0,0,0,1,5966,117,5085,95,881,22,2,2,1,1,1,2,7538,147,7596,138,-58,9,2,3,2,2,2,2,9482,187,9531,164,-49,23,2,5,2,2,4,2,1,1
lol-game-115548681803406201,partial,,LEC,2026,,0,2026-07-24 19:05:03,2,16.14.794.9266,3,Blue,mid,kyeahoo,,Karmine Corp,,Ryze,1,2313,4,3,6,19,16,,,0.187,17358,450.3,0.2227,339,8.79,11,0.29,9,0.23,,,,,,,,,,,,,,,,,,,,,,,,3537,96,3606,101,-69,-5,0,0,0,0,0,0,5419,143,5337,156,82,-13,1,1,0,0,0,0,7400,193,7289,192,111,1,1,2,1,0,1,0,10314,245,9397,232,917,13,2,2,2,0,2,0,1,1
lol-game-115548681803406201,partial,,LEC,2026,,0,2026-07-24 19:05:03,2,16.14.794.9266,4,Blue,bot,Caliste,,Karmine Corp,,Caitlyn,1,2313,6,1,5,19,16,,,0.4027,21443,556.2,0.2751,403,10.45,21,0.54,17,0.44,,,,,,,,,,,,,,,,,,,,,,,,3609,95,3359,88,250,7,0,0,0,0,0,0,6719,136,6339,139,380,-3,0,1,1,1,1,0,8794,187,8997,207,-203,-20,0,1,1,1,1,0,10938,236,11811,259,-873,-23,0,2,1,2,1,1,1,1
lol-game-115548681803406201,partial,,LEC,2026,,0,2026-07-24 19:05:03,2,16.14.794.9266,5,Blue,sup,Busio,,Karmine Corp,,Neeko,1,2313,1,4,7,19,16,,,0.0757,9634,249.9,0.1236,30,0.78,84,2.18,17,0.44,,,,,,,,,,,,,,,,,,,,,,,,2594,10,2283,13,311,-3,0,1,0,0,0,0,3800,10,3527,20,273,-10,0,3,0,0,1,2,4842,17,4956,28,-114,-11,0,3,0,0,1,2,5972,20,6792,33,-820,-13,0,4,1,1,2,3,1,1
lol-game-115548681803406201,partial,,LEC,2026,,0,2026-07-24 19:05:03,2,16.14.794.9266,,Blue,team,,,Karmine Corp,,,1,2313,19,16,36,19,16,0.493,0.908,,77942,,,1279,,152,,57,,,,,,,3,3,3,3,1,0,2,0,0,0,0,0,0,2,8,6,1,0,16953,368,16284,359,669,9,1,1,1,1,0,1,27844,533,26088,544,1756,-11,5,8,4,4,3,5,36775,722,36450,737,325,-15,6,10,6,6,5,6,46522,886,47682,902,-1160,-16,8,14,10,10,9,8,1,1
lol-game-115548681803406201,partial,,LEC,2026,,0,2026-07-24 19:05:03,2,16.14.794.9266,6,Red,top,Naak Nako,,Team Vitality,,K'Sante,0,2313,6,3,2,16,19,,,0.1994,14748,382.6,0.2022,286,7.42,21,0.54,4,0.1,,,,,,,,,,,,,,,,,,,,,,,,3854,91,3448,90,406,1,1,0,0,0,0,1,5800,134,5940,127,-140,7,2,0,1,2,1,2,7612,172,8201,178,-589,-6,3,0,2,3,1,2,10151,214,9816,198,335,16,5,0,2,4,1,4,1,1
lol-game-115548681803406201,partial,,LEC,2026,,0,2026-07-24 19:05:03,2,16.14.794.9266,7,Red,jng,Lyncas,,Team Vitality,,Naafiri,0,2313,3,4,6,16,19,,,0.1984,13986,362.8,0.1918,238,6.17,10,0.26,9,0.23,,,,,,,,,,,,,,,,,,,,,,,,3182,66,3765,77,-583,-11,0,0,1,1,0,0,5085,95,5966,117,-881,-22,1,1,2,2,2,1,7596,138,7538,147,58,-9,2,2,2,2,3,2,9531,164,9482,187,49,-23,2,4,2,2,5,2,1,1
lol-game-115548681803406201,partial,,LEC,2026,,0,2026-07-24 19:05:03,2,16.14.794.9266,8,Red,mid,FIESTA,,Team Vitality,,Anivia,0,2313,1,1,6,16,19,,,0.2218,15050,390.4,0.2063,337,8.74,19,0.49,11,0.29,,,,,,,,,,,,,,,,,,,,,,,,3606,101,3537,96,69,5,0,0,0,0,0,0,5337,156,5419,143,-82,13,0,0,0,1,1,0,7289,192,7400,193,-111,-1,0,1,0,1,2,1,9397,232,10314,245,-917,-13,0,2,0,2,2,2,1,1
lol-game-115548681803406201,partial,,LEC,2026,,0,2026-07-24 19:05:03,2,16.14.794.9266,9,Red,bot,Carzzy,,Team Vitality,,Lucian,0,2313,4,4,1,16,19,,,0.2409,18831,488.5,0.2582,372,9.65,19,0.49,23,0.6,,,,,,,,,,,,,,,,,,,,,,,,3359,88,3609,95,-250,-7,0,0,0,0,0,0,6339,139,6719,136,-380,3,1,1,0,0,1,1,8997,207,8794,187,203,20,1,1,0,0,1,1,11811,259,10938,236,873,23,2,1,1,0,2,1,1,1
lol-game-115548681803406201,partial,,LEC,2026,,0,2026-07-24 19:05:03,2,16.14.794.9266,10,Red,sup,Fleshy,,Team Vitality,,Elise,0,2313,2,7,3,16,19,,,0.1396,10320,267.7,0.1415,45,1.17,84,2.18,20,0.52,,,,,,,,,,,,,,,,,,,,,,,,2283,13,2594,10,-311,3,0,0,0,0,1,0,3527,20,3800,10,-273,10,0,1,2,0,3,0,4956,28,4842,17,114,11,0,1,2,0,3,0,6792,33,5972,20,820,13,1,2,3,0,4,1,1,1
lol-game-115548681803406201,partial,,LEC,2026,,0,2026-07-24 19:05:03,2,16.14.794.9266,,Red,team,,,Team Vitality,,,0,2313,16,19,18,16,19,0.415,0.908,,72935,,,1278,,153,,67,,,,,,,3,3,3,3,0,0,2,0,0,1,0,0,2,0,6,8,0,1,16284,359,16953,368,-669,-9,1,0,1,1,1,1,26088,544,27844,533,-1756,11,4,3,5,5,8,4,36450,737,36775,722,-325,15,6,5,6,6,10,6,47682,902,46522,886,1160,16,10,9,8,8,14,10,1,1
lol-game-115548681803406204,partial,,LEC,2026,,0,2026-07-25 14:55:00,1,16.14.794.9266,1,Blue,top,BrokenBlade,,G2 Esports,,Kled,1,1538,6,1,6,26,7,,,0.2798,13160,513.4,0.219,224,8.74,12,0.47,3,0.12,,,,,,,,,,,,,,,,,,,,,,,,3871,100,4355,114,-484,-14,0,2,0,0,0,0,6576,155,6083,170,493,-15,1,3,0,0,0,1,9012,200,7664,217,1348,-17,4,4,0,0,0,2,12786,224,10461,252,2325,-28,6,6,1,1,0,4,1,1
lol-game-115548681803406204,partial,,LEC,2026,,0,2026-07-25 14:55:00,1,16.14.794.9266,2,Blue,jng,SkewMond,,G2 Esports,,Jarvan IV,1,1538,5,2,16,26,7,,,0.1915,13260,517.3,0.2207,203,7.92,10,0.39,11,0.43,,,,,,,,,,,,,,,,,,,,,,,,4729,83,4314,102,415,-19,2,0,1,0,1,0,7013,123,5860,138,1153,-15,3,2,2,0,1,1,9052,165,7486,178,1566,-13,3,5,2,0,1,2,12736,200,9349,183,3387,17,5,13,2,2,1,4,1,1
lol-game-115548681803406204,partial,,LEC,2026,,0,2026-07-25 14:55:00,1,16.14.794.9266,3,Blue,mid,Caps,,G2 Esports,,Orianna,1,1538,9,1,12,26,7,,,0.24,12965,505.8,0.2158,237,9.25,9,0.35,3,0.12,,,,,,,,,,,,,,,,,,,,,,,,4096,113,4760,107,-664,6,0,2,1,2,0,1,6576,154,6683,155,-107,-1,2,3,1,3,0,2,8713,194,8057,193,656,1,3,5,1,3,0,3,12127,228,8953,198,3174,30,7,11,1,3,1,6,1,1
lol-game-115548681803406204,partial,,LEC,2026,,0,2026-07-25 14:55:00,1,16.14.794.9266,4,Blue,bot,Hans Sama,,G2 Esports,,Viktor,1,1538,3,1,11,26,7,,,0.2055,12302,479.9,0.2047,242,9.44,16,0.62,4,0.16,,,,,,,,,,,,,,,,,,,,,,,,4275,111,4087,109,188,2,0,2,0,0,0,0,6443,170,6074,158,369,12,0,2,0,0,0,0,8845,215,8158,203,687,12,0,4,0,1,0,0,11669,235,9314,215,2355,20,2,9,1,1,1,3,1,1
lol-game-115548681803406204,partial,,LEC,2026,,0,2026-07-25 14:55:00,1,16.14.794.9266,5,Blue,sup,Labrov,,G2 Esports,,Shen,1,1538,3,3,14,26,7,,,0.0832,8404,327.9,0.1399,24,0.94,52,2.03,10,0.39,,,,,,,,,,,,,,,,,,,,,,,,2712,14,3074,10,-362,4,0,0,1,0,2,1,3959,20,4245,18,-286,2,0,2,1,0,2,2,5694,23,5442,23,252,0,1,6,2,0,3,4,8076,24,6879,24,1197,0,3,11,3,0,6,6,1,1
lol-game-115548681803406204,partial,,LEC,2026,,0,2026-07-25 14:55:00,1,16.14.794.9266,,Blue,team,,,G2 Esports,,,1,1538,26,7,59,26,7,1.014,1.287,,60091,,,930,,99,,31,,,,,,,1,3,1,3,0,1,0,0,0,0,0,0,1,0,11,2,3,0,19683,421,20590,442,-907,-21,2,6,3,2,3,2,30567,622,28945,639,1622,-17,6,12,4,3,3,6,41316,797,36807,814,4509,-17,11,24,5,4,4,11,57394,911,44956,872,12438,39,23,50,8,7,9,23,1,1
lol-game-115548681803406204,partial,,LEC,2026,,0,2026-07-25 14:55:00,1,16.14.794.9266,6,Red,top,Naak Nako,,Team Vitality,,Renekton,0,1538,1,4,0,7,26,,,0.3112,10569,412.3,0.2327,253,9.87,9,0.35,3,0.12,,,,,,,,,,,,,,,,,,,,,,,,4355,114,3871,100,484,14,0,0,0,0,2,0,6083,170,6576,155,-493,15,0,0,1,1,3,0,7664,217,9012,200,-1348,17,0,0,2,4,4,0,10461,252,12786,224,-2325,28,1,0,4,6,6,1,1,1
lol-game-115548681803406204,partial,,LEC,2026,,0,2026-07-25 14:55:00,1,16.14.794.9266,7,Red,jng,Lyncas,,Team Vitality,,Nocturne,0,1538,2,5,1,7,26,,,0.1452,9427,367.8,0.2076,183,7.14,3,0.12,7,0.27,,,,,,,,,,,,,,,,,,,,,,,,4314,102,4729,83,-415,19,0,1,0,2,0,1,5860,138,7013,123,-1153,15,0,1,1,3,2,2,7486,178,9052,165,-1566,13,0,1,2,3,5,2,9349,183,12736,200,-3387,-17,2,1,4,5,13,2,1,1
lol-game-115548681803406204,partial,,LEC,2026,,0,2026-07-25 14:55:00,1,16.14.794.9266,8,Red,mid,FIESTA,,Team Vitality,,Sylas,0,1538,3,7,1,7,26,,,0.2242,9032,352.4,0.1989,198,7.72,8,0.31,3,0.12,,,,,,,,,,,,,,,,,,,,,,,,4760,107,4096,113,664,-6,2,0,1,0,2,1,6683,155,6576,154,107,1,3,0,2,2,3,1,8057,193,8713,194,-656,-1,3,0,3,3,5,1,8953,198,12127,228,-3174,-30,3,1,6,7,11,1,1,1
lol-game-115548681803406204,partial,,LEC,2026,,0,2026-07-25 14:55:00,1,16.14.794.9266,9,Red,bot,Carzzy,,Team Vitality,,Cassiopeia,0,1538,1,3,1,7,26,,,0.1713,9398,366.6,0.2069,215,8.39,8,0.31,7,0.27,,,,,,,,,,,,,,,,,,,,,,,,4087,109,4275,111,-188,-2,0,0,0,0,2,0,6074,158,6443,170,-369,-12,0,0,0,0,2,0,8158,203,8845,215,-687,-12,1,0,0,0,4,0,9314,215,11669,235,-2355,-20,1,1,3,2,9,1,1,1
lol-game-115548681803406204,partial,,LEC,2026,,0,2026-07-25 14:55:00,1,16.14.794.9266,10,Red,sup,Fleshy,,Team Vitality,,Camille,0,1538,0,7,6,7,26,,,0.1482,6992,272.8,0.1539,24,0.94,52,2.03,19,0.74,,,,,,,,,,,,,,,,,,,,,,,,3074,10,2712,14,362,-4,0,2,1,0,0,1,4245,18,3959,20,286,-2,0,2,2,0,2,1,5442,23,5694,23,-252,0,0,3,4,1,6,2,6879,24,8076,24,-1197,0,0,6,6,3,11,3,1,1
lol-game-115548681803406204,partial,,LEC,2026,,0,2026-07-25 14:55:00,1,16.14.794.9266,,Red,team,,,Team Vitality,,,0,1538,7,26,9,7,26,0.273,1.287,,45418,,,873,,80,,39,,,,,,,3,1,3,1,1,1,0,0,1,0,0,0,0,1,2,11,0,3,20590,442,19683,421,907,21,2,3,2,2,6,3,28945,639,30567,622,-1622,17,3,3,6,6,12,4,36807,814,41316,797,-4509,17,4,4,11,11,24,5,44956,872,57394,911,-12438,-39,7,9,23,23,50,8,1,1
lol-game-115548681803406205,partial,,LEC,2026,,0,2026-07-25 15:45:00,2,16.14.794.9266,1,Blue,top,BrokenBlade,,G2 Esports,,K'Sante,1,1531,2,1,5,22,5,,,0.1497,12851,503.6,0.2019,291,11.4,13,0.51,7,0.27,,,,,,,,,,,,,,,,,,,,,,,,5405,138,4823,119,582,19,1,1,0,0,0,1,7231,189,6983,179,248,10,1,1,1,0,0,1,9382,230,8909,226,473,4,1,3,1,0,0,2,12034,291,10521,269,1513,22,1,3,1,0,0,3,1,1
lol-game-115548681803406205,partial,,LEC,2026,,0,2026-07-25 15:45:00,2,16.14.794.9266,2,Blue,jng,SkewMond,,G2 Esports,,Lee Sin,1,1531,4,0,5,22,5,,,0.1813,12121,475.0,0.1904,224,8.78,18,0.71,5,0.2,,,,,,,,,,,,,,,,,,,,,,,,5861,110,4482,99,1379,11,3,1,0,0,0,1,7903,155,6607,130,1296,25,3,1,0,1,0,1,9920,183,8133,151,1787,32,4,3,0,1,0,2,11856,223,9497,177,2359,46,4,4,0,1,0,3,1,1
lol-game-115548681803406205,partial,,LEC,2026,,0,2026-07-25 15:45:00,2,16.14.794.9266,3,Blue,mid,Caps,,G2 Esports,,Ahri,1,1531,15,2,5,22,5,,,0.494,16217,635.5,0.2548,267,10.46,6,0.24,6,0.24,,,,,,,,,,,,,,,,,,,,,,,,6597,135,4970,118,1627,17,4,3,2,2,0,4,9104,194,6948,165,2156,29,5,3,2,2,1,5,12413,219,8840,188,3573,31,10,4,2,3,1,7,15571,263,10298,223,5273,40,14,4,2,3,1,8,1,1
lol-game-115548681803406205,partial,,LEC,2026,,0,2026-07-25 15:45:00,2,16.14.794.9266,4,Blue,bot,Hans Sama,,G2 Esports,,Syndra,1,1531,1,1,4,22,5,,,0.102,14428,565.4,0.2267,294,11.52,17,0.67,2,0.08,,,,,,,,,,,,,,,,,,,,,,,,6497,147,4359,116,2138,31,0,1,0,0,0,2,9120,202,6750,180,2370,22,0,1,0,0,0,2,11413,237,9341,246,2072,-9,0,4,1,0,1,3,13780,292,11282,303,2498,-11,0,4,1,0,1,3,1,1
lol-game-115548681803406205,partial,,LEC,2026,,0,2026-07-25 15:45:00,2,16.14.794.9266,5,Blue,sup,Labrov,,G2 Esports,,Leona,1,1531,0,1,10,22,5,,,0.073,8040,315.1,0.1263,28,1.1,61,2.39,14,0.55,,,,,,,,,,,,,,,,,,,,,,,,3708,18,3506,25,202,-7,0,4,0,0,1,0,5106,22,4794,30,312,-8,0,5,0,0,2,0,6363,24,6226,32,137,-8,0,7,0,0,3,1,7681,28,7463,43,218,-15,0,8,0,0,3,2,1,1
lol-game-115548681803406205,partial,,LEC,2026,,0,2026-07-25 15:45:00,2,16.14.794.9266,,Blue,team,,,G2 Esports,,,1,1531,22,5,29,22,5,0.862,1.058,,63657,,,1104,,115,,34,,,,,,,4,0,4,0,2,0,1,1,0,0,0,0,0,1,11,1,3,0,28068,548,22140,477,5928,71,8,10,2,2,1,8,38464,762,32082,684,6382,78,9,11,3,3,3,9,49491,893,41449,843,8042,50,15,21,4,4,5,15,60922,1097,49061,1015,11861,82,19,23,4,4,5,19,1,1
lol-game-115548681803406205,partial,,LEC,2026,,0,2026-07-25 15:45:00,2,16.14.794.9266,6,Red,top,Naak Nako,,Team Vitality,,Jayce,0,1531,1,4,0,5,22,,,0.2523,11150,437.0,0.2214,269,10.54,13,0.51,8,0.31,,,,,,,,,,,,,,,,,,,,,,,,4823,119,5405,138,-582,-19,0,0,1,1,1,0,6983,179,7231,189,-248,-10,0,0,1,1,1,1,8909,226,9382,230,-473,-4,0,0,2,1,3,1,10521,269,12034,291,-1513,-22,0,0,3,1,3,1,1,1
lol-game-115548681803406205,partial,,LEC,2026,,0,2026-07-25 15:45:00,2,16.14.794.9266,7,Red,jng,Lyncas,,Team Vitality,,Wukong,0,1531,1,4,0,5,22,,,0.0949,9562,374.7,0.1898,177,6.94,6,0.24,8,0.31,,,,,,,,,,,,,,,,,,,,,,,,4482,99,5861,110,-1379,-11,0,0,1,3,1,0,6607,130,7903,155,-1296,-25,1,0,1,3,1,0,8133,151,9920,183,-1787,-32,1,0,2,4,3,0,9497,177,11856,223,-2359,-46,1,0,3,4,4,0,1,1
lol-game-115548681803406205,partial,,LEC,2026,,0,2026-07-25 15:45:00,2,16.14.794.9266,8,Red,mid,FIESTA,,Team Vitality,,LeBlanc,0,1531,3,8,1,5,22,,,0.3049,10363,406.1,0.2057,223,8.74,4,0.16,11,0.43,,,,,,,,,,,,,,,,,,,,,,,,4970,118,6597,135,-1627,-17,2,0,4,4,3,2,6948,165,9104,194,-2156,-29,2,1,5,5,3,2,8840,188,12413,219,-3573,-31,3,1,7,10,4,2,10298,223,15571,263,-5273,-40,3,1,8,14,4,2,1,1
lol-game-115548681803406205,partial,,LEC,2026,,0,2026-07-25 15:45:00,2,16.14.794.9266,9,Red,bot,Carzzy,,Team Vitality,,Ziggs,0,1531,0,4,1,5,22,,,0.2833,11566,453.3,0.2296,310,12.15,11,0.43,4,0.16,,,,,,,,,,,,,,,,,,,,,,,,4359,116,6497,147,-2138,-31,0,0,2,0,1,0,6750,180,9120,202,-2370,-22,0,0,2,0,1,0,9341,246,11413,237,-2072,9,0,1,3,0,4,1,11282,303,13780,292,-2498,11,0,1,3,0,4,1,1,1
lol-game-115548681803406205,partial,,LEC,2026,,0,2026-07-25 15:45:00,2,16.14.794.9266,10,Red,sup,Fleshy,,Team Vitality,,Rakan,0,1531,0,2,4,5,22,,,0.0646,7730,302.9,0.1535,43,1.69,68,2.66,23,0.9,,,,,,,,,,,,,,,,,,,,,,,,3506,25,3708,18,-202,7,0,1,0,0,4,0,4794,30,5106,22,-312,8,0,2,0,0,5,0,6226,32,6363,24,-137,8,0,3,1,0,7,0,7463,43,7681,28,-218,15,0,3,2,0,8,0,1,1
lol-game-115548681803406205,partial,,LEC,2026,,0,2026-07-25 15:45:00,2,16.14.794.9266,,Red,team,,,Team Vitality,,,0,1531,5,22,6,5,22,0.196,1.058,,50371,,,1022,,102,,54,,,,,,,0,4,0,4,0,0,0,0,0,0,0,0,1,0,1,11,0,3,22140,477,28068,548,-5928,-71,2,1,8,8,10,2,32082,684,38464,762,-6382,-78,3,3,9,9,11,3,41449,843,49491,893,-8042,-50,4,5,15,15,21,4,49061,1015,60922,1097,-11861,-82,4,5,19,19,23,4,1,1
lol-game-115548681803406208,partial,,LEC,2026,,0,2026-08-07 15:15:00,1,16.15.800.4844,1,Blue,top,Rooster,,Shifters,,Rumble,0,1886,2,4,5,10,16,,,0.2371,13531,430.5,0.2101,269,8.56,14,0.45,1,0.03,,,,,,,,,,,,,,,,,,,,,,,,6174,140,4997,135,1177,5,1,0,1,0,2,1,7878,176,6384,169,1494,7,1,0,1,0,2,1,9350,199,8160,199,1190,0,1,0,2,1,3,1,10750,231,9692,234,1058,-3,1,0,2,1,4,1,1,1
lol-game-115548681803406208,partial,,LEC,2026,,0,2026-08-07 15:15:00,1,16.15.800.4844,2,Blue,jng,Sheo,,Shifters,,Wukong,0,1886,1,5,5,10,16,,,0.1306,12338,392.5,0.1915,252,8.02,10,0.32,15,0.48,,,,,,,,,,,,,,,,,,,,,,,,5082,117,5478,122,-396,-5,0,0,1,0,2,0,7259,167,7878,169,-619,-2,0,1,1,1,2,0,9154,206,10152,208,-998,-2,0,2,1,2,4,0,10557,235,11637,237,-1080,-2,0,2,2,2,5,0,1,1
lol-game-115548681803406208,partial,,LEC,2026,,0,2026-08-07 15:15:00,1,16.15.800.4844,3,Blue,mid,nuc,,Shifters,,Viktor,0,1886,2,2,6,10,16,,,0.2181,13667,434.8,0.2122,307,9.77,19,0.6,9,0.29,,,,,,,,,,,,,,,,,,,,,,,,5513,168,6249,152,-736,16,0,0,0,3,0,0,7548,215,8679,206,-1131,9,0,1,0,3,1,0,9796,264,10721,256,-925,8,1,1,0,4,2,0,11161,295,12368,302,-1207,-7,1,1,0,4,3,0,1,1
lol-game-115548681803406208,partial,,LEC,2026,,0,2026-08-07 15:15:00,1,16.15.800.4844,4,Blue,bot,Paduck,,Shifters,,Corki,0,1886,4,3,2,10,16,,,0.3762,15891,505.5,0.2467,333,10.59,18,0.57,11,0.35,,,,,,,,,,,,,,,,,,,,,,,,5883,143,5579,144,304,-1,0,0,1,0,0,0,8211,187,7810,204,401,-17,1,1,1,0,0,1,10140,231,9729,246,411,-15,1,1,2,0,1,2,12293,285,12430,298,-137,-13,1,1,2,1,1,2,1,1
lol-game-115548681803406208,partial,,LEC,2026,,0,2026-08-07 15:15:00,1,16.15.800.4844,5,Blue,sup,Stend,,Shifters,,Rakan,0,1886,1,2,7,10,16,,,0.038,8986,285.9,0.1395,54,1.72,81,2.58,34,1.08,,,,,,,,,,,,,,,,,,,,,,,,3489,29,3433,25,56,4,0,0,0,0,1,0,5124,39,4769,31,355,8,1,1,1,0,2,1,6196,41,6211,36,-15,5,1,1,2,0,5,1,7199,44,7252,38,-53,6,1,1,2,0,6,1,1,1
lol-game-115548681803406208,partial,,LEC,2026,,0,2026-08-07 15:15:00,1,16.15.800.4844,,Blue,team,,,Shifters,,,0,1886,10,16,25,10,16,0.318,0.827,,64413,,,1215,,142,,70,,,,,,,1,4,1,4,1,0,0,0,0,0,0,0,0,1,3,9,0,2,26141,597,25736,578,405,19,1,0,3,3,5,1,36020,784,35520,779,500,5,3,4,4,4,7,3,44636,941,44973,945,-337,-4,4,5,7,7,15,4,51960,1090,53379,1109,-1419,-19,4,5,8,8,19,4,1,1
lol-game-115548681803406208,partial,,LEC,2026,,0,2026-08-07 15:15:00,1,16.15.800.4844,6,Red,top,Oscarinin,,GIANTX,,Ornn,1,1886,2,1,11,16,10,,,0.1749,12527,398.5,0.1774,249,7.92,14,0.45,11,0.35,,,,,,,,,,,,,,,,,,,,,,,,4997,135,6174,140,-1177,-5,0,2,1,1,0,1,6384,169,7878,176,-1494,-7,0,2,1,1,0,1,8160,199,9350,199,-1190,0,1,3,1,1,0,2,9692,234,10750,231,-1058,3,1,4,1,1,0,2,1,1
lol-game-115548681803406208,partial,,LEC,2026,,0,2026-08-07 15:15:00,1,16.15.800.4844,7,Red,jng,ISMA,,GIANTX,,Jarvan IV,1,1886,3,2,10,16,10,,,0.1177,15156,482.2,0.2146,275,8.75,11,0.35,20,0.64,,,,,,,,,,,,,,,,,,,,,,,,5478,122,5082,117,396,5,0,2,0,0,0,1,7878,169,7259,167,619,2,1,2,0,0,1,1,10152,208,9154,206,998,2,2,4,0,0,2,1,11637,237,10557,235,1080,2,2,5,0,0,2,2,1,1
lol-game-115548681803406208,partial,,LEC,2026,,0,2026-08-07 15:15:00,1,16.15.800.4844,8,Red,mid,Jackies,,GIANTX,,Orianna,1,1886,9,0,4,16,10,,,0.278,17053,542.5,0.2415,349,11.1,14,0.45,12,0.38,,,,,,,,,,,,,,,,,,,,,,,,6249,152,5513,168,736,-16,3,0,0,0,0,0,8679,206,7548,215,1131,-9,3,1,0,0,1,0,10721,256,9796,264,925,-8,4,2,0,1,1,0,12368,302,11161,295,1207,7,4,3,0,1,1,0,1,1
lol-game-115548681803406208,partial,,LEC,2026,,0,2026-08-07 15:15:00,1,16.15.800.4844,9,Red,bot,Flakked,,GIANTX,,Ezreal,1,1886,2,3,7,16,10,,,0.3765,16199,515.3,0.2294,334,10.63,16,0.51,12,0.38,,,,,,,,,,,,,,,,,,,,,,,,5579,144,5883,143,-304,1,0,0,0,0,0,1,7810,204,8211,187,-401,17,0,0,1,1,1,1,9729,246,10140,231,-411,15,0,1,2,1,1,2,12430,298,12293,285,137,13,1,1,2,1,1,2,1,1
lol-game-115548681803406208,partial,,LEC,2026,,0,2026-08-07 15:15:00,1,16.15.800.4844,10,Red,sup,Jun,,GIANTX,,Shen,1,1886,0,4,13,16,10,,,0.0528,9686,308.1,0.1372,41,1.3,86,2.74,21,0.67,,,,,,,,,,,,,,,,,,,,,,,,3433,25,3489,29,-56,-4,0,1,0,0,0,0,4769,31,5124,39,-355,-8,0,2,1,1,1,1,6211,36,6196,41,15,-5,0,5,1,1,1,2,7252,38,7199,44,53,-6,0,6,1,1,1,2,1,1
lol-game-115548681803406208,partial,,LEC,2026,,0,2026-08-07 15:15:00,1,16.15.800.4844,,Red,team,,,GIANTX,,,1,1886,16,10,45,16,10,0.509,0.827,,70621,,,1248,,141,,76,,,,,,,4,1,4,1,0,1,0,0,0,3,0,0,1,0,9,3,2,0,25736,578,26141,597,-405,-19,3,5,1,1,0,3,35520,779,36020,784,-500,-5,4,7,3,3,4,4,44973,945,44636,941,337,4,7,15,4,4,5,7,53379,1109,51960,1090,1419,19,8,19,4,4,5,8,1,1
lol-game-115548681803406209,partial,,LEC,2026,,0,2026-08-07 16:07:00,2,16.15.800.4844,1,Blue,top,Rooster,,Shifters,,Gnar,1,2086,2,2,12,17,11,,,0.2622,13899,399.8,0.1987,312,8.97,18,0.52,13,0.37,,,,,,,,,,,,,,,,,,,,,,,,3367,80,4758,92,-1391,-12,0,1,2,2,0,1,5163,141,7258,153,-2095,-12,0,1,2,3,1,1,7549,179,8943,184,-1394,-5,1,4,2,3,1,2,9540,244,11114,241,-1574,3,1,4,2,3,1,2,1,1
lol-game-115548681803406209,partial,,LEC,2026,,0,2026-08-07 16:07:00,2,16.15.800.4844,2,Blue,jng,Sheo,,Shifters,,Trundle,1,2086,3,4,10,17,11,,,0.1138,13879,399.2,0.1984,243,6.99,10,0.29,25,0.72,,,,,,,,,,,,,,,,,,,,,,,,3686,74,4166,78,-480,-4,1,0,1,1,2,0,5529,107,6267,127,-738,-20,2,0,2,2,3,0,8386,144,7658,152,728,-8,3,3,2,2,3,1,10282,191,9420,195,862,-4,3,3,2,2,3,1,1,1
lol-game-115548681803406209,partial,,LEC,2026,,0,2026-08-07 16:07:00,2,16.15.800.4844,3,Blue,mid,nuc,,Shifters,,Anivia,1,2086,6,0,7,17,11,,,0.2563,15599,448.7,0.223,333,9.58,21,0.6,11,0.32,,,,,,,,,,,,,,,,,,,,,,,,3697,106,3475,92,222,14,0,0,0,0,0,0,5177,150,5268,144,-91,6,0,1,0,0,0,1,7447,194,7359,190,88,4,1,3,0,0,0,2,8918,234,9606,259,-688,-25,1,3,0,0,0,2,1,1
lol-game-115548681803406209,partial,,LEC,2026,,0,2026-08-07 16:07:00,2,16.15.800.4844,4,Blue,bot,Paduck,,Shifters,,Taliyah,1,2086,5,1,5,17,11,,,0.2898,16537,475.7,0.2364,331,9.52,17,0.49,8,0.23,,,,,,,,,,,,,,,,,,,,,,,,3352,88,4215,109,-863,-21,0,0,0,1,0,0,5120,133,7116,173,-1996,-40,0,0,0,1,2,0,7643,195,9411,228,-1768,-33,1,0,0,1,2,0,9481,251,11879,296,-2398,-45,1,0,0,1,2,0,1,1
lol-game-115548681803406209,partial,,LEC,2026,,0,2026-08-07 16:07:00,2,16.15.800.4844,5,Blue,sup,Stend,,Shifters,,Leona,1,2086,1,4,15,17,11,,,0.0779,10043,288.9,0.1436,49,1.41,67,1.93,37,1.06,,,,,,,,,,,,,,,,,,,,,,,,2423,16,2544,9,-121,7,0,1,1,0,2,0,3712,22,3651,14,61,8,0,2,2,0,4,0,5605,27,4865,19,740,8,1,6,2,0,4,2,6905,40,6040,25,865,15,1,6,2,0,4,2,1,1
lol-game-115548681803406209,partial,,LEC,2026,,0,2026-08-07 16:07:00,2,16.15.800.4844,,Blue,team,,,Shifters,,,1,2086,17,11,49,17,11,0.489,0.805,,69957,,,1268,,133,,94,,,,,,,2,4,2,4,0,0,0,0,0,2,0,0,1,0,7,4,1,0,16525,364,19158,380,-2633,-16,1,2,4,4,4,1,24701,553,29560,611,-4859,-58,2,4,6,6,10,2,36630,739,38236,773,-1606,-34,7,16,6,6,10,7,45126,960,48059,1016,-2933,-56,7,16,6,6,10,7,1,1
lol-game-115548681803406209,partial,,LEC,2026,,0,2026-08-07 16:07:00,2,16.15.800.4844,6,Red,top,Oscarinin,,GIANTX,,Twisted Fate,0,2086,6,3,2,11,17,,,0.1901,16017,460.7,0.238,304,8.74,17,0.49,8,0.23,,,,,,,,,,,,,,,,,,,,,,,,4758,92,3367,80,1391,12,2,0,1,0,1,2,7258,153,5163,141,2095,12,3,1,1,0,1,2,8943,184,7549,179,1394,5,3,1,2,1,4,2,11114,241,9540,244,1574,-3,3,1,2,1,4,2,1,1
lol-game-115548681803406209,partial,,LEC,2026,,0,2026-08-07 16:07:00,2,16.15.800.4844,7,Red,jng,ISMA,,GIANTX,,Lee Sin,0,2086,2,3,6,11,17,,,0.1726,12596,362.3,0.1872,260,7.48,24,0.69,6,0.17,,,,,,,,,,,,,,,,,,,,,,,,4166,78,3686,74,480,4,1,2,0,1,0,1,6267,127,5529,107,738,20,2,3,0,2,0,2,7658,152,8386,144,-728,8,2,3,1,3,3,2,9420,195,10282,191,-862,4,2,3,1,3,3,2,1,1
lol-game-115548681803406209,partial,,LEC,2026,,0,2026-08-07 16:07:00,2,16.15.800.4844,8,Red,mid,Jackies,,GIANTX,,Ryze,0,2086,0,4,3,11,17,,,0.2794,13228,380.5,0.1965,337,9.69,19,0.55,10,0.29,,,,,,,,,,,,,,,,,,,,,,,,3475,92,3697,106,-222,-14,0,0,0,0,0,0,5268,144,5177,150,91,-6,0,0,1,0,1,0,7359,190,7447,194,-88,-4,0,0,2,1,3,0,9606,259,8918,234,688,25,0,0,2,1,3,0,1,1
lol-game-115548681803406209,partial,,LEC,2026,,0,2026-08-07 16:07:00,2,16.15.800.4844,9,Red,bot,Flakked,,GIANTX,,Lucian,0,2086,3,2,5,11,17,,,0.256,17170,493.9,0.2551,382,10.99,20,0.58,14,0.4,,,,,,,,,,,,,,,,,,,,,,,,4215,109,3352,88,863,21,1,0,0,0,0,0,7116,173,5120,133,1996,40,1,2,0,0,0,0,9411,228,7643,195,1768,33,1,2,0,1,0,0,11879,296,9481,251,2398,45,1,2,0,1,0,0,1,1
lol-game-115548681803406209,partial,,LEC,2026,,0,2026-08-07 16:07:00,2,16.15.800.4844,10,Red,sup,Jun,,GIANTX,,Camille,0,2086,0,5,7,11,17,,,0.1019,8291,238.5,0.1232,32,0.92,82,2.36,18,0.52,,,,,,,,,,,,,,,,,,,,,,,,2544,9,2423,16,121,-7,0,2,0,0,1,1,3651,14,3712,22,-61,-8,0,4,0,0,2,2,4865,19,5605,27,-740,-8,0,4,2,1,6,2,6040,25,6905,40,-865,-15,0,4,2,1,6,2,1,1
lol-game-115548681803406209,partial,,LEC,2026,,0,2026-08-07 16:07:00,2,16.15.800.4844,,Red,team,,,GIANTX,,,0,2086,11,17,23,11,17,0.316,0.805,,67302,,,1315,,162,,56,,,,,,,4,2,4,2,0,0,1,1,0,2,0,0,0,1,4,7,0,1,19158,380,16525,364,2633,16,4,4,1,1,2,4,29560,611,24701,553,4859,58,6,10,2,2,4,6,38236,773,36630,739,1606,34,6,10,7,7,16,6,48059,1016,45126,960,2933,56,6,10,7,7,16,6,1,1
lol-game-115548681803406210,partial,,LEC,2026,,0,2026-08-07 17:05:00,3,16.15.800.4844,1,Blue,top,Oscarinin,,GIANTX,,Warwick,1,1514,5,2,9,22,5,,,0.1747,12045,477.3,0.2093,229,9.08,7,0.28,5,0.2,,,,,,,,,,,,,,,,,,,,,,,,4139,96,3656,79,483,17,0,4,1,1,0,1,7215,154,5507,128,1708,26,2,4,1,1,0,1,9028,189,7111,174,1917,15,3,5,2,1,2,1,11924,229,8687,220,3237,9,5,8,2,1,2,2,1,1
lol-game-115548681803406210,partial,,LEC,2026,,0,2026-08-07 17:05:00,3,16.15.800.4844,2,Blue,jng,ISMA,,GIANTX,,Nocturne,1,1514,3,1,8,22,5,,,0.1858,12206,483.7,0.2121,204,8.08,8,0.32,8,0.32,,,,,,,,,,,,,,,,,,,,,,,,4069,76,4245,72,-176,4,1,3,0,2,1,3,6467,117,5850,113,617,4,1,5,0,2,1,5,9029,161,7461,149,1568,12,1,6,1,2,1,5,12126,204,8843,176,3283,28,3,8,1,2,1,7,1,1
lol-game-115548681803406210,partial,,LEC,2026,,0,2026-08-07 17:05:00,3,16.15.800.4844,3,Blue,mid,Jackies,,GIANTX,,Galio,1,1514,5,0,11,22,5,,,0.2976,11551,457.8,0.2007,229,9.08,5,0.2,7,0.28,,,,,,,,,,,,,,,,,,,,,,,,4300,106,3799,96,501,10,1,4,0,0,2,1,6440,153,5091,132,1349,21,2,5,0,0,2,1,8133,193,7239,176,894,17,2,7,0,1,3,3,11428,229,8519,205,2909,24,5,10,0,1,3,4,1,1
lol-game-115548681803406210,partial,,LEC,2026,,0,2026-08-07 17:05:00,3,16.15.800.4844,4,Blue,bot,Flakked,,GIANTX,,Jhin,1,1514,7,1,10,22,5,,,0.2488,13792,546.6,0.2396,224,8.88,13,0.52,4,0.16,,,,,,,,,,,,,,,,,,,,,,,,5102,100,4033,101,1069,-1,4,1,1,0,3,1,8354,150,6587,152,1767,-2,5,4,1,0,3,2,10823,198,9761,210,1062,-12,6,5,1,1,4,2,13422,224,11298,236,2124,-12,6,10,1,1,4,5,1,1
lol-game-115548681803406210,partial,,LEC,2026,,0,2026-08-07 17:05:00,3,16.15.800.4844,5,Blue,sup,Jun,,GIANTX,,Bard,1,1514,2,1,13,22,5,,,0.0931,7965,315.7,0.1384,30,1.19,55,2.18,12,0.48,,,,,,,,,,,,,,,,,,,,,,,,3177,13,2627,17,550,-4,1,3,1,0,3,1,4509,24,3665,24,844,0,1,4,1,0,3,2,5661,25,4742,25,919,0,1,6,1,0,4,2,7832,30,5769,29,2063,1,2,12,1,0,4,3,1,1
lol-game-115548681803406210,partial,,LEC,2026,,0,2026-08-07 17:05:00,3,16.15.800.4844,,Blue,team,,,GIANTX,,,1,1514,22,5,51,22,5,0.872,1.07,,57559,,,916,,88,,36,,,,,,,4,0,4,0,2,1,0,1,0,0,0,0,1,0,10,0,1,0,20787,391,18360,365,2427,26,7,15,3,3,9,7,32985,598,26700,549,6285,49,11,22,3,3,9,11,42674,766,36314,734,6360,32,13,29,5,5,14,13,56732,916,43116,866,13616,50,21,48,5,5,14,21,1,1
lol-game-115548681803406210,partial,,LEC,2026,,0,2026-08-07 17:05:00,3,16.15.800.4844,6,Red,top,Rooster,,Shifters,,Ambessa,0,1514,1,2,2,5,22,,,0.1939,8717,345.5,0.2014,220,8.72,10,0.4,1,0.04,,,,,,,,,,,,,,,,,,,,,,,,3656,79,4139,96,-483,-17,1,0,1,0,4,1,5507,128,7215,154,-1708,-26,1,0,1,2,4,1,7111,174,9028,189,-1917,-15,1,2,1,3,5,2,8687,220,11924,229,-3237,-9,1,2,2,5,8,2,1,1
lol-game-115548681803406210,partial,,LEC,2026,,0,2026-08-07 17:05:00,3,16.15.800.4844,7,Red,jng,Sheo,,Shifters,,Naafiri,0,1514,2,7,1,5,22,,,0.2516,8872,351.6,0.205,176,6.97,8,0.32,9,0.36,,,,,,,,,,,,,,,,,,,,,,,,4245,72,4069,76,176,-4,2,1,3,1,3,0,5850,113,6467,117,-617,-4,2,1,5,1,5,0,7461,149,9029,161,-1568,-12,2,1,5,1,6,1,8843,176,12126,204,-3283,-28,2,1,7,3,8,1,1,1
lol-game-115548681803406210,partial,,LEC,2026,,0,2026-08-07 17:05:00,3,16.15.800.4844,8,Red,mid,nuc,,Shifters,,Akali,0,1514,1,5,3,5,22,,,0.2289,8549,338.8,0.1975,205,8.12,13,0.52,5,0.2,,,,,,,,,,,,,,,,,,,,,,,,3799,96,4300,106,-501,-10,0,2,1,1,4,0,5091,132,6440,153,-1349,-21,0,2,1,2,5,0,7239,176,8133,193,-894,-17,1,3,3,2,7,0,8519,205,11428,229,-2909,-24,1,3,4,5,10,0,1,1
lol-game-115548681803406210,partial,,LEC,2026,,0,2026-08-07 17:05:00,3,16.15.800.4844,9,Red,bot,Paduck,,Shifters,,Zeri,0,1514,1,5,4,5,22,,,0.2664,11327,448.9,0.2617,236,9.35,8,0.32,4,0.16,,,,,,,,,,,,,,,,,,,,,,,,4033,101,5102,100,-1069,1,0,3,1,4,1,1,6587,152,8354,150,-1767,2,0,3,2,5,4,1,9761,210,10823,198,-1062,12,1,4,2,6,5,1,11298,236,13422,224,-2124,12,1,4,5,6,10,1,1,1
lol-game-115548681803406210,partial,,LEC,2026,,0,2026-08-07 17:05:00,3,16.15.800.4844,10,Red,sup,Stend,,Shifters,,Rell,0,1514,0,3,4,5,22,,,0.0591,5811,230.3,0.1343,29,1.15,44,1.74,7,0.28,,,,,,,,,,,,,,,,,,,,,,,,2627,17,3177,13,-550,4,0,3,1,1,3,1,3665,24,4509,24,-844,0,0,3,2,1,4,1,4742,25,5661,25,-919,0,0,4,2,1,6,1,5769,29,7832,30,-2063,-1,0,4,3,2,12,1,1,1
lol-game-115548681803406210,partial,,LEC,2026,,0,2026-08-07 17:05:00,3,16.15.800.4844,,Red,team,,,Shifters,,,0,1514,5,22,14,5,22,0.198,1.07,,43276,,,866,,83,,26,,,,,,,0,4,0,4,0,0,0,0,0,0,0,0,0,1,0,10,0,1,18360,365,20787,391,-2427,-26,3,9,7,7,15,3,26700,549,32985,598,-6285,-49,3,9,11,11,22,3,36314,734,42674,766,-6360,-32,5,14,13,13,29,5,43116,866,56732,916,-13616,-50,5,14,21,21,48,5,1,1
lol-game-115548681803406216,partial,,LEC,2026,,0,2026-07-31 17:02:00,1,16.15.800.4844,1,Blue,top,Myrwn,,Movistar KOI,,Ambessa,0,2389,1,7,3,13,24,,,0.1458,14198,356.6,0.1842,336,8.44,24,0.6,8,0.2,,,,,,,,,,,,,,,,,,,,,,,,4222,105,4367,115,-145,-10,0,1,1,0,1,0,6130,156,6048,163,82,-7,0,1,2,0,1,0,8161,202,7963,219,198,-17,1,1,2,0,1,1,9897,257,10180,268,-283,-11,1,1,3,1,2,1,1,1
lol-game-115548681803406216,partial,,LEC,2026,,0,2026-07-31 17:02:00,1,16.15.800.4844,2,Blue,jng,Elyoya,,Movistar KOI,,Vi,0,2389,4,3,5,13,24,,,0.1071,16322,409.9,0.2117,304,7.63,16,0.4,23,0.58,,,,,,,,,,,,,,,,,,,,,,,,4494,98,5001,118,-507,-20,1,0,0,1,0,1,7666,143,7171,151,495,-8,3,0,0,2,0,1,10152,184,8924,190,1228,-6,4,2,0,2,0,2,11748,219,10551,222,1197,-3,4,2,0,2,1,2,1,1
lol-game-115548681803406216,partial,,LEC,2026,,0,2026-07-31 17:02:00,1,16.15.800.4844,3,Blue,mid,Jojopyun,,Movistar KOI,,Viktor,0,2389,6,5,2,13,24,,,0.3397,17528,440.2,0.2274,362,9.09,18,0.45,6,0.15,,,,,,,,,,,,,,,,,,,,,,,,4010,108,4575,111,-565,-3,0,0,2,2,0,0,6070,164,6618,159,-548,5,0,1,2,2,1,1,8493,213,8735,203,-242,10,1,2,2,3,1,2,10734,263,10181,242,553,21,2,2,2,3,2,2,1,1
lol-game-115548681803406216,partial,,LEC,2026,,0,2026-07-31 17:02:00,1,16.15.800.4844,4,Blue,bot,Supa,,Movistar KOI,,Ziggs,0,2389,2,3,8,13,24,,,0.3581,18687,469.3,0.2424,416,10.45,19,0.48,12,0.3,,,,,,,,,,,,,,,,,,,,,,,,4453,121,4321,106,132,15,0,0,1,0,1,0,6531,182,6824,166,-293,16,0,1,1,0,1,0,9736,243,8941,224,795,19,1,3,1,0,1,0,11755,295,11469,273,286,22,1,4,2,2,1,1,1,1
lol-game-115548681803406216,partial,,LEC,2026,,0,2026-07-31 17:02:00,1,16.15.800.4844,5,Blue,sup,Alvaro,,Movistar KOI,,Shen,0,2389,0,6,8,13,24,,,0.0493,10354,260.0,0.1343,47,1.18,104,2.61,28,0.7,,,,,,,,,,,,,,,,,,,,,,,,3117,21,3430,18,-313,3,0,1,0,1,2,0,4360,30,4681,27,-321,3,0,2,0,1,3,1,5567,31,6053,33,-486,-2,0,3,1,1,4,2,6852,35,7382,34,-530,1,0,4,2,1,7,2,1,1
lol-game-115548681803406216,partial,,LEC,2026,,0,2026-07-31 17:02:00,1,16.15.800.4844,,Blue,team,,,Movistar KOI,,,0,2389,13,24,26,13,24,0.326,0.929,,77089,,,1465,,181,,77,,,,,,,2,4,2,4,0,0,1,0,0,1,0,0,1,1,4,10,0,2,20296,453,21694,468,-1398,-15,1,2,4,4,4,1,30757,675,31342,666,-585,9,3,5,5,5,6,3,42109,873,40616,869,1493,4,7,11,6,6,7,7,50986,1069,49763,1039,1223,30,8,13,9,9,13,8,1,1
lol-game-115548681803406216,partial,,LEC,2026,,0,2026-07-31 17:02:00,1,16.15.800.4844,6,Red,top,Rooster,,Shifters,,Gnar,1,2389,4,1,11,24,13,,,0.2119,17185,431.6,0.2078,377,9.47,17,0.43,10,0.25,,,,,,,,,,,,,,,,,,,,,,,,4367,115,4222,105,145,10,0,1,0,0,1,1,6048,163,6130,156,-82,7,0,1,0,0,1,2,7963,219,8161,202,-198,17,0,1,1,1,1,2,10180,268,9897,257,283,11,1,2,1,1,1,3,1,1
lol-game-115548681803406216,partial,,LEC,2026,,0,2026-07-31 17:02:00,1,16.15.800.4844,7,Red,jng,Sheo,,Shifters,,Olaf,1,2389,7,3,7,24,13,,,0.2137,18414,462.5,0.2226,330,8.29,11,0.28,27,0.68,,,,,,,,,,,,,,,,,,,,,,,,5001,118,4494,98,507,20,1,0,1,1,0,0,7171,151,7666,143,-495,8,2,0,1,3,0,0,8924,190,10152,184,-1228,6,2,0,2,4,2,0,10551,222,11748,219,-1197,3,2,1,2,4,2,0,1,1
lol-game-115548681803406216,partial,,LEC,2026,,0,2026-07-31 17:02:00,1,16.15.800.4844,8,Red,mid,nuc,,Shifters,,Cassiopeia,1,2389,9,3,10,24,13,,,0.2484,17893,449.4,0.2163,351,8.82,19,0.48,15,0.38,,,,,,,,,,,,,,,,,,,,,,,,4575,111,4010,108,565,3,2,0,0,0,0,2,6618,159,6070,164,548,-5,2,1,1,0,1,2,8735,203,8493,213,242,-10,3,1,2,1,2,2,10181,242,10734,263,-553,-21,3,2,2,2,2,2,1,1
lol-game-115548681803406216,partial,,LEC,2026,,0,2026-07-31 17:02:00,1,16.15.800.4844,9,Red,bot,Paduck,,Shifters,,Vladimir,1,2389,3,2,11,24,13,,,0.2722,17693,444.4,0.2139,351,8.82,20,0.5,12,0.3,,,,,,,,,,,,,,,,,,,,,,,,4321,106,4453,121,-132,-15,0,1,0,0,0,1,6824,166,6531,182,293,-16,0,1,0,0,1,1,8941,224,9736,243,-795,-19,0,1,0,1,3,1,11469,273,11755,295,-286,-22,2,1,1,1,4,2,1,1
lol-game-115548681803406216,partial,,LEC,2026,,0,2026-07-31 17:02:00,1,16.15.800.4844,10,Red,sup,Stend,,Shifters,,Rell,1,2389,1,4,17,24,13,,,0.0537,11522,289.4,0.1393,43,1.08,97,2.44,25,0.63,,,,,,,,,,,,,,,,,,,,,,,,3430,18,3117,21,313,-3,1,2,0,0,1,0,4681,27,4360,30,321,-3,1,3,1,0,2,0,6053,33,5567,31,486,2,1,4,2,0,3,1,7382,34,6852,35,530,-1,1,7,2,0,4,2,1,1
lol-game-115548681803406216,partial,,LEC,2026,,0,2026-07-31 17:02:00,1,16.15.800.4844,,Red,team,,,Shifters,,,1,2389,24,13,56,24,13,0.603,0.929,,82707,,,1452,,164,,89,,,,,,,4,2,4,2,1,0,0,0,0,3,0,0,1,1,10,4,2,0,21694,468,20296,453,1398,15,4,4,1,1,2,4,31342,666,30757,675,585,-9,5,6,3,3,5,5,40616,869,42109,873,-1493,-4,6,7,7,7,11,6,49763,1039,50986,1069,-1223,-30,9,13,8,8,13,9,1,1
lol-game-115548681803406217,partial,,LEC,2026,,0,2026-07-31 18:02:00,2,16.15.800.4844,1,Blue,top,Rooster,,Shifters,,K'Sante,0,1833,0,3,1,4,17,,,0.17,9538,312.2,0.2044,243,7.95,11,0.36,4,0.13,,,,,,,,,,,,,,,,,,,,,,,,2708,75,3008,81,-300,-6,0,0,0,0,0,0,4658,132,4725,132,-67,0,0,0,0,0,1,0,6596,168,6552,179,44,-11,0,1,1,0,2,1,8163,214,8210,225,-47,-11,0,1,1,0,4,1,1,1
lol-game-115548681803406217,partial,,LEC,2026,,0,2026-07-31 18:02:00,2,16.15.800.4844,2,Blue,jng,Sheo,,Shifters,,Naafiri,0,1833,3,2,0,4,17,,,0.2724,10556,345.5,0.2262,210,6.87,7,0.23,4,0.13,,,,,,,,,,,,,,,,,,,,,,,,3142,62,2845,65,297,-3,1,0,0,0,0,0,5103,102,4579,106,524,-4,2,0,1,0,2,0,7656,152,6909,140,747,12,3,0,1,1,2,0,9054,179,8806,178,248,1,3,0,1,2,3,0,1,1
lol-game-115548681803406217,partial,,LEC,2026,,0,2026-07-31 18:02:00,2,16.15.800.4844,3,Blue,mid,nuc,,Shifters,,Orianna,0,1833,1,4,1,4,17,,,0.2064,10014,327.8,0.2146,246,8.05,15,0.49,7,0.23,,,,,,,,,,,,,,,,,,,,,,,,2522,70,2762,71,-240,-1,0,0,0,0,0,0,4101,118,5221,123,-1120,-5,0,1,1,2,2,0,6541,187,7472,186,-931,1,0,1,1,2,3,0,7879,225,8998,227,-1119,-2,0,1,2,2,5,0,1,1
lol-game-115548681803406217,partial,,LEC,2026,,0,2026-07-31 18:02:00,2,16.15.800.4844,4,Blue,bot,Paduck,,Shifters,,Ezreal,0,1833,0,4,1,4,17,,,0.2812,10149,332.2,0.2174,231,7.56,12,0.39,5,0.16,,,,,,,,,,,,,,,,,,,,,,,,2628,60,2905,54,-277,6,0,0,1,1,0,1,4327,109,5454,108,-1127,1,0,1,2,3,0,1,6820,156,8730,163,-1910,-7,0,1,2,3,0,1,8833,207,10965,214,-2132,-7,0,1,2,4,1,1,1,1
lol-game-115548681803406217,partial,,LEC,2026,,0,2026-07-31 18:02:00,2,16.15.800.4844,5,Blue,sup,Stend,,Shifters,,Alistar,0,1833,0,5,2,4,17,,,0.0701,6416,210.0,0.1375,28,0.92,50,1.64,9,0.29,,,,,,,,,,,,,,,,,,,,,,,,1899,11,2151,16,-252,-5,0,0,0,0,1,0,2998,15,3384,22,-386,-7,0,1,2,0,3,1,4143,22,4756,31,-613,-9,0,1,2,0,4,1,5172,26,5955,34,-783,-8,0,1,3,0,6,1,1,1
lol-game-115548681803406217,partial,,LEC,2026,,0,2026-07-31 18:02:00,2,16.15.800.4844,,Blue,team,,,Shifters,,,0,1833,4,17,5,4,17,0.131,0.687,,46673,,,958,,95,,29,,,,,,,0,4,0,4,0,0,0,0,0,0,0,0,0,1,2,8,0,1,12899,278,13671,287,-772,-9,1,0,1,1,1,1,21187,476,23363,491,-2176,-15,2,3,6,5,8,2,31756,685,34419,699,-2663,-14,3,4,7,6,11,3,39101,851,42934,878,-3833,-27,3,4,9,8,19,3,1,1
lol-game-115548681803406217,partial,,LEC,2026,,0,2026-07-31 18:02:00,2,16.15.800.4844,6,Red,top,Myrwn,,Movistar KOI,,Jayce,1,1833,3,1,10,17,4,,,0.234,11702,383.0,0.1964,269,8.81,12,0.39,11,0.36,,,,,,,,,,,,,,,,,,,,,,,,3008,81,2708,75,300,6,0,0,0,0,0,0,4725,132,4658,132,67,0,0,1,0,0,0,0,6552,179,6596,168,-44,11,0,2,1,0,1,1,8210,225,8163,214,47,11,0,4,1,0,1,1,1,1
lol-game-115548681803406217,partial,,LEC,2026,,0,2026-07-31 18:02:00,2,16.15.800.4844,7,Red,jng,Elyoya,,Movistar KOI,,Lee Sin,1,1833,7,0,5,17,4,,,0.1605,13447,440.2,0.2257,217,7.1,15,0.49,8,0.26,,,,,,,,,,,,,,,,,,,,,,,,2845,65,3142,62,-297,3,0,0,0,1,0,0,4579,106,5103,102,-524,4,0,2,0,2,0,1,6909,140,7656,152,-747,-12,1,2,0,3,0,1,8806,178,9054,179,-248,-1,2,3,0,3,0,1,1,1
lol-game-115548681803406217,partial,,LEC,2026,,0,2026-07-31 18:02:00,2,16.15.800.4844,8,Red,mid,Jojopyun,,Movistar KOI,,Galio,1,1833,3,1,8,17,4,,,0.2081,11773,385.4,0.1976,276,9.03,14,0.46,6,0.2,,,,,,,,,,,,,,,,,,,,,,,,2762,71,2522,70,240,1,0,0,0,0,0,0,5221,123,4101,118,1120,5,2,2,0,0,1,1,7472,186,6541,187,931,-1,2,3,0,0,1,1,8998,227,7879,225,1119,2,2,5,0,0,1,2,1,1
lol-game-115548681803406217,partial,,LEC,2026,,0,2026-07-31 18:02:00,2,16.15.800.4844,9,Red,bot,Supa,,Movistar KOI,,Lucian,1,1833,4,1,8,17,4,,,0.3231,14544,476.1,0.2441,260,8.51,11,0.36,11,0.36,,,,,,,,,,,,,,,,,,,,,,,,2905,54,2628,60,277,-6,1,0,1,0,0,1,5454,108,4327,109,1127,-1,3,0,1,0,1,2,8730,163,6820,156,1910,7,3,0,1,0,1,2,10965,214,8833,207,2132,7,4,1,1,0,1,2,1,1
lol-game-115548681803406217,partial,,LEC,2026,,0,2026-07-31 18:02:00,2,16.15.800.4844,10,Red,sup,Alvaro,,Movistar KOI,,Leona,1,1833,0,1,12,17,4,,,0.0743,8110,265.5,0.1361,44,1.44,52,1.7,19,0.62,,,,,,,,,,,,,,,,,,,,,,,,2151,16,1899,11,252,5,0,1,0,0,0,0,3384,22,2998,15,386,7,0,3,1,0,1,2,4756,31,4143,22,613,9,0,4,1,0,1,2,5955,34,5172,26,783,8,0,6,1,0,1,3,1,1
lol-game-115548681803406217,partial,,LEC,2026,,0,2026-07-31 18:02:00,2,16.15.800.4844,,Red,team,,,Movistar KOI,,,1,1833,17,4,43,17,4,0.556,0.687,,59576,,,1066,,104,,55,,,,,,,4,0,4,0,1,0,1,0,2,0,0,0,1,0,8,2,1,0,13671,287,12899,278,772,9,1,1,1,1,0,1,23363,491,21187,476,2176,15,5,8,2,2,3,6,34419,699,31756,685,2663,14,6,11,3,3,4,7,42934,878,39101,851,3833,27,8,19,3,3,4,9,1,1
lol-game-115548681803406218,partial,,LEC,2026,,0,2026-07-31 18:52:00,3,16.15.800.4844,1,Blue,top,Myrwn,,Movistar KOI,,Rumble,1,1741,8,2,12,28,8,,,0.232,12398,427.3,0.1908,215,7.41,14,0.48,3,0.1,,,,,,,,,,,,,,,,,,,,,,,,3640,85,3545,81,95,4,1,2,1,1,1,1,5125,126,5188,129,-63,-3,1,3,1,1,1,2,7559,167,6941,173,618,-6,3,6,2,1,3,2,9635,199,8968,233,667,-34,5,7,2,1,3,3,1,1
lol-game-115548681803406218,partial,,LEC,2026,,0,2026-07-31 18:52:00,3,16.15.800.4844,2,Blue,jng,Elyoya,,Movistar KOI,,Trundle,1,1741,5,0,19,28,8,,,0.1914,13550,467.0,0.2085,205,7.06,6,0.21,6,0.21,,,,,,,,,,,,,,,,,,,,,,,,3760,72,3452,69,308,3,1,2,0,0,2,1,5922,113,4945,103,977,10,1,7,0,0,2,2,8677,145,6684,117,1993,28,3,11,0,1,3,5,11211,174,7973,135,3238,39,4,14,0,1,3,5,1,1
lol-game-115548681803406218,partial,,LEC,2026,,0,2026-07-31 18:52:00,3,16.15.800.4844,3,Blue,mid,Jojopyun,,Movistar KOI,,Taliyah,1,1741,7,3,10,28,8,,,0.2665,13710,472.5,0.211,296,10.2,17,0.59,2,0.07,,,,,,,,,,,,,,,,,,,,,,,,3765,98,3221,83,544,15,0,3,1,0,1,0,6981,158,4700,122,2281,36,4,3,1,0,1,1,9019,192,6922,185,2097,7,5,6,2,0,4,1,11289,264,8574,229,2715,35,5,7,2,0,4,3,1,1
lol-game-115548681803406218,partial,,LEC,2026,,0,2026-07-31 18:52:00,3,16.15.800.4844,4,Blue,bot,Supa,,Movistar KOI,,Sivir,1,1741,7,1,11,28,8,,,0.2678,17091,589.0,0.263,287,9.89,13,0.45,8,0.28,,,,,,,,,,,,,,,,,,,,,,,,3671,83,3458,89,213,-6,1,0,0,0,0,0,6738,127,5414,137,1324,-10,2,3,0,0,0,1,10535,185,8862,169,1673,16,4,7,0,2,1,3,14322,253,11273,229,3049,24,5,10,0,2,1,3,1,1
lol-game-115548681803406218,partial,,LEC,2026,,0,2026-07-31 18:52:00,3,16.15.800.4844,5,Blue,sup,Alvaro,,Movistar KOI,,Nautilus,1,1741,1,2,17,28,8,,,0.0424,8237,283.9,0.1268,39,1.34,57,1.96,17,0.59,,,,,,,,,,,,,,,,,,,,,,,,2532,18,2654,13,-122,5,1,1,0,1,1,2,4020,29,3625,15,395,14,1,5,0,1,1,3,5437,31,5002,21,435,10,1,11,1,1,4,5,6871,38,6137,23,734,15,1,13,1,1,4,6,1,1
lol-game-115548681803406218,partial,,LEC,2026,,0,2026-07-31 18:52:00,3,16.15.800.4844,,Blue,team,,,Movistar KOI,,,1,1741,28,8,69,28,8,0.965,1.241,,64986,,,1042,,107,,36,,,,,,,2,3,2,3,1,1,0,0,0,0,0,0,1,0,9,1,1,0,17368,356,16330,335,1038,21,4,8,2,2,5,4,28786,553,23872,506,4914,47,9,21,2,2,5,9,41227,720,34411,665,6816,55,16,41,5,5,15,16,53328,928,42925,849,10403,79,20,51,5,5,15,20,1,1
lol-game-115548681803406218,partial,,LEC,2026,,0,2026-07-31 18:52:00,3,16.15.800.4844,6,Red,top,Rooster,,Shifters,,Varus,0,1741,1,4,5,8,28,,,0.2462,10155,350.0,0.1988,249,8.58,11,0.38,3,0.1,,,,,,,,,,,,,,,,,,,,,,,,3545,81,3640,85,-95,-4,1,1,1,1,2,1,5188,129,5125,126,63,3,1,1,2,1,3,1,6941,173,7559,167,-618,6,1,3,2,3,6,2,8968,233,9635,199,-667,34,1,3,3,5,7,2,1,1
lol-game-115548681803406218,partial,,LEC,2026,,0,2026-07-31 18:52:00,3,16.15.800.4844,7,Red,jng,Sheo,,Shifters,,Wukong,0,1741,2,7,4,8,28,,,0.1332,10040,346.0,0.1966,141,4.86,6,0.21,9,0.31,,,,,,,,,,,,,,,,,,,,,,,,3452,69,3760,72,-308,-3,0,2,1,1,2,0,4945,103,5922,113,-977,-10,0,2,2,1,7,0,6684,117,8677,145,-1993,-28,1,3,5,3,11,0,7973,135,11211,174,-3238,-39,1,3,5,4,14,0,1,1
lol-game-115548681803406218,partial,,LEC,2026,,0,2026-07-31 18:52:00,3,16.15.800.4844,8,Red,mid,nuc,,Shifters,,Ryze,0,1741,1,4,5,8,28,,,0.294,10527,362.8,0.2061,260,8.96,14,0.48,8,0.28,,,,,,,,,,,,,,,,,,,,,,,,3221,83,3765,98,-544,-15,0,1,0,0,3,1,4700,122,6981,158,-2281,-36,0,1,1,4,3,1,6922,185,9019,192,-2097,-7,0,4,1,5,6,2,8574,229,11289,264,-2715,-35,0,4,3,5,7,2,1,1
lol-game-115548681803406218,partial,,LEC,2026,,0,2026-07-31 18:52:00,3,16.15.800.4844,9,Red,bot,Paduck,,Shifters,,Kalista,0,1741,3,5,2,8,28,,,0.2448,13054,449.9,0.2556,245,8.44,11,0.38,7,0.24,,,,,,,,,,,,,,,,,,,,,,,,3458,89,3671,83,-213,6,0,0,0,1,0,0,5414,137,6738,127,-1324,10,0,0,1,2,3,0,8862,169,10535,185,-1673,-16,2,1,3,4,7,0,11273,229,14322,253,-3049,-24,2,1,3,5,10,0,1,1
lol-game-115548681803406218,partial,,LEC,2026,,0,2026-07-31 18:52:00,3,16.15.800.4844,10,Red,sup,Stend,,Shifters,,Thresh,0,1741,1,8,6,8,28,,,0.0817,7293,251.3,0.1428,27,0.93,52,1.79,10,0.34,,,,,,,,,,,,,,,,,,,,,,,,2654,13,2532,18,122,-5,1,1,2,1,1,0,3625,15,4020,29,-395,-14,1,1,3,1,5,0,5002,21,5437,31,-435,-10,1,4,5,1,11,1,6137,23,6871,38,-734,-15,1,4,6,1,13,1,1,1
lol-game-115548681803406218,partial,,LEC,2026,,0,2026-07-31 18:52:00,3,16.15.800.4844,,Red,team,,,Shifters,,,0,1741,8,28,22,8,28,0.276,1.241,,51069,,,922,,94,,37,,,,,,,3,2,3,2,0,2,0,1,0,0,0,0,0,1,1,9,0,1,16330,335,17368,356,-1038,-21,2,5,4,4,8,2,23872,506,28786,553,-4914,-47,2,5,9,9,21,2,34411,665,41227,720,-6816,-55,5,15,16,16,41,5,42925,849,53328,928,-10403,-79,5,15,20,20,51,5,1,1
lol-game-115548681803406232,partial,,LEC,2026,,0,2026-08-01 15:15:00,1,16.15.800.4844,1,Blue,top,Oscarinin,,GIANTX,,Rumble,0,2135,4,4,8,15,19,,,0.2559,15369,431.9,0.1936,324,9.11,13,0.37,6,0.17,,,,,,,,,,,,,,,,,,,,,,,,5991,162,5718,148,273,14,0,0,0,0,0,0,8224,211,7263,181,961,30,1,2,0,0,1,1,9920,256,8845,227,1075,29,1,2,0,0,1,1,11435,272,10997,267,438,5,2,2,2,0,3,1,1,1
lol-game-115548681803406232,partial,,LEC,2026,,0,2026-08-01 15:15:00,1,16.15.800.4844,2,Blue,jng,ISMA,,GIANTX,,Vi,0,2135,3,3,10,15,19,,,0.1667,16280,457.5,0.2051,311,8.74,13,0.37,20,0.56,,,,,,,,,,,,,,,,,,,,,,,,5931,130,6068,124,-137,6,1,0,1,1,2,0,8162,171,8212,151,-50,20,2,2,2,1,3,0,10176,220,9812,187,364,33,2,2,2,1,3,0,12094,263,11460,204,634,59,2,3,2,1,7,1,1,1
lol-game-115548681803406232,partial,,LEC,2026,,0,2026-08-01 15:15:00,1,16.15.800.4844,3,Blue,mid,Jackies,,GIANTX,,Syndra,0,2135,3,5,8,15,19,,,0.2351,17726,498.2,0.2233,377,10.59,25,0.7,11,0.31,,,,,,,,,,,,,,,,,,,,,,,,6088,149,6661,178,-573,-29,0,1,2,1,1,1,8363,202,9037,224,-674,-22,1,2,2,2,1,1,10618,250,10672,265,-54,-15,1,2,2,2,1,1,12520,298,12643,295,-123,3,1,4,2,2,5,1,1,1
lol-game-115548681803406232,partial,,LEC,2026,,0,2026-08-01 15:15:00,1,16.15.800.4844,4,Blue,bot,Flakked,,GIANTX,,Lucian,0,2135,4,4,9,15,19,,,0.2835,19809,556.7,0.2495,400,11.24,24,0.67,19,0.53,,,,,,,,,,,,,,,,,,,,,,,,5677,145,6818,184,-1141,-39,0,0,0,0,0,0,8089,205,9669,241,-1580,-36,0,3,0,0,1,0,10876,276,12030,307,-1154,-31,0,3,0,0,1,0,12954,304,16206,367,-3252,-63,1,4,1,3,2,0,1,1
lol-game-115548681803406232,partial,,LEC,2026,,0,2026-08-01 15:15:00,1,16.15.800.4844,5,Blue,sup,Jun,,GIANTX,,Rell,0,2135,1,3,11,15,19,,,0.0588,10197,286.6,0.1285,43,1.21,109,3.06,28,0.79,,,,,,,,,,,,,,,,,,,,,,,,3844,21,4316,23,-472,-2,0,1,0,1,1,0,5041,24,5592,27,-551,-3,0,4,0,1,2,2,6215,28,6799,36,-584,-8,0,4,0,1,2,2,7345,31,8604,42,-1259,-11,0,5,1,2,4,3,1,1
lol-game-115548681803406232,partial,,LEC,2026,,0,2026-08-01 15:15:00,1,16.15.800.4844,,Blue,team,,,GIANTX,,,0,2135,15,19,46,15,19,0.422,0.956,,79381,,,1455,,184,,84,,,,,,,2,4,2,4,0,0,2,0,0,0,0,0,0,2,5,11,0,1,27531,607,29581,657,-2050,-50,1,2,3,3,4,1,37879,813,39773,824,-1894,-11,4,13,4,4,8,4,47805,1030,48158,1022,-353,8,4,13,4,4,8,4,56348,1168,59910,1175,-3562,-7,6,18,8,8,21,6,1,1
lol-game-115548681803406232,partial,,LEC,2026,,0,2026-08-01 15:15:00,1,16.15.800.4844,6,Red,top,Wunder,,SK Gaming,,Gnar,1,2135,0,4,8,19,15,,,0.1734,15484,435.1,0.1829,355,9.98,25,0.7,12,0.34,,,,,,,,,,,,,,,,,,,,,,,,5718,148,5991,162,-273,-14,0,0,0,0,0,0,7263,181,8224,211,-961,-30,0,1,1,1,2,0,8845,227,9920,256,-1075,-29,0,1,1,1,2,0,10997,267,11435,272,-438,-5,0,3,1,2,2,2,1,1
lol-game-115548681803406232,partial,,LEC,2026,,0,2026-08-01 15:15:00,1,16.15.800.4844,7,Red,jng,Skeanz,,SK Gaming,,Jarvan IV,1,2135,3,2,13,19,15,,,0.1879,16104,452.6,0.1902,246,6.91,14,0.39,12,0.34,,,,,,,,,,,,,,,,,,,,,,,,6068,124,5931,130,137,-6,1,2,0,1,0,1,8212,151,8162,171,50,-20,1,3,0,2,2,2,9812,187,10176,220,-364,-33,1,3,0,2,2,2,11460,204,12094,263,-634,-59,1,7,1,2,3,2,1,1
lol-game-115548681803406232,partial,,LEC,2026,,0,2026-08-01 15:15:00,1,16.15.800.4844,8,Red,mid,SlowQ,,SK Gaming,,Cassiopeia,1,2135,7,2,9,19,15,,,0.2107,18522,520.5,0.2188,354,9.95,28,0.79,10,0.28,,,,,,,,,,,,,,,,,,,,,,,,6661,178,6088,149,573,29,1,1,1,0,1,2,9037,224,8363,202,674,22,2,1,1,1,2,2,10672,265,10618,250,54,15,2,1,1,1,2,2,12643,295,12520,298,123,-3,2,5,1,1,4,2,1,1
lol-game-115548681803406232,partial,,LEC,2026,,0,2026-08-01 15:15:00,1,16.15.800.4844,9,Red,bot,Jopa,,SK Gaming,,Corki,1,2135,7,2,5,19,15,,,0.3397,22555,633.9,0.2665,432,12.14,20,0.56,20,0.56,,,,,,,,,,,,,,,,,,,,,,,,6818,184,5677,145,1141,39,0,0,0,0,0,0,9669,241,8089,205,1580,36,0,1,0,0,3,0,12030,307,10876,276,1154,31,0,1,0,0,3,0,16206,367,12954,304,3252,63,3,2,0,1,4,1,1,1
lol-game-115548681803406232,partial,,LEC,2026,,0,2026-08-01 15:15:00,1,16.15.800.4844,10,Red,sup,Mikyx,,SK Gaming,,Shen,1,2135,2,5,13,19,15,,,0.0884,11982,336.7,0.1416,47,1.32,106,2.98,26,0.73,,,,,,,,,,,,,,,,,,,,,,,,4316,23,3844,21,472,2,1,1,0,0,1,0,5592,27,5041,24,551,3,1,2,2,0,4,0,6799,36,6215,28,584,8,1,2,2,0,4,0,8604,42,7345,31,1259,11,2,4,3,0,5,1,1,1
lol-game-115548681803406232,partial,,LEC,2026,,0,2026-08-01 15:15:00,1,16.15.800.4844,,Red,team,,,SK Gaming,,,1,2135,19,15,48,19,15,0.534,0.956,,84647,,,1434,,193,,80,,,,,,,4,2,4,2,1,0,2,0,0,1,0,0,2,0,11,5,1,0,29581,657,27531,607,2050,50,3,4,1,1,2,3,39773,824,37879,813,1894,11,4,8,4,4,13,4,48158,1022,47805,1030,353,-8,4,8,4,4,13,4,59910,1175,56348,1168,3562,7,8,21,6,6,18,8,1,1
lol-game-115548681803406233,partial,,LEC,2026,,0,2026-08-01 16:15:00,2,16.15.800.4844,1,Blue,top,Oscarinin,,GIANTX,,Renekton,1,2649,4,7,18,32,15,,,0.2392,19301,437.2,0.1908,333,7.54,9,0.2,10,0.23,,,,,,,,,,,,,,,,,,,,,,,,6922,150,5110,154,1812,-4,2,3,2,0,0,1,9495,209,7132,207,2363,2,3,5,2,0,0,2,11198,234,8886,247,2312,-13,4,8,4,0,4,4,12697,259,11244,305,1453,-46,4,10,4,0,4,4,1,1
lol-game-115548681803406233,partial,,LEC,2026,,0,2026-08-01 16:15:00,2,16.15.800.4844,2,Blue,jng,ISMA,,GIANTX,,Xin Zhao,1,2649,10,2,13,32,15,,,0.2369,22545,510.6,0.2229,356,8.06,11,0.25,18,0.41,,,,,,,,,,,,,,,,,,,,,,,,6239,114,5969,110,270,4,2,4,1,2,2,2,9072,154,7373,139,1699,15,3,7,1,2,2,3,10524,186,9096,166,1428,20,3,8,2,2,6,3,12541,225,10977,202,1564,23,3,10,2,2,6,4,1,1
lol-game-115548681803406233,partial,,LEC,2026,,0,2026-08-01 16:15:00,2,16.15.800.4844,3,Blue,mid,Jackies,,GIANTX,,Ryze,1,2649,11,2,7,32,15,,,0.2254,24153,547.1,0.2388,485,10.99,24,0.54,14,0.32,,,,,,,,,,,,,,,,,,,,,,,,6277,160,4818,133,1459,27,1,3,0,0,1,2,8761,222,6823,191,1938,31,2,3,0,0,1,2,11533,273,10133,227,1400,46,5,4,0,3,3,3,13520,326,12482,288,1038,38,5,4,0,3,3,3,1,1
lol-game-115548681803406233,partial,,LEC,2026,,0,2026-08-01 16:15:00,2,16.15.800.4844,4,Blue,bot,Flakked,,GIANTX,,Viktor,1,2649,6,2,11,32,15,,,0.258,21255,481.4,0.2101,412,9.33,25,0.57,17,0.39,,,,,,,,,,,,,,,,,,,,,,,,6169,153,6025,151,144,2,2,0,0,1,2,2,8428,200,7874,206,554,-6,3,1,0,1,2,2,10093,232,11276,261,-1183,-29,4,2,1,3,5,2,12992,282,13283,291,-291,-9,6,2,1,3,5,3,1,1
lol-game-115548681803406233,partial,,LEC,2026,,0,2026-08-01 16:15:00,2,16.15.800.4844,5,Blue,sup,Jun,,GIANTX,,Leona,1,2649,1,3,23,32,15,,,0.0404,13905,314.9,0.1375,47,1.06,128,2.9,29,0.66,,,,,,,,,,,,,,,,,,,,,,,,4369,24,4055,17,314,7,1,4,2,1,3,1,5859,29,5293,23,566,6,1,7,2,1,3,3,7148,34,6546,27,602,7,1,10,3,1,6,5,8338,37,7995,31,343,6,1,12,3,1,6,5,1,1
lol-game-115548681803406233,partial,,LEC,2026,,0,2026-08-01 16:15:00,2,16.15.800.4844,,Blue,team,,,GIANTX,,,1,2649,32,15,72,32,15,0.725,1.065,,101159,,,1633,,197,,88,,,,,,,5,2,4,0,1,1,0,0,2,0,1,2,3,1,10,7,2,1,29976,601,25977,565,3999,36,8,14,5,4,8,8,41615,814,34495,766,7120,48,12,23,5,4,8,12,50496,959,45937,928,4559,31,17,32,10,9,24,17,60088,1129,55981,1117,4107,12,19,38,10,9,24,19,1,1
lol-game-115548681803406233,partial,,LEC,2026,,0,2026-08-01 16:15:00,2,16.15.800.4844,6,Red,top,Wunder,,SK Gaming,,Dr. Mundo,0,2649,0,7,9,15,32,,,0.2842,18407,416.9,0.1967,436,9.88,30,0.68,8,0.18,,,,,,,,,,,,,,,,,,,,,,,,5110,154,6922,150,-1812,4,0,0,1,2,3,2,7132,207,9495,209,-2363,-2,0,0,2,3,5,2,8886,247,11198,234,-2312,13,0,4,4,4,8,4,11244,305,12697,259,-1453,46,0,4,4,4,10,4,1,1
lol-game-115548681803406233,partial,,LEC,2026,,0,2026-08-01 16:15:00,2,16.15.800.4844,7,Red,jng,Skeanz,,SK Gaming,,Nocturne,0,2649,3,7,10,15,32,,,0.1221,17713,401.2,0.1893,309,7.0,20,0.45,19,0.43,,,,,,,,,,,,,,,,,,,,,,,,5969,110,6239,114,-270,-4,2,2,2,2,4,1,7373,139,9072,154,-1699,-15,2,2,3,3,7,1,9096,166,10524,186,-1428,-20,2,6,3,3,8,2,10977,202,12541,225,-1564,-23,2,6,4,3,10,2,1,1
lol-game-115548681803406233,partial,,LEC,2026,,0,2026-08-01 16:15:00,2,16.15.800.4844,8,Red,mid,SlowQ,,SK Gaming,,Sylas,0,2649,4,6,6,15,32,,,0.1846,21016,476.0,0.2246,462,10.46,29,0.66,6,0.14,,,,,,,,,,,,,,,,,,,,,,,,4818,133,6277,160,-1459,-27,0,1,2,1,3,0,6823,191,8761,222,-1938,-31,0,1,2,2,3,0,10133,227,11533,273,-1400,-46,3,3,3,5,4,0,12482,288,13520,326,-1038,-38,3,3,3,5,4,0,1,1
lol-game-115548681803406233,partial,,LEC,2026,,0,2026-08-01 16:15:00,2,16.15.800.4844,9,Red,bot,Jopa,,SK Gaming,,Varus,0,2649,7,5,7,15,32,,,0.3674,23158,524.5,0.2475,420,9.51,13,0.29,18,0.41,,,,,,,,,,,,,,,,,,,,,,,,6025,151,6169,153,-144,-2,1,2,2,2,0,0,7874,206,8428,200,-554,6,1,2,2,3,1,0,11276,261,10093,232,1183,29,3,5,2,4,2,1,13283,291,12992,282,291,9,3,5,3,6,2,1,1,1
lol-game-115548681803406233,partial,,LEC,2026,,0,2026-08-01 16:15:00,2,16.15.800.4844,10,Red,sup,Mikyx,,SK Gaming,,Alistar,0,2649,1,7,12,15,32,,,0.0418,13274,300.7,0.1419,49,1.11,131,2.97,33,0.75,,,,,,,,,,,,,,,,,,,,,,,,4055,17,4369,24,-314,-7,1,3,1,1,4,2,5293,23,5859,29,-566,-6,1,3,3,1,7,2,6546,27,7148,34,-602,-7,1,6,5,1,10,3,7995,31,8338,37,-343,-6,1,6,5,1,12,3,1,1
lol-game-115548681803406233,partial,,LEC,2026,,0,2026-08-01 16:15:00,2,16.15.800.4844,,Red,team,,,SK Gaming,,,0,2649,15,32,44,15,32,0.34,1.065,,93568,,,1676,,223,,84,,,,,,,2,5,0,4,0,0,0,0,0,0,2,1,1,3,7,10,1,2,25977,565,29976,601,-3999,-36,4,8,8,8,14,5,34495,766,41615,814,-7120,-48,4,8,12,12,23,5,45937,928,50496,959,-4559,-31,9,24,17,17,32,10,55981,1117,60088,1129,-4107,-12,9,24,19,19,38,10,1,1
lol-game-115548681803406234,partial,,LEC,2026,,0,2026-08-01 17:25:00,3,16.15.800.4844,1,Blue,top,Oscarinin,,GIANTX,,Ambessa,0,2258,0,3,0,1,12,,,0.2729,8859,235.4,0.2046,243,6.46,7,0.19,4,0.11,,,,,,,,,,,,,,,,,,,,,,,,5890,153,6099,167,-209,-14,0,0,0,0,0,0,,,,,,,,,,,,,,,,,,,,,,,,,,,,,,,,,,,,,1,1
lol-game-115548681803406234,partial,,LEC,2026,,0,2026-08-01 17:25:00,3,16.15.800.4844,2,Blue,jng,ISMA,,GIANTX,,Skarner,0,2258,0,3,0,1,12,,,0.1337,8292,220.3,0.1915,187,4.97,9,0.24,8,0.21,,,,,,,,,,,,,,,,,,,,,,,,5785,139,6523,132,-738,7,0,0,0,2,0,0,,,,,,,,,,,,,,,,,,,,,,,,,,,,,,,,,,,,,1,1
lol-game-115548681803406234,partial,,LEC,2026,,0,2026-08-01 17:25:00,3,16.15.800.4844,3,Blue,mid,Jackies,,GIANTX,,Locke,0,2258,0,3,0,1,12,,,0.1466,8659,230.1,0.2,246,6.54,4,0.11,6,0.16,,,,,,,,,,,,,,,,,,,,,,,,5606,163,5840,158,-234,5,0,0,2,0,2,1,,,,,,,,,,,,,,,,,,,,,,,,,,,,,,,,,,,,,1,1
lol-game-115548681803406234,partial,,LEC,2026,,0,2026-08-01 17:25:00,3,16.15.800.4844,4,Blue,bot,Flakked,,GIANTX,,Xayah,0,2258,1,3,0,1,12,,,0.3645,11335,301.2,0.2618,268,7.12,11,0.29,9,0.24,,,,,,,,,,,,,,,,,,,,,,,,8086,191,7591,188,495,3,1,0,0,0,1,0,,,,,,,,,,,,,,,,,,,,,,,,,,,,,,,,,,,,,1,1
lol-game-115548681803406234,partial,,LEC,2026,,0,2026-08-01 17:25:00,3,16.15.800.4844,5,Blue,sup,Jun,,GIANTX,,Rakan,0,2258,0,0,1,1,12,,,0.0823,6157,163.6,0.1422,32,0.85,54,1.43,10,0.27,,,,,,,,,,,,,,,,,,,,,,,,4189,25,4097,26,92,-1,0,1,0,0,1,0,,,,,,,,,,,,,,,,,,,,,,,,,,,,,,,,,,,,,1,1
lol-game-115548681803406234,partial,,LEC,2026,,0,2026-08-01 17:25:00,3,16.15.800.4844,,Blue,team,,,GIANTX,,,0,2258,1,12,1,1,12,0.027,0.345,,43302,,,976,,85,,37,,,,,,,0,4,0,4,0,0,0,0,0,0,0,0,0,1,2,9,0,1,29556,671,30150,671,-594,0,1,1,2,2,4,1,,,,,,,,,,,,,,,,,,,,,,,,,,,,,,,,,,,,,1,1
lol-game-115548681803406234,partial,,LEC,2026,,0,2026-08-01 17:25:00,3,16.15.800.4844,6,Red,top,Wunder,,SK Gaming,,Volibear,1,2258,1,0,5,12,1,,,0.2395,10884,289.2,0.1951,248,6.59,12,0.32,4,0.11,,,,,,,,,,,,,,,,,,,,,,,,6099,167,5890,153,209,14,0,0,0,0,0,0,,,,,,,,,,,,,,,,,,,,,,,,,,,,,,,,,,,,,1,1
lol-game-115548681803406234,partial,,LEC,2026,,0,2026-08-01 17:25:00,3,16.15.800.4844,7,Red,jng,Skeanz,,SK Gaming,,Wukong,1,2258,3,0,5,12,1,,,0.0906,10928,290.4,0.1959,187,4.97,5,0.13,7,0.19,,,,,,,,,,,,,,,,,,,,,,,,6523,132,5785,139,738,-7,2,0,0,0,0,0,,,,,,,,,,,,,,,,,,,,,,,,,,,,,,,,,,,,,1,1
lol-game-115548681803406234,partial,,LEC,2026,,0,2026-08-01 17:25:00,3,16.15.800.4844,8,Red,mid,SlowQ,,SK Gaming,,Galio,1,2258,2,1,9,12,1,,,0.2046,10963,291.3,0.1966,239,6.35,16,0.43,1,0.03,,,,,,,,,,,,,,,,,,,,,,,,5840,158,5606,163,234,-5,0,2,1,0,0,2,,,,,,,,,,,,,,,,,,,,,,,,,,,,,,,,,,,,,1,1
lol-game-115548681803406234,partial,,LEC,2026,,0,2026-08-01 17:25:00,3,16.15.800.4844,9,Red,bot,Jopa,,SK Gaming,,Yunara,1,2258,6,0,4,12,1,,,0.3846,15518,412.3,0.2782,299,7.95,14,0.37,7,0.19,,,,,,,,,,,,,,,,,,,,,,,,7591,188,8086,191,-495,-3,0,1,0,1,0,0,,,,,,,,,,,,,,,,,,,,,,,,,,,,,,,,,,,,,1,1
lol-game-115548681803406234,partial,,LEC,2026,,0,2026-08-01 17:25:00,3,16.15.800.4844,10,Red,sup,Mikyx,,SK Gaming,,Lulu,1,2258,0,0,10,12,1,,,0.0807,7480,198.8,0.1341,32,0.85,54,1.43,12,0.32,,,,,,,,,,,,,,,,,,,,,,,,4097,26,4189,25,-92,1,0,1,0,0,1,0,,,,,,,,,,,,,,,,,,,,,,,,,,,,,,,,,,,,,1,1
lol-game-115548681803406234,partial,,LEC,2026,,0,2026-08-01 17:25:00,3,16.15.800.4844,,Red,team,,,SK Gaming,,,1,2258,12,1,33,12,1,0.319,0.345,,55773,,,1005,,101,,31,,,,,,,4,0,4,0,0,0,2,1,1,0,0,0,1,0,9,2,1,0,30150,671,29556,671,594,0,2,4,1,1,1,2,,,,,,,,,,,,,,,,,,,,,,,,,,,,,,,,,,,,,1,1
lol-game-115548681803406264,partial,,LEC,2026,,0,2026-08-02 15:15:00,1,16.15.800.4844,1,Blue,top,BrokenBlade,,G2 Esports,,Olaf,1,2106,4,2,5,19,11,,,0.1498,17848,508.5,0.204,369,10.51,13,0.37,11,0.31,,,,,,,,,,,,,,,,,,,,,,,,6681,152,6055,142,626,10,3,1,1,2,0,4,8702,206,8548,202,154,4,3,1,1,2,0,4,10785,267,10387,249,398,18,3,2,1,3,0,5,12978,292,13183,293,-205,-1,3,3,2,4,1,6,1,1
lol-game-115548681803406264,partial,,LEC,2026,,0,2026-08-02 15:15:00,1,16.15.800.4844,2,Blue,jng,SkewMond,,G2 Esports,,Skarner,1,2106,2,1,11,19,11,,,0.166,15070,429.3,0.1722,276,7.86,11,0.31,15,0.43,,,,,,,,,,,,,,,,,,,,,,,,6356,136,5514,113,842,23,1,2,0,1,1,0,8049,169,7698,165,351,4,1,2,0,1,1,0,9817,205,8909,185,908,20,1,4,0,1,2,1,11453,227,10698,224,755,3,1,6,1,1,4,1,1,1
lol-game-115548681803406264,partial,,LEC,2026,,0,2026-08-02 15:15:00,1,16.15.800.4844,3,Blue,mid,Caps,,G2 Esports,,Viktor,1,2106,5,3,6,19,11,,,0.2722,19299,549.8,0.2206,414,11.79,10,0.28,17,0.48,,,,,,,,,,,,,,,,,,,,,,,,5749,173,5849,157,-100,16,0,0,2,0,2,0,7862,228,8118,210,-256,18,0,0,3,1,2,0,11134,288,9984,265,1150,23,2,1,3,1,4,0,14107,330,11503,298,2604,32,3,1,3,1,5,0,1,1
lol-game-115548681803406264,partial,,LEC,2026,,0,2026-08-02 15:15:00,1,16.15.800.4844,4,Blue,bot,Hans Sama,,G2 Esports,,Sivir,1,2106,7,1,6,19,11,,,0.3519,23402,666.7,0.2674,492,14.02,23,0.66,21,0.6,,,,,,,,,,,,,,,,,,,,,,,,6789,181,6778,177,11,4,1,0,0,1,0,0,9688,257,9419,243,269,14,1,0,0,1,0,0,12707,321,11327,292,1380,29,2,1,0,1,1,1,15915,378,14857,342,1058,36,3,2,0,2,2,1,1,1
lol-game-115548681803406264,partial,,LEC,2026,,0,2026-08-02 15:15:00,1,16.15.800.4844,5,Blue,sup,Labrov,,G2 Esports,,Shen,1,2106,1,4,13,19,11,,,0.0601,11884,338.6,0.1358,50,1.42,74,2.11,28,0.8,,,,,,,,,,,,,,,,,,,,,,,,3969,19,3931,21,38,-2,0,2,1,0,3,1,5104,22,5132,23,-28,-1,0,2,1,0,4,1,6518,28,6717,31,-199,-3,0,5,3,1,5,1,8179,36,7774,32,405,4,0,7,3,1,7,2,1,1
lol-game-115548681803406264,partial,,LEC,2026,,0,2026-08-02 15:15:00,1,16.15.800.4844,,Blue,team,,,G2 Esports,,,1,2106,19,11,41,19,11,0.541,0.855,,87503,,,1601,,131,,92,,,,,,,3,3,3,3,0,1,2,0,0,0,0,0,2,0,11,3,4,0,29544,661,28127,610,1417,51,5,5,4,4,6,5,39405,882,38915,843,490,39,5,5,5,5,7,5,50961,1109,47324,1022,3637,87,8,13,7,7,12,8,62632,1263,58015,1189,4617,74,10,19,9,9,19,10,1,1
lol-game-115548681803406264,partial,,LEC,2026,,0,2026-08-02 15:15:00,1,16.15.800.4844,6,Red,top,Wunder,,SK Gaming,,Jayce,0,2106,4,8,2,11,19,,,0.3492,17377,495.1,0.225,397,11.31,18,0.51,8,0.23,,,,,,,,,,,,,,,,,,,,,,,,6055,142,6681,152,-626,-10,2,0,4,3,1,1,8548,202,8702,206,-154,-4,2,0,4,3,1,1,10387,249,10785,267,-398,-18,3,0,5,3,2,1,13183,293,12978,292,205,1,4,1,6,3,3,2,1,1
lol-game-115548681803406264,partial,,LEC,2026,,0,2026-08-02 15:15:00,1,16.15.800.4844,7,Red,jng,Skeanz,,SK Gaming,,Lee Sin,0,2106,3,3,4,11,19,,,0.158,14515,413.5,0.1879,266,7.58,26,0.74,7,0.2,,,,,,,,,,,,,,,,,,,,,,,,5514,113,6356,136,-842,-23,1,1,0,1,2,0,7698,165,8049,169,-351,-4,1,1,0,1,2,0,8909,185,9817,205,-908,-20,1,2,1,1,4,0,10698,224,11453,227,-755,-3,1,4,1,1,6,1,1,1
lol-game-115548681803406264,partial,,LEC,2026,,0,2026-08-02 15:15:00,1,16.15.800.4844,8,Red,mid,SlowQ,,SK Gaming,,Anivia,0,2106,1,1,6,11,19,,,0.1557,15367,437.8,0.1989,383,10.91,29,0.83,5,0.14,,,,,,,,,,,,,,,,,,,,,,,,5849,157,5749,173,100,-16,0,2,0,0,0,2,8118,210,7862,228,256,-18,1,2,0,0,0,3,9984,265,11134,288,-1150,-23,1,4,0,2,1,3,11503,298,14107,330,-2604,-32,1,5,0,3,1,3,1,1
lol-game-115548681803406264,partial,,LEC,2026,,0,2026-08-02 15:15:00,1,16.15.800.4844,9,Red,bot,Jopa,,SK Gaming,,Ziggs,0,2106,2,1,4,11,19,,,0.2735,19987,569.4,0.2587,440,12.54,15,0.43,7,0.2,,,,,,,,,,,,,,,,,,,,,,,,6778,177,6789,181,-11,-4,1,0,0,1,0,0,9419,243,9688,257,-269,-14,1,0,0,1,0,0,11327,292,12707,321,-1380,-29,1,1,1,2,1,0,14857,342,15915,378,-1058,-36,2,2,1,3,2,0,1,1
lol-game-115548681803406264,partial,,LEC,2026,,0,2026-08-02 15:15:00,1,16.15.800.4844,10,Red,sup,Mikyx,,SK Gaming,,Nautilus,0,2106,1,6,9,11,19,,,0.0636,10000,284.9,0.1295,38,1.08,101,2.88,20,0.57,,,,,,,,,,,,,,,,,,,,,,,,3931,21,3969,19,-38,2,0,3,1,0,2,1,5132,23,5104,22,28,1,0,4,1,0,2,1,6717,31,6518,28,199,3,1,5,1,0,5,3,7774,32,8179,36,-405,-4,1,7,2,0,7,3,1,1
lol-game-115548681803406264,partial,,LEC,2026,,0,2026-08-02 15:15:00,1,16.15.800.4844,,Red,team,,,SK Gaming,,,0,2106,11,19,25,11,19,0.313,0.855,,77246,,,1524,,189,,47,,,,,,,3,3,3,3,0,0,2,0,1,0,0,0,0,2,3,11,0,4,28127,610,29544,661,-1417,-51,4,6,5,5,5,4,38915,843,39405,882,-490,-39,5,7,5,5,5,5,47324,1022,50961,1109,-3637,-87,7,12,8,8,13,7,58015,1189,62632,1263,-4617,-74,9,19,10,10,19,9,1,1
lol-game-115548681803406265,partial,,LEC,2026,,0,2026-08-02 16:15:00,2,16.15.800.4844,1,Blue,top,BrokenBlade,,G2 Esports,,Vayne,1,2318,6,5,8,27,24,,,0.2945,16957,438.9,0.197,313,8.1,22,0.57,17,0.44,,,,,,,,,,,,,,,,,,,,,,,,5454,132,5230,124,224,8,2,0,1,2,0,1,7556,177,7165,184,391,-7,2,1,1,2,0,1,9374,207,9732,241,-358,-34,3,3,2,3,2,1,11121,226,12017,274,-896,-48,4,5,3,5,4,2,1,1
lol-game-115548681803406265,partial,,LEC,2026,,0,2026-08-02 16:15:00,2,16.15.800.4844,2,Blue,jng,SkewMond,,G2 Esports,,Naafiri,1,2318,8,3,7,27,24,,,0.1675,19389,501.9,0.2253,319,8.26,16,0.41,22,0.57,,,,,,,,,,,,,,,,,,,,,,,,5359,110,4955,109,404,1,1,1,1,0,1,1,7735,152,6521,139,1214,13,1,2,1,0,1,1,10190,190,8855,183,1335,7,3,2,2,1,3,1,12117,223,11153,215,964,8,3,5,3,2,6,2,1,1
lol-game-115548681803406265,partial,,LEC,2026,,0,2026-08-02 16:15:00,2,16.15.800.4844,3,Blue,mid,Caps,,G2 Esports,,Cassiopeia,1,2318,3,5,11,27,24,,,0.1479,16685,431.9,0.1939,373,9.65,17,0.44,7,0.18,,,,,,,,,,,,,,,,,,,,,,,,5285,146,5013,122,272,24,0,2,1,1,1,2,7310,208,7161,174,149,34,0,2,1,2,1,2,8840,248,9034,207,-194,41,0,3,2,4,2,3,11009,290,10697,223,312,67,2,4,3,5,5,4,1,1
lol-game-115548681803406265,partial,,LEC,2026,,0,2026-08-02 16:15:00,2,16.15.800.4844,4,Blue,bot,Hans Sama,,G2 Esports,,Corki,1,2318,9,2,9,27,24,,,0.3277,21870,566.1,0.2541,434,11.23,17,0.44,17,0.44,,,,,,,,,,,,,,,,,,,,,,,,5649,130,6812,150,-1163,-20,1,0,1,3,0,0,8201,196,9038,207,-837,-11,2,0,1,3,1,0,10883,251,10785,248,98,3,3,2,1,3,2,2,14304,307,12723,284,1581,23,6,3,1,4,4,3,1,1
lol-game-115548681803406265,partial,,LEC,2026,,0,2026-08-02 16:15:00,2,16.15.800.4844,5,Blue,sup,Labrov,,G2 Esports,,Leona,1,2318,1,9,17,27,24,,,0.0624,11154,288.7,0.1296,35,0.91,82,2.12,21,0.54,,,,,,,,,,,,,,,,,,,,,,,,3544,19,3925,11,-381,8,1,0,2,0,3,1,4639,24,5181,18,-542,6,1,1,3,0,4,2,5657,25,6440,23,-783,2,1,2,4,0,6,3,7230,28,7653,25,-423,3,1,7,6,0,9,5,1,1
lol-game-115548681803406265,partial,,LEC,2026,,0,2026-08-02 16:15:00,2,16.15.800.4844,,Blue,team,,,G2 Esports,,,1,2318,27,24,52,27,24,0.699,1.32,,86055,,,1474,,154,,84,,,,,,,3,3,3,3,1,0,2,0,0,0,0,0,1,0,9,6,1,0,25291,537,25935,516,-644,21,5,3,6,6,5,5,35441,757,35066,722,375,35,6,6,7,7,7,6,44944,921,44846,902,98,19,10,12,11,11,15,10,55781,1074,54243,1021,1538,53,16,24,16,16,28,16,1,1
lol-game-115548681803406265,partial,,LEC,2026,,0,2026-08-02 16:15:00,2,16.15.800.4844,6,Red,top,Wunder,,SK Gaming,,Gnar,0,2318,6,4,7,24,27,,,0.2833,16680,431.8,0.2062,357,9.24,21,0.54,12,0.31,,,,,,,,,,,,,,,,,,,,,,,,5230,124,5454,132,-224,-8,2,0,1,2,0,1,7165,184,7556,177,-391,7,2,0,1,2,1,1,9732,241,9374,207,358,34,3,2,1,3,3,2,12017,274,11121,226,896,48,5,4,2,4,5,3,1,1
lol-game-115548681803406265,partial,,LEC,2026,,0,2026-08-02 16:15:00,2,16.15.800.4844,7,Red,jng,Skeanz,,SK Gaming,,Wukong,0,2318,3,4,10,24,27,,,0.2112,16347,423.1,0.2021,292,7.56,10,0.26,18,0.47,,,,,,,,,,,,,,,,,,,,,,,,4955,109,5359,110,-404,-1,0,1,1,1,1,1,6521,139,7735,152,-1214,-13,0,1,1,1,2,1,8855,183,10190,190,-1335,-7,1,3,1,3,2,2,11153,215,12117,223,-964,-8,2,6,2,3,5,3,1,1
lol-game-115548681803406265,partial,,LEC,2026,,0,2026-08-02 16:15:00,2,16.15.800.4844,8,Red,mid,SlowQ,,SK Gaming,,Locke,0,2318,8,6,7,24,27,,,0.1979,16826,435.5,0.208,332,8.59,14,0.36,14,0.36,,,,,,,,,,,,,,,,,,,,,,,,5013,122,5285,146,-272,-24,1,1,2,0,2,1,7161,174,7310,208,-149,-34,2,1,2,0,2,1,9034,207,8840,248,194,-41,4,2,3,0,3,2,10697,223,11009,290,-312,-67,5,5,4,2,4,3,1,1
lol-game-115548681803406265,partial,,LEC,2026,,0,2026-08-02 16:15:00,2,16.15.800.4844,9,Red,bot,Jopa,,SK Gaming,,Syndra,0,2318,5,5,6,24,27,,,0.2492,19279,499.0,0.2383,412,10.66,22,0.57,14,0.36,,,,,,,,,,,,,,,,,,,,,,,,6812,150,5649,130,1163,20,3,0,0,1,0,1,9038,207,8201,196,837,11,3,1,0,2,0,1,10785,248,10883,251,-98,-3,3,2,2,3,2,1,12723,284,14304,307,-1581,-23,4,4,3,6,3,1,1,1
lol-game-115548681803406265,partial,,LEC,2026,,0,2026-08-02 16:15:00,2,16.15.800.4844,10,Red,sup,Mikyx,,SK Gaming,,Rell,0,2318,2,8,10,24,27,,,0.0584,11759,304.4,0.1454,29,0.75,115,2.98,21,0.54,,,,,,,,,,,,,,,,,,,,,,,,3925,11,3544,19,381,-8,0,3,1,1,0,2,5181,18,4639,24,542,-6,0,4,2,1,1,3,6440,23,5657,25,783,-2,0,6,3,1,2,4,7653,25,7230,28,423,-3,0,9,5,1,7,6,1,1
lol-game-115548681803406265,partial,,LEC,2026,,0,2026-08-02 16:15:00,2,16.15.800.4844,,Red,team,,,SK Gaming,,,0,2318,24,27,40,24,27,0.621,1.32,,80891,,,1422,,182,,79,,,,,,,3,3,3,3,0,0,2,1,0,0,0,0,0,1,6,9,0,1,25935,516,25291,537,644,-21,6,5,5,5,3,6,35066,722,35441,757,-375,-35,7,7,6,6,6,7,44846,902,44944,921,-98,-19,11,15,10,10,12,11,54243,1021,55781,1074,-1538,-53,16,28,16,16,24,16,1,1
lol-game-115548681803406268,partial,,LEC,2026,,0,2026-08-02 17:20:00,1,16.15.800.4844,1,Blue,top,Myrwn,,Movistar KOI,,Ambessa,1,1897,4,5,6,23,15,,,0.1892,12613,398.9,0.1814,229,7.24,18,0.57,4,0.13,,,,,,,,,,,,,,,,,,,,,,,,3481,93,3929,92,-448,1,0,0,1,1,0,1,5014,129,6136,123,-1122,6,0,0,2,2,1,2,7495,164,7859,148,-364,16,2,1,3,2,3,4,8597,185,9883,188,-1286,-3,2,1,4,2,7,4,1,1
lol-game-115548681803406268,partial,,LEC,2026,,0,2026-08-02 17:20:00,1,16.15.800.4844,2,Blue,jng,Elyoya,,Movistar KOI,,Pantheon,1,1897,3,1,18,23,15,,,0.2225,14353,454.0,0.2064,252,7.97,9,0.28,15,0.47,,,,,,,,,,,,,,,,,,,,,,,,4449,88,3944,88,505,0,2,1,0,1,0,0,6629,129,6331,141,298,-12,2,5,0,2,0,0,8963,169,7923,166,1040,3,2,11,0,2,1,2,10610,205,11066,192,-456,13,2,11,1,3,4,2,1,1
lol-game-115548681803406268,partial,,LEC,2026,,0,2026-08-02 17:20:00,1,16.15.800.4844,3,Blue,mid,Jojopyun,,Movistar KOI,,Cassiopeia,1,1897,10,1,7,23,15,,,0.2727,16220,513.0,0.2332,332,10.5,15,0.47,5,0.16,,,,,,,,,,,,,,,,,,,,,,,,4328,105,3472,86,856,19,2,0,0,0,0,2,6968,167,4863,126,2105,41,3,2,0,0,0,3,10350,236,7093,157,3257,79,5,4,0,2,0,5,11991,286,8971,190,3020,96,5,4,1,3,1,5,1,1
lol-game-115548681803406268,partial,,LEC,2026,,0,2026-08-02 17:20:00,1,16.15.800.4844,4,Blue,bot,Supa,,Movistar KOI,,Kai'Sa,1,1897,6,5,7,23,15,,,0.2183,17703,559.9,0.2545,328,10.37,15,0.47,14,0.44,,,,,,,,,,,,,,,,,,,,,,,,3703,93,3903,90,-200,3,0,2,3,1,2,0,7511,146,6258,140,1253,6,3,2,4,1,3,1,11856,206,8483,192,3373,14,6,4,4,1,3,1,14031,268,12541,246,1490,22,6,4,4,3,5,1,1,1
lol-game-115548681803406268,partial,,LEC,2026,,0,2026-08-02 17:20:00,1,16.15.800.4844,5,Blue,sup,Alvaro,,Movistar KOI,,Neeko,1,1897,0,3,12,23,15,,,0.0974,8661,273.9,0.1245,43,1.36,64,2.02,24,0.76,,,,,,,,,,,,,,,,,,,,,,,,2734,19,2786,13,-52,6,0,2,0,1,1,1,4112,29,3919,17,193,12,0,4,0,1,2,2,5580,32,5166,20,414,12,0,9,1,1,3,3,6719,36,6576,21,143,15,0,9,2,1,7,3,1,1
lol-game-115548681803406268,partial,,LEC,2026,,0,2026-08-02 17:20:00,1,16.15.800.4844,,Blue,team,,,Movistar KOI,,,1,1897,23,15,50,23,15,0.727,1.202,,69550,,,1184,,121,,62,,,,,,,4,0,4,0,1,2,0,0,0,1,0,0,1,1,9,5,1,0,18695,398,18034,369,661,29,4,5,4,4,3,4,30234,600,27507,547,2727,53,8,13,6,6,6,8,44244,807,36524,683,7720,124,15,29,8,8,10,15,51948,980,49037,837,2911,143,15,29,12,12,24,15,1,1
lol-game-115548681803406268,partial,,LEC,2026,,0,2026-08-02 17:20:00,1,16.15.800.4844,6,Red,top,Soboro,,Fnatic,,Zaahen,0,1897,3,5,7,15,23,,,0.254,13657,432.0,0.222,246,7.78,12,0.38,5,0.16,,,,,,,,,,,,,,,,,,,,,,,,3929,92,3481,93,448,-1,1,0,1,0,0,1,6136,123,5014,129,1122,-6,2,1,2,0,0,2,7859,148,7495,164,364,-16,2,3,4,2,1,3,9883,188,8597,185,1286,3,2,7,4,2,1,4,1,1
lol-game-115548681803406268,partial,,LEC,2026,,0,2026-08-02 17:20:00,1,16.15.800.4844,7,Red,jng,Razork,,Fnatic,,Vi,0,1897,4,4,6,15,23,,,0.1619,13367,422.8,0.2173,221,6.99,13,0.41,17,0.54,,,,,,,,,,,,,,,,,,,,,,,,3944,88,4449,88,-505,0,1,0,0,2,1,0,6331,141,6629,129,-298,12,2,0,0,2,5,0,7923,166,8963,169,-1040,-3,2,1,2,2,11,0,11066,192,10610,205,456,-13,3,4,2,2,11,1,1,1
lol-game-115548681803406268,partial,,LEC,2026,,0,2026-08-02 17:20:00,1,16.15.800.4844,8,Red,mid,Vladi,,Fnatic,,Syndra,0,1897,3,7,3,15,23,,,0.1912,10798,341.5,0.1756,223,7.05,21,0.66,3,0.09,,,,,,,,,,,,,,,,,,,,,,,,3472,86,4328,105,-856,-19,0,0,2,2,0,0,4863,126,6968,167,-2105,-41,0,0,3,3,2,0,7093,157,10350,236,-3257,-79,2,0,5,5,4,0,8971,190,11991,286,-3020,-96,3,1,5,5,4,1,1,1
lol-game-115548681803406268,partial,,LEC,2026,,0,2026-08-02 17:20:00,1,16.15.800.4844,9,Red,bot,Upset,,Fnatic,,Ezreal,0,1897,4,2,7,15,23,,,0.3356,15566,492.3,0.2531,291,9.2,10,0.32,9,0.28,,,,,,,,,,,,,,,,,,,,,,,,3903,90,3703,93,200,-3,1,2,0,0,2,3,6258,140,7511,146,-1253,-6,1,3,1,3,2,4,8483,192,11856,206,-3373,-14,1,3,1,6,4,4,12541,246,14031,268,-1490,-22,3,5,1,6,4,4,1,1
lol-game-115548681803406268,partial,,LEC,2026,,0,2026-08-02 17:20:00,1,16.15.800.4844,10,Red,sup,Lospa,,Fnatic,,Alistar,0,1897,1,5,10,15,23,,,0.0573,8117,256.7,0.132,22,0.7,80,2.53,9,0.28,,,,,,,,,,,,,,,,,,,,,,,,2786,13,2734,19,52,-6,1,1,1,0,2,0,3919,17,4112,29,-193,-12,1,2,2,0,4,0,5166,20,5580,32,-414,-12,1,3,3,0,9,1,6576,21,6719,36,-143,-15,1,7,3,0,9,2,1,1
lol-game-115548681803406268,partial,,LEC,2026,,0,2026-08-02 17:20:00,1,16.15.800.4844,,Red,team,,,Fnatic,,,0,1897,15,23,33,15,23,0.474,1.202,,61505,,,1003,,136,,43,,,,,,,0,4,0,4,0,0,0,0,0,0,0,0,1,1,5,9,0,1,18034,369,18695,398,-661,-29,4,3,4,4,5,4,27507,547,30234,600,-2727,-53,6,6,8,8,13,6,36524,683,44244,807,-7720,-124,8,10,15,15,29,8,49037,837,51948,980,-2911,-143,12,24,15,15,29,12,1,1
lol-game-115548681803406269,partial,,LEC,2026,,0,2026-08-02 17:15:00,2,,1,Blue,top,Myrwn,,Movistar KOI,,Gnar,0,,3,3,4,12,21,,,0.1947,12324,,0.2141,250,,16,,9,,,,,,,,,,,,,,,,,,,,,,,,,,,,,,,,,,,,,,,,,,,,,,,,,,,,,,,,,,,,,,,,,,,,,,,,,1,0
lol-game-115548681803406269,partial,,LEC,2026,,0,2026-08-02 17:15:00,2,,2,Blue,jng,Elyoya,,Movistar KOI,,Nocturne,0,,3,5,3,12,21,,,0.1695,12115,,0.2104,202,,12,,13,,,,,,,,,,,,,,,,,,,,,,,,,,,,,,,,,,,,,,,,,,,,,,,,,,,,,,,,,,,,,,,,,,,,,,,,,1,0
lol-game-115548681803406269,partial,,LEC,2026,,0,2026-08-02 17:15:00,2,,3,Blue,mid,Jojopyun,,Movistar KOI,,Yone,0,,3,2,7,12,21,,,0.2915,12664,,0.22,290,,15,,13,,,,,,,,,,,,,,,,,,,,,,,,,,,,,,,,,,,,,,,,,,,,,,,,,,,,,,,,,,,,,,,,,,,,,,,,,1,0
lol-game-115548681803406269,partial,,LEC,2026,,0,2026-08-02 17:15:00,2,,4,Blue,bot,Supa,,Movistar KOI,,Viktor,0,,2,6,2,12,21,,,0.2662,12061,,0.2095,279,,11,,9,,,,,,,,,,,,,,,,,,,,,,,,,,,,,,,,,,,,,,,,,,,,,,,,,,,,,,,,,,,,,,,,,,,,,,,,,1,0
lol-game-115548681803406269,partial,,LEC,2026,,0,2026-08-02 17:15:00,2,,5,Blue,sup,Alvaro,,Movistar KOI,,Galio,0,,1,5,9,12,21,,,0.0781,8411,,0.1461,28,,69,,10,,,,,,,,,,,,,,,,,,,,,,,,,,,,,,,,,,,,,,,,,,,,,,,,,,,,,,,,,,,,,,,,,,,,,,,,,1,0
lol-game-115548681803406269,partial,,LEC,2026,,0,2026-08-02 17:15:00,2,,,Blue,team,,,Movistar KOI,,,0,,12,21,25,12,21,,,,57575,,,1049,,123,,54,,,,,,,1,4,0,0,0,0,0,0,0,0,0,0,1,0,4,7,,,,,,,,,,,,,,,,,,,,,,,,,,,,,,,,,,,,,,,,,,,,,,,,,,,1,0
lol-game-115548681803406269,partial,,LEC,2026,,0,2026-08-02 17:15:00,2,,6,Red,top,Soboro,,Fnatic,,Rumble,1,,5,2,8,21,12,,,0.2668,12541,,0.2026,266,,15,,0,,,,,,,,,,,,,,,,,,,,,,,,,,,,,,,,,,,,,,,,,,,,,,,,,,,,,,,,,,,,,,,,,,,,,,,,,1,0
lol-game-115548681803406269,partial,,LEC,2026,,0,2026-08-02 17:15:00,2,,7,Red,jng,Razork,,Fnatic,,Trundle,1,,5,3,11,21,12,,,0.1765,13566,,0.2191,221,,11,,18,,,,,,,,,,,,,,,,,,,,,,,,,,,,,,,,,,,,,,,,,,,,,,,,,,,,,,,,,,,,,,,,,,,,,,,,,1,0
lol-game-115548681803406269,partial,,LEC,2026,,0,2026-08-02 17:15:00,2,,8,Red,mid,Vladi,,Fnatic,,Orianna,1,,3,3,10,21,12,,,0.2228,11025,,0.1781,245,,20,,4,,,,,,,,,,,,,,,,,,,,,,,,,,,,,,,,,,,,,,,,,,,,,,,,,,,,,,,,,,,,,,,,,,,,,,,,,1,0
lol-game-115548681803406269,partial,,LEC,2026,,0,2026-08-02 17:15:00,2,,9,Red,bot,Upset,,Fnatic,,Xayah,1,,7,2,9,21,12,,,0.2978,16392,,0.2648,308,,17,,8,,,,,,,,,,,,,,,,,,,,,,,,,,,,,,,,,,,,,,,,,,,,,,,,,,,,,,,,,,,,,,,,,,,,,,,,,1,0
lol-game-115548681803406269,partial,,LEC,2026,,0,2026-08-02 17:15:00,2,,10,Red,sup,Lospa,,Fnatic,,Rakan,1,,1,2,13,21,12,,,0.0361,8387,,0.1355,31,,67,,16,,,,,,,,,,,,,,,,,,,,,,,,,,,,,,,,,,,,,,,,,,,,,,,,,,,,,,,,,,,,,,,,,,,,,,,,,1,0
lol-game-115548681803406269,partial,,LEC,2026,,0,2026-08-02 17:15:00,2,,,Red,team,,,Fnatic,,,1,,21,12,51,21,12,,,,61911,,,1071,,130,,46,,,,,,,4,1,0,0,0,0,0,0,0,0,0,0,0,1,7,4,,,,,,,,,,,,,,,,,,,,,,,,,,,,,,,,,,,,,,,,,,,,,,,,,,,1,0
lol-game-115548681803406270,partial,,LEC,2026,,0,2026-08-02 19:02:00,3,16.15.800.4844,1,Blue,top,Myrwn,,Movistar KOI,,Gragas,1,1769,3,2,8,23,11,,,0.224,12021,407.7,0.1827,232,7.87,11,0.37,7,0.24,,,,,,,,,,,,,,,,,,,,,,,,3473,91,3931,102,-458,-11,0,0,0,0,0,0,5836,137,6308,154,-472,-17,1,0,1,1,0,0,7465,176,8612,189,-1147,-13,1,2,2,2,2,1,9078,209,10497,247,-1419,-38,1,4,2,2,2,1,1,1
lol-game-115548681803406270,partial,,LEC,2026,,0,2026-08-02 19:02:00,3,16.15.800.4844,2,Blue,jng,Elyoya,,Movistar KOI,,Xin Zhao,1,1769,8,2,10,23,11,,,0.2712,15257,517.5,0.2319,238,8.07,11,0.37,20,0.68,,,,,,,,,,,,,,,,,,,,,,,,5008,93,4041,89,967,4,3,0,0,0,2,1,7229,132,5466,118,1763,14,4,1,0,0,2,2,9377,154,8049,148,1328,6,5,4,2,1,6,3,12287,214,9606,182,2681,32,6,6,2,1,6,4,1,1
lol-game-115548681803406270,partial,,LEC,2026,,0,2026-08-02 19:02:00,3,16.15.800.4844,3,Blue,mid,Jojopyun,,Movistar KOI,,Akali,1,1769,7,2,4,23,11,,,0.2086,13462,456.6,0.2046,291,9.87,11,0.37,9,0.31,,,,,,,,,,,,,,,,,,,,,,,,4649,119,3686,104,963,15,1,1,0,0,0,0,6605,182,5324,150,1281,32,1,1,0,0,1,0,8889,215,8363,174,526,41,4,2,1,3,3,1,10906,255,9268,187,1638,68,5,3,1,3,3,2,1,1
lol-game-115548681803406270,partial,,LEC,2026,,0,2026-08-02 19:02:00,3,16.15.800.4844,4,Blue,bot,Supa,,Movistar KOI,,Ashe,1,1769,4,3,11,23,11,,,0.2046,15270,517.9,0.2321,283,9.6,14,0.47,6,0.2,,,,,,,,,,,,,,,,,,,,,,,,3838,96,4281,99,-443,-3,0,2,1,1,1,1,6596,157,6677,159,-81,-2,0,3,1,1,1,1,9071,200,9658,199,-587,1,1,4,2,2,5,3,11931,257,11826,254,105,3,2,5,2,2,5,4,1,1
lol-game-115548681803406270,partial,,LEC,2026,,0,2026-08-02 19:02:00,3,16.15.800.4844,5,Blue,sup,Alvaro,,Movistar KOI,,Seraphine,1,1769,1,2,18,23,11,,,0.0915,9789,332.0,0.1488,39,1.32,49,1.66,16,0.54,,,,,,,,,,,,,,,,,,,,,,,,2961,16,2919,22,42,-6,0,3,1,1,1,2,4443,27,3918,30,525,-3,0,4,1,1,1,3,6186,30,5120,36,1066,-6,1,7,2,1,1,4,7555,36,6122,38,1433,-2,1,10,2,1,1,4,1,1
lol-game-115548681803406270,partial,,LEC,2026,,0,2026-08-02 19:02:00,3,16.15.800.4844,,Blue,team,,,Movistar KOI,,,1,1769,23,11,51,23,11,0.78,1.153,,65799,,,1083,,96,,58,,,,,,,3,1,3,1,1,0,0,0,2,0,0,0,1,0,9,2,1,0,19929,415,18858,416,1071,-1,4,6,2,2,4,4,30709,635,27693,611,3016,24,6,9,3,3,5,6,40988,775,39802,746,1186,29,12,19,9,9,17,12,51757,971,47319,908,4438,63,15,28,9,9,17,15,1,1
lol-game-115548681803406270,partial,,LEC,2026,,0,2026-08-02 19:02:00,3,16.15.800.4844,6,Red,top,Soboro,,Fnatic,,Jax,0,1769,2,3,2,11,23,,,0.2341,11514,390.5,0.2073,266,9.02,16,0.54,2,0.07,,,,,,,,,,,,,,,,,,,,,,,,3931,102,3473,91,458,11,0,0,0,0,0,0,6308,154,5836,137,472,17,1,0,0,1,0,1,8612,189,7465,176,1147,13,2,2,1,1,2,2,10497,247,9078,209,1419,38,2,2,1,1,4,2,1,1
lol-game-115548681803406270,partial,,LEC,2026,,0,2026-08-02 19:02:00,3,16.15.800.4844,7,Red,jng,Razork,,Fnatic,,Jarvan IV,0,1769,2,6,6,11,23,,,0.2015,11629,394.4,0.2094,194,6.58,10,0.34,10,0.34,,,,,,,,,,,,,,,,,,,,,,,,4041,89,5008,93,-967,-4,0,2,1,3,0,0,5466,118,7229,132,-1763,-14,0,2,2,4,1,0,8049,148,9377,154,-1328,-6,1,6,3,5,4,2,9606,182,12287,214,-2681,-32,1,6,4,6,6,2,1,1
lol-game-115548681803406270,partial,,LEC,2026,,0,2026-08-02 19:02:00,3,16.15.800.4844,8,Red,mid,Vladi,,Fnatic,,Annie,0,1769,3,4,4,11,23,,,0.2415,10225,346.8,0.1841,199,6.75,8,0.27,6,0.2,,,,,,,,,,,,,,,,,,,,,,,,3686,104,4649,119,-963,-15,0,0,0,1,1,0,5324,150,6605,182,-1281,-32,0,1,0,1,1,0,8363,174,8889,215,-526,-41,3,3,1,4,2,1,9268,187,10906,255,-1638,-68,3,3,2,5,3,1,1,1
lol-game-115548681803406270,partial,,LEC,2026,,0,2026-08-02 19:02:00,3,16.15.800.4844,9,Red,bot,Upset,,Fnatic,,Yunara,0,1769,2,5,7,11,23,,,0.2696,14486,491.3,0.2608,319,10.82,15,0.51,15,0.51,,,,,,,,,,,,,,,,,,,,,,,,4281,99,3838,96,443,3,1,1,1,0,2,1,6677,159,6596,157,81,2,1,1,1,0,3,1,9658,199,9071,200,587,-1,2,5,3,1,4,2,11826,254,11931,257,-105,-3,2,5,4,2,5,2,1,1
lol-game-115548681803406270,partial,,LEC,2026,,0,2026-08-02 19:02:00,3,16.15.800.4844,10,Red,sup,Lospa,,Fnatic,,Lulu,0,1769,2,5,2,11,23,,,0.0532,7689,260.8,0.1384,39,1.32,71,2.41,11,0.37,,,,,,,,,,,,,,,,,,,,,,,,2919,22,2961,16,-42,6,1,1,2,0,3,1,3918,30,4443,27,-525,3,1,1,3,0,4,1,5120,36,6186,30,-1066,6,1,1,4,1,7,2,6122,38,7555,36,-1433,2,1,1,4,1,10,2,1,1
lol-game-115548681803406270,partial,,LEC,2026,,0,2026-08-02 19:02:00,3,16.15.800.4844,,Red,team,,,Fnatic,,,0,1769,11,23,21,11,23,0.373,1.153,,55543,,,1017,,120,,44,,,,,,,1,3,1,3,0,0,0,1,0,0,0,0,0,1,2,9,0,1,18858,416,19929,415,-1071,1,2,4,4,4,6,2,27693,611,30709,635,-3016,-24,3,5,6,6,9,3,39802,746,40988,775,-1186,-29,9,17,12,12,19,9,47319,908,51757,971,-4438,-63,9,17,15,15,28,9,1,1
lol-game-115548681803406272,partial,,LEC,2026,,0,2026-07-25 16:39:07,1,16.14.794.9266,1,Blue,top,Myrwn,,Movistar KOI,,Rumble,0,2091,2,3,5,18,24,,,0.1765,10817,310.4,0.1844,245,7.03,14,0.4,4,0.11,,,,,,,,,,,,,,,,,,,,,,,,2267,59,2164,53,103,6,0,0,0,0,0,0,4044,113,3978,110,66,3,0,0,0,0,0,0,5905,164,5879,155,26,9,1,0,1,1,2,0,7956,205,7469,202,487,3,1,1,1,1,2,1,1,1
lol-game-115548681803406272,partial,,LEC,2026,,0,2026-07-25 16:39:07,1,16.14.794.9266,2,Blue,jng,Elyoya,,Movistar KOI,,Nocturne,0,2091,2,5,9,18,24,,,0.196,11087,318.1,0.189,216,6.2,10,0.29,9,0.26,,,,,,,,,,,,,,,,,,,,,,,,2166,43,2533,53,-367,-10,0,0,1,0,2,0,3992,89,4143,90,-151,-1,0,2,1,0,2,0,5823,118,6008,131,-185,-13,1,5,1,0,5,1,8451,178,7986,173,465,5,2,5,1,1,5,1,1,1
lol-game-115548681803406272,partial,,LEC,2026,,0,2026-07-25 16:39:07,1,16.14.794.9266,3,Blue,mid,Jojopyun,,Movistar KOI,,Akali,0,2091,7,2,5,18,24,,,0.223,13575,389.5,0.2314,276,7.92,15,0.43,5,0.14,,,,,,,,,,,,,,,,,,,,,,,,3013,59,2851,51,162,8,2,1,0,2,1,2,4974,115,4398,100,576,15,2,3,0,2,1,3,7027,157,6662,153,365,4,4,4,0,4,2,3,9124,201,8375,201,749,0,4,4,0,4,2,3,1,1
lol-game-115548681803406272,partial,,LEC,2026,,0,2026-07-25 16:39:07,1,16.14.794.9266,4,Blue,bot,Supa,,Movistar KOI,,Caitlyn,0,2091,4,5,3,18,24,,,0.3066,13941,400.0,0.2376,278,7.98,12,0.34,11,0.32,,,,,,,,,,,,,,,,,,,,,,,,2155,45,2358,47,-203,-2,0,0,1,1,1,0,4445,96,4023,90,422,6,1,0,1,1,1,0,6840,147,6366,140,474,7,2,2,1,1,4,1,9658,217,8623,202,1035,15,2,2,1,1,5,1,1,1
lol-game-115548681803406272,partial,,LEC,2026,,0,2026-07-25 16:39:07,1,16.14.794.9266,5,Blue,sup,Alvaro,,Movistar KOI,,Camille,0,2091,3,9,10,18,24,,,0.0979,9245,265.3,0.1576,27,0.77,66,1.89,18,0.52,,,,,,,,,,,,,,,,,,,,,,,,2374,2,2031,4,343,-2,1,2,2,1,2,1,3807,12,2979,11,828,1,2,3,2,1,2,2,5329,17,4089,14,1240,3,2,7,4,1,5,5,6591,20,5235,17,1356,3,2,7,5,1,6,5,1,1
lol-game-115548681803406272,partial,,LEC,2026,,0,2026-07-25 16:39:07,1,16.14.794.9266,,Blue,team,,,Movistar KOI,,,0,2091,18,24,32,18,24,0.516,1.205,,58665,,,1042,,117,,47,,,,,,,0,5,0,4,0,0,0,0,0,0,0,1,0,1,3,10,0,2,11975,208,11937,208,38,0,3,3,4,4,6,3,21262,425,19521,401,1741,24,5,8,4,4,6,5,30924,603,29004,593,1920,10,10,18,7,7,18,10,41780,821,37688,795,4092,26,11,19,8,8,20,11,1,1
lol-game-115548681803406272,partial,,LEC,2026,,0,2026-07-25 16:39:07,1,16.14.794.9266,6,Red,top,Canna,,Karmine Corp,,Galio,1,2091,2,2,12,24,18,,,0.1455,12603,361.6,0.1913,264,7.58,16,0.46,4,0.11,,,,,,,,,,,,,,,,,,,,,,,,2164,53,2267,59,-103,-6,0,0,0,0,0,0,3978,110,4044,113,-66,-3,0,0,0,0,0,0,5879,155,5905,164,-26,-9,1,2,0,1,0,1,7469,202,7956,205,-487,-3,1,2,1,1,1,1,1,1
lol-game-115548681803406272,partial,,LEC,2026,,0,2026-07-25 16:39:07,1,16.14.794.9266,7,Red,jng,Yike,,Karmine Corp,,Jarvan IV,1,2091,5,4,14,24,18,,,0.2131,13445,385.8,0.204,210,6.03,10,0.29,18,0.52,,,,,,,,,,,,,,,,,,,,,,,,2533,53,2166,43,367,10,0,2,0,0,0,1,4143,90,3992,89,151,1,0,2,0,0,2,1,6008,131,5823,118,185,13,0,5,1,1,5,1,7986,173,8451,178,-465,-5,1,5,1,2,5,1,1,1
lol-game-115548681803406272,partial,,LEC,2026,,0,2026-07-25 16:39:07,1,16.14.794.9266,8,Red,mid,kyeahoo,,Karmine Corp,,Cassiopeia,1,2091,11,3,6,24,18,,,0.2717,15086,432.9,0.2289,250,7.17,10,0.29,6,0.17,,,,,,,,,,,,,,,,,,,,,,,,2851,51,3013,59,-162,-8,2,1,2,2,1,0,4398,100,4974,115,-576,-15,2,1,3,2,3,0,6662,153,7027,157,-365,-4,4,2,3,4,4,0,8375,201,9124,201,-749,0,4,2,3,4,4,0,1,1
lol-game-115548681803406272,partial,,LEC,2026,,0,2026-07-25 16:39:07,1,16.14.794.9266,9,Red,bot,Caliste,,Karmine Corp,,Ezreal,1,2091,5,2,11,24,18,,,0.2957,15914,456.6,0.2415,273,7.83,17,0.49,8,0.23,,,,,,,,,,,,,,,,,,,,,,,,2358,47,2155,45,203,2,1,1,0,0,0,1,4023,90,4445,96,-422,-6,1,1,0,1,0,1,6366,140,6840,147,-474,-7,1,4,1,2,2,1,8623,202,9658,217,-1035,-15,1,5,1,2,2,1,1,1
lol-game-115548681803406272,partial,,LEC,2026,,0,2026-07-25 16:39:07,1,16.14.794.9266,10,Red,sup,Busio,,Karmine Corp,,Leona,1,2091,1,7,15,24,18,,,0.074,8847,253.9,0.1343,22,0.63,64,1.84,7,0.2,,,,,,,,,,,,,,,,,,,,,,,,2031,4,2374,2,-343,2,1,2,1,1,2,2,2979,11,3807,12,-828,-1,1,2,2,2,3,2,4089,14,5329,17,-1240,-3,1,5,5,2,7,4,5235,17,6591,20,-1356,-3,1,6,5,2,7,5,1,1
lol-game-115548681803406272,partial,,LEC,2026,,0,2026-07-25 16:39:07,1,16.14.794.9266,,Red,team,,,Karmine Corp,,,1,2091,24,18,58,24,18,0.689,1.205,,65895,,,1019,,117,,43,,,,,,,5,0,4,0,0,2,0,1,0,1,1,0,1,0,10,3,2,0,11937,208,11975,208,-38,0,4,6,3,3,3,4,19521,401,21262,425,-1741,-24,4,6,5,5,8,4,29004,593,30924,603,-1920,-10,7,18,10,10,18,7,37688,795,41780,821,-4092,-26,8,20,11,11,19,8,1,1
lol-game-115548681803406273,partial,,LEC,2026,,0,2026-07-25 17:37:00,2,16.14.794.9266,1,Blue,top,Canna,,Karmine Corp,,Gnar,1,1567,2,2,5,17,6,,,0.1735,10724,410.6,0.177,221,8.46,12,0.46,7,0.27,,,,,,,,,,,,,,,,,,,,,,,,3522,97,4145,109,-623,-12,0,0,1,0,0,0,5735,133,6311,150,-576,-17,2,0,2,1,0,1,8039,167,8522,190,-483,-23,2,2,2,2,1,2,10035,213,11076,236,-1041,-23,2,2,2,3,1,2,1,1
lol-game-115548681803406273,partial,,LEC,2026,,0,2026-07-25 17:37:00,2,16.14.794.9266,2,Blue,jng,Yike,,Karmine Corp,,Qiyana,1,1567,9,2,3,17,6,,,0.248,15982,611.9,0.2637,236,9.04,9,0.34,11,0.42,,,,,,,,,,,,,,,,,,,,,,,,4282,95,3779,88,503,7,0,0,0,0,0,0,6266,130,5761,127,505,3,1,0,1,1,0,1,9809,189,8665,175,1144,14,3,1,1,2,1,1,13716,226,10407,216,3309,10,6,1,2,2,1,2,1,1
lol-game-115548681803406273,partial,,LEC,2026,,0,2026-07-25 17:37:00,2,16.14.794.9266,3,Blue,mid,kyeahoo,,Karmine Corp,,Viktor,1,1567,1,1,8,17,6,,,0.2748,12459,477.1,0.2056,273,10.45,13,0.5,6,0.23,,,,,,,,,,,,,,,,,,,,,,,,3762,108,3675,101,87,7,0,0,0,0,0,0,5868,165,5668,151,200,14,0,1,0,0,2,1,8091,219,8164,204,-73,15,0,3,1,0,4,2,11417,263,9737,243,1680,20,0,6,1,0,5,3,1,1
lol-game-115548681803406273,partial,,LEC,2026,,0,2026-07-25 17:37:00,2,16.14.794.9266,4,Blue,bot,Caliste,,Karmine Corp,,Kai'Sa,1,1567,5,0,4,17,6,,,0.2349,14033,537.3,0.2316,264,10.11,12,0.46,10,0.38,,,,,,,,,,,,,,,,,,,,,,,,3694,102,4005,101,-311,1,0,0,0,1,0,0,6437,145,5521,135,916,10,2,0,0,1,0,1,10187,203,7674,191,2513,12,3,1,0,1,0,2,12610,253,9437,231,3173,22,4,1,0,1,0,3,1,1
lol-game-115548681803406273,partial,,LEC,2026,,0,2026-07-25 17:37:00,2,16.14.794.9266,5,Blue,sup,Busio,,Karmine Corp,,Shen,1,1567,0,1,11,17,6,,,0.0688,7401,283.4,0.1221,27,1.03,50,1.91,13,0.5,,,,,,,,,,,,,,,,,,,,,,,,2472,15,2825,12,-353,3,0,0,0,0,1,0,3975,18,3866,16,109,2,0,3,0,0,1,1,5212,19,5143,22,69,-3,0,5,1,0,2,1,6689,26,6375,26,314,0,0,6,1,0,3,2,1,1
lol-game-115548681803406273,partial,,LEC,2026,,0,2026-07-25 17:37:00,2,16.14.794.9266,,Blue,team,,,Karmine Corp,,,1,1567,17,6,31,17,6,0.651,0.881,,60599,,,1021,,96,,47,,,,,,,2,1,2,1,0,1,0,0,1,0,0,0,1,0,9,3,1,0,17732,417,18429,411,-697,6,0,0,1,1,1,0,28281,591,27127,579,1154,12,5,4,3,3,3,5,41338,797,38168,782,3170,15,8,12,5,5,8,8,54467,981,47032,952,7435,29,12,16,6,6,10,12,1,1
lol-game-115548681803406273,partial,,LEC,2026,,0,2026-07-25 17:37:00,2,16.14.794.9266,6,Red,top,Myrwn,,Movistar KOI,,Ambessa,0,1567,3,3,1,6,17,,,0.2532,11212,429.3,0.2339,236,9.04,13,0.5,6,0.23,,,,,,,,,,,,,,,,,,,,,,,,4145,109,3522,97,623,12,0,0,0,0,0,1,6311,150,5735,133,576,17,1,0,1,2,0,2,8522,190,8039,167,483,23,2,1,2,2,2,2,11076,236,10035,213,1041,23,3,1,2,2,2,2,1,1
lol-game-115548681803406273,partial,,LEC,2026,,0,2026-07-25 17:37:00,2,16.14.794.9266,7,Red,jng,Elyoya,,Movistar KOI,,Naafiri,0,1567,2,3,1,6,17,,,0.1926,10542,403.7,0.2199,216,8.27,7,0.27,13,0.5,,,,,,,,,,,,,,,,,,,,,,,,3779,88,4282,95,-503,-7,0,0,0,0,0,0,5761,127,6266,130,-505,-3,1,0,1,1,0,1,8665,175,9809,189,-1144,-14,2,1,1,3,1,1,10407,216,13716,226,-3309,-10,2,1,2,6,1,2,1,1
lol-game-115548681803406273,partial,,LEC,2026,,0,2026-07-25 17:37:00,2,16.14.794.9266,8,Red,mid,Jojopyun,,Movistar KOI,,Orianna,0,1567,0,4,5,6,17,,,0.2503,9878,378.2,0.206,243,9.3,14,0.54,9,0.34,,,,,,,,,,,,,,,,,,,,,,,,3675,101,3762,108,-87,-7,0,0,0,0,0,0,5668,151,5868,165,-200,-14,0,2,1,0,1,0,8164,204,8091,219,73,-15,0,4,2,0,3,1,9737,243,11417,263,-1680,-20,0,5,3,0,6,1,1,1
lol-game-115548681803406273,partial,,LEC,2026,,0,2026-07-25 17:37:00,2,16.14.794.9266,9,Red,bot,Supa,,Movistar KOI,,Tristana,0,1567,1,4,0,6,17,,,0.1821,9733,372.7,0.203,237,9.07,10,0.38,5,0.19,,,,,,,,,,,,,,,,,,,,,,,,4005,101,3694,102,311,-1,1,0,0,0,0,0,5521,135,6437,145,-916,-10,1,0,1,2,0,0,7674,191,10187,203,-2513,-12,1,0,2,3,1,0,9437,231,12610,253,-3173,-22,1,0,3,4,1,0,1,1
lol-game-115548681803406273,partial,,LEC,2026,,0,2026-07-25 17:37:00,2,16.14.794.9266,10,Red,sup,Alvaro,,Movistar KOI,,Bard,0,1567,0,3,3,6,17,,,0.1218,6576,251.8,0.1372,26,1.0,55,2.11,18,0.69,,,,,,,,,,,,,,,,,,,,,,,,2825,12,2472,15,353,-3,0,1,0,0,0,0,3866,16,3975,18,-109,-2,0,1,1,0,3,0,5143,22,5212,19,-69,3,0,2,1,0,5,1,6375,26,6689,26,-314,0,0,3,2,0,6,1,1,1
lol-game-115548681803406273,partial,,LEC,2026,,0,2026-07-25 17:37:00,2,16.14.794.9266,,Red,team,,,Movistar KOI,,,0,1567,6,17,10,6,17,0.23,0.881,,47941,,,958,,99,,51,,,,,,,1,2,1,2,0,0,0,1,0,0,0,0,0,1,3,9,0,1,18429,411,17732,417,697,-6,1,1,0,0,0,1,27127,579,28281,591,-1154,-12,3,3,5,5,4,3,38168,782,41338,797,-3170,-15,5,8,8,8,12,5,47032,952,54467,981,-7435,-29,6,10,12,12,16,6,1,1
lol-game-115548681803406276,partial,,LEC,2026,,0,2026-07-24 14:30:00,1,,1,Blue,top,Myrwn,,Movistar KOI,,Jayce,1,1794,4,0,7,22,6,,,0.328,14256,476.8,0.2229,302,10.1,16,0.54,6,0.2,,,,,,,,,,,,,,,,,,,,,,,,,,,,,,,,,,,,,,,,1774,9,,,,,,,,,,,,,,,,,,,,,,,,,,,,,,,1,0
lol-game-115548681803406276,partial,,LEC,2026,,0,2026-07-24 14:30:00,1,,2,Blue,jng,Elyoya,,Movistar KOI,,Lee Sin,1,1794,8,0,4,22,6,,,0.187,14378,480.9,0.2248,237,7.93,15,0.5,8,0.27,,,,,,,,,,,,,,,,,,,,,,,,,,,,,,,,,,,,,,,,673,16,,,,,,,,,,,,,,,,,,,,,,,,,,,,,,,1,0
lol-game-115548681803406276,partial,,LEC,2026,,0,2026-07-24 14:30:00,1,,3,Blue,mid,Jojopyun,,Movistar KOI,,Galio,1,1794,4,1,9,22,6,,,0.195,12419,415.4,0.1942,261,8.73,14,0.47,5,0.17,,,,,,,,,,,,,,,,,,,,,,,,,,,,,,,,,,,,,,,,1254,8,,,,,,,,,,,,,,,,,,,,,,,,,,,,,,,1,0
lol-game-115548681803406276,partial,,LEC,2026,,0,2026-07-24 14:30:00,1,,4,Blue,bot,Supa,,Movistar KOI,,Akali,1,1794,6,2,6,22,6,,,0.196,14132,472.6,0.2209,253,8.46,11,0.37,4,0.13,,,,,,,,,,,,,,,,,,,,,,,,,,,,,,,,,,,,,,,,953,-2,,,,,,,,,,,,,,,,,,,,,,,,,,,,,,,1,0
lol-game-115548681803406276,partial,,LEC,2026,,0,2026-07-24 14:30:00,1,,5,Blue,sup,Alvaro,,Movistar KOI,,Camille,1,1794,0,3,9,22,6,,,0.094,8781,293.7,0.1373,43,1.44,63,2.11,20,0.67,,,,,,,,,,,,,,,,,,,,,,,,,,,,,,,,,,,,,,,,984,12,,,,,,,,,,,,,,,,,,,,,,,,,,,,,,,1,0
lol-game-115548681803406276,partial,,LEC,2026,,0,2026-07-24 14:30:00,1,,,Blue,team,,,Movistar KOI,,,1,1794,22,6,35,22,6,0.736,0.936,,64000,,,1096,,119,,43,,,,,,,4,0,0,0,0,0,0,0,0,0,0,0,1,0,9,3,,,,,,,,,,,,,,,,,,,,,,,,,,,,,,,,,,,,,,,,,,,,,,,,,,,1,0
lol-game-115548681803406276,partial,,LEC,2026,,0,2026-07-24 14:30:00,1,,6,Red,top,BrokenBlade,,G2 Esports,,Yorick,0,1794,1,4,1,6,22,,,0.326,11742,392.7,0.222,277,9.26,14,0.47,6,0.2,,,,,,,,,,,,,,,,,,,,,,,,,,,,,,,,,,,,,,,,-1774,-9,,,,,,,,,,,,,,,,,,,,,,,,,,,,,,,1,0
lol-game-115548681803406276,partial,,LEC,2026,,0,2026-07-24 14:30:00,1,,7,Red,jng,SkewMond,,G2 Esports,,Trundle,0,1794,3,4,1,6,22,,,0.155,11156,373.1,0.2109,194,6.49,9,0.3,14,0.47,,,,,,,,,,,,,,,,,,,,,,,,,,,,,,,,,,,,,,,,-673,-16,,,,,,,,,,,,,,,,,,,,,,,,,,,,,,,1,0
lol-game-115548681803406276,partial,,LEC,2026,,0,2026-07-24 14:30:00,1,,8,Red,mid,Caps,,G2 Esports,,Locke,0,1794,0,4,3,6,22,,,0.265,10876,363.7,0.2056,264,8.83,8,0.27,8,0.27,,,,,,,,,,,,,,,,,,,,,,,,,,,,,,,,,,,,,,,,-1254,-8,,,,,,,,,,,,,,,,,,,,,,,,,,,,,,,1,0
lol-game-115548681803406276,partial,,LEC,2026,,0,2026-07-24 14:30:00,1,,9,Red,bot,Hans Sama,,G2 Esports,,Viktor,0,1794,2,5,0,6,22,,,0.185,12225,408.9,0.2311,286,9.57,14,0.47,7,0.23,,,,,,,,,,,,,,,,,,,,,,,,,,,,,,,,,,,,,,,,-953,2,,,,,,,,,,,,,,,,,,,,,,,,,,,,,,,1,0
lol-game-115548681803406276,partial,,LEC,2026,,0,2026-07-24 14:30:00,1,,10,Red,sup,Labrov,,G2 Esports,,Rell,0,1794,0,5,3,6,22,,,0.068,6901,230.8,0.1305,24,0.8,55,1.84,13,0.43,,,,,,,,,,,,,,,,,,,,,,,,,,,,,,,,,,,,,,,,-984,-12,,,,,,,,,,,,,,,,,,,,,,,,,,,,,,,1,0
lol-game-115548681803406276,partial,,LEC,2026,,0,2026-07-24 14:30:00,1,,,Red,team,,,G2 Esports,,,0,1794,6,22,8,6,22,0.201,0.936,,52900,,,1045,,100,,48,,,,,,,0,4,0,0,0,0,0,0,0,0,0,0,0,1,3,9,,,,,,,,,,,,,,,,,,,,,,,,,,,,,,,,,,,,,,,,,,,,,,,,,,,1,0
lol-game-115548681803406277,partial,,LEC,2026,,0,2026-07-24 15:55:00,2,16.14.794.9266,1,Blue,top,Myrwn,,Movistar KOI,,Gnar,0,1917,3,3,2,10,22,,,0.2596,12594,394.2,0.2166,301,9.42,16,0.5,4,0.13,,,,,,,,,,,,,,,,,,,,,,,,4058,104,3910,99,148,5,1,1,0,0,1,0,6172,161,5611,148,561,13,2,1,0,0,1,0,8059,210,7492,192,567,18,2,1,0,1,1,0,9823,246,9794,218,29,28,2,1,1,3,2,0,1,1
lol-game-115548681803406277,partial,,LEC,2026,,0,2026-07-24 15:55:00,2,16.14.794.9266,2,Blue,jng,Elyoya,,Movistar KOI,,Xin Zhao,0,1917,2,3,5,10,22,,,0.1539,11155,349.1,0.1918,197,6.17,7,0.22,18,0.56,,,,,,,,,,,,,,,,,,,,,,,,3663,77,4820,97,-1157,-20,0,1,1,1,3,1,5388,116,7317,144,-1929,-28,0,2,1,2,3,1,7728,153,9324,180,-1596,-27,1,2,1,3,3,2,9233,173,11860,234,-2627,-61,1,3,1,3,5,2,1,1
lol-game-115548681803406277,partial,,LEC,2026,,0,2026-07-24 15:55:00,2,16.14.794.9266,3,Blue,mid,Jojopyun,,Movistar KOI,,Orianna,0,1917,3,5,4,10,22,,,0.3124,12221,382.5,0.2101,301,9.42,16,0.5,5,0.16,,,,,,,,,,,,,,,,,,,,,,,,4191,110,4174,92,17,18,1,1,1,1,1,0,5843,156,6157,143,-314,13,2,1,2,1,2,0,7474,205,8108,197,-634,8,2,1,3,1,2,0,9259,241,13086,276,-3827,-35,2,2,3,2,2,0,1,1
lol-game-115548681803406277,partial,,LEC,2026,,0,2026-07-24 15:55:00,2,16.14.794.9266,4,Blue,bot,Supa,,Movistar KOI,,Syndra,0,1917,2,5,4,10,22,,,0.2096,14491,453.6,0.2492,281,8.79,11,0.34,7,0.22,,,,,,,,,,,,,,,,,,,,,,,,3638,97,4734,94,-1096,3,0,0,1,4,0,0,6152,154,7667,158,-1515,-4,0,2,1,4,0,0,8397,207,10014,218,-1617,-11,0,3,2,4,1,0,11081,237,12528,265,-1447,-28,1,3,3,4,2,1,1,1
lol-game-115548681803406277,partial,,LEC,2026,,0,2026-07-24 15:55:00,2,16.14.794.9266,5,Blue,sup,Alvaro,,Movistar KOI,,Tahm Kench,0,1917,0,6,6,10,22,,,0.0646,7694,240.8,0.1323,30,0.94,74,2.32,16,0.5,,,,,,,,,,,,,,,,,,,,,,,,2606,16,2861,8,-255,8,0,2,3,0,4,1,3711,20,4136,16,-425,4,0,3,3,0,4,3,4798,26,5469,20,-671,6,0,3,3,0,6,3,6163,28,6944,22,-781,6,0,4,4,0,7,3,1,1
lol-game-115548681803406277,partial,,LEC,2026,,0,2026-07-24 15:55:00,2,16.14.794.9266,,Blue,team,,,Movistar KOI,,,0,1917,10,22,21,10,22,0.313,1.002,,58155,,,1110,,124,,50,,,,,,,1,4,1,4,0,1,0,0,0,0,0,0,0,2,1,11,0,3,18156,404,20499,390,-2343,14,2,5,6,6,9,2,27266,607,30888,609,-3622,-2,4,9,7,7,10,4,36456,801,40407,807,-3951,-6,5,10,9,9,13,5,45559,925,54212,1015,-8653,-90,6,13,12,12,18,6,1,1
lol-game-115548681803406277,partial,,LEC,2026,,0,2026-07-24 15:55:00,2,16.14.794.9266,6,Red,top,BrokenBlade,,G2 Esports,,Rumble,1,1917,5,0,8,22,10,,,0.2485,13448,420.9,0.1854,256,8.01,23,0.72,2,0.06,,,,,,,,,,,,,,,,,,,,,,,,3910,99,4058,104,-148,-5,0,1,0,1,1,0,5611,148,6172,161,-561,-13,0,1,0,2,1,0,7492,192,8059,210,-567,-18,1,1,0,2,1,0,9794,218,9823,246,-29,-28,3,2,0,2,1,1,1,1
lol-game-115548681803406277,partial,,LEC,2026,,0,2026-07-24 15:55:00,2,16.14.794.9266,7,Red,jng,SkewMond,,G2 Esports,,Vi,1,1917,4,2,11,22,10,,,0.1729,14895,466.2,0.2054,256,8.01,11,0.34,12,0.38,,,,,,,,,,,,,,,,,,,,,,,,4820,97,3663,77,1157,20,1,3,1,0,1,1,7317,144,5388,116,1929,28,2,3,1,0,2,1,9324,180,7728,153,1596,27,3,3,2,1,2,1,11860,234,9233,173,2627,61,3,5,2,1,3,1,1,1
lol-game-115548681803406277,partial,,LEC,2026,,0,2026-07-24 15:55:00,2,16.14.794.9266,8,Red,mid,Caps,,G2 Esports,,Yone,1,1917,3,1,4,22,10,,,0.2042,17115,535.7,0.236,346,10.83,5,0.16,7,0.22,,,,,,,,,,,,,,,,,,,,,,,,4174,92,4191,110,-17,-18,1,1,0,1,1,1,6157,143,5843,156,314,-13,1,2,0,2,1,2,8108,197,7474,205,634,-8,1,2,0,2,1,3,13086,276,9259,241,3827,35,2,2,0,2,2,3,1,1
lol-game-115548681803406277,partial,,LEC,2026,,0,2026-07-24 15:55:00,2,16.14.794.9266,9,Red,bot,Hans Sama,,G2 Esports,,Lucian,1,1917,10,2,3,22,10,,,0.2664,18078,565.8,0.2493,332,10.39,17,0.53,13,0.41,,,,,,,,,,,,,,,,,,,,,,,,4734,94,3638,97,1096,-3,4,0,0,0,0,1,7667,158,6152,154,1515,4,4,0,0,0,2,1,10014,218,8397,207,1617,11,4,1,0,0,3,2,12528,265,11081,237,1447,28,4,2,1,1,3,3,1,1
lol-game-115548681803406277,partial,,LEC,2026,,0,2026-07-24 15:55:00,2,16.14.794.9266,10,Red,sup,Labrov,,G2 Esports,,Leona,1,1917,0,5,13,22,10,,,0.1081,8983,281.2,0.1239,23,0.72,69,2.16,15,0.47,,,,,,,,,,,,,,,,,,,,,,,,2861,8,2606,16,255,-8,0,4,1,0,2,3,4136,16,3711,20,425,-4,0,4,3,0,3,3,5469,20,4798,26,671,-6,0,6,3,0,3,3,6944,22,6163,28,781,-6,0,7,3,0,4,4,1,1
lol-game-115548681803406277,partial,,LEC,2026,,0,2026-07-24 15:55:00,2,16.14.794.9266,,Red,team,,,G2 Esports,,,1,1917,22,10,39,22,10,0.689,1.002,,72519,,,1213,,125,,49,,,,,,,4,1,4,1,1,2,0,1,0,0,0,0,2,0,11,1,3,0,20499,390,18156,404,2343,-14,6,9,2,2,5,6,30888,609,27266,607,3622,2,7,10,4,4,9,7,40407,807,36456,801,3951,6,9,13,5,5,10,9,54212,1015,45559,925,8653,90,12,18,6,6,13,12,1,1
lol-game-115548681803406278,partial,,LEC,2026,,0,2026-07-24 16:55:00,3,16.14.794.9266,1,Blue,top,BrokenBlade,,G2 Esports,,Ambessa,1,2479,4,3,5,22,11,,,0.2007,17222,416.8,0.1913,380,9.2,19,0.46,11,0.27,,,,,,,,,,,,,,,,,,,,,,,,4714,124,5574,136,-860,-12,0,0,2,1,3,0,6373,174,7428,186,-1055,-12,0,0,3,1,4,0,8052,218,8805,212,-753,6,0,2,3,1,4,1,9939,258,10125,234,-186,24,1,2,3,1,5,2,1,1
lol-game-115548681803406278,partial,,LEC,2026,,0,2026-07-24 16:55:00,3,16.14.794.9266,2,Blue,jng,SkewMond,,G2 Esports,,Wukong,1,2479,6,2,4,22,11,,,0.1428,19137,463.2,0.2125,324,7.84,17,0.41,33,0.8,,,,,,,,,,,,,,,,,,,,,,,,5731,131,5866,118,-135,13,0,0,1,1,4,0,7580,174,8540,171,-960,3,0,0,1,2,4,0,10471,200,10383,217,88,-17,2,1,1,2,4,0,11902,231,12108,241,-206,-10,2,1,2,2,5,0,1,1
lol-game-115548681803406278,partial,,LEC,2026,,0,2026-07-24 16:55:00,3,16.14.794.9266,3,Blue,mid,Caps,,G2 Esports,,Annie,1,2479,4,2,10,22,11,,,0.2733,18063,437.2,0.2006,350,8.47,18,0.44,19,0.46,,,,,,,,,,,,,,,,,,,,,,,,5325,131,6618,148,-1293,-17,1,0,1,4,1,0,7225,192,8662,207,-1437,-15,1,0,1,4,1,0,9966,234,10432,257,-466,-23,3,0,1,4,1,1,11623,268,12380,294,-757,-26,3,1,1,4,3,1,1,1
lol-game-115548681803406278,partial,,LEC,2026,,0,2026-07-24 16:55:00,3,16.14.794.9266,4,Blue,bot,Hans Sama,,G2 Esports,,Ziggs,1,2479,6,1,9,22,11,,,0.3171,23044,557.7,0.2559,431,10.43,27,0.65,6,0.15,,,,,,,,,,,,,,,,,,,,,,,,6294,155,6234,167,60,-12,0,0,0,0,0,0,8954,218,7896,211,1058,7,0,1,0,0,0,1,10966,273,10059,263,907,10,0,2,0,0,0,2,12640,300,13438,316,-798,-16,0,3,1,2,0,2,1,1
lol-game-115548681803406278,partial,,LEC,2026,,0,2026-07-24 16:55:00,3,16.14.794.9266,5,Blue,sup,Labrov,,G2 Esports,,Shen,1,2479,2,3,14,22,11,,,0.0661,12579,304.5,0.1397,52,1.26,110,2.66,27,0.65,,,,,,,,,,,,,,,,,,,,,,,,3452,26,4124,22,-672,4,0,1,2,0,6,1,5224,37,5456,27,-232,10,1,1,2,0,7,1,6738,40,6578,31,160,9,1,5,2,0,7,2,7795,42,7863,35,-68,7,1,5,2,0,8,2,1,1
lol-game-115548681803406278,partial,,LEC,2026,,0,2026-07-24 16:55:00,3,16.14.794.9266,,Blue,team,,,G2 Esports,,,1,2479,22,11,42,22,11,0.532,0.799,,90045,,,1537,,191,,96,,,,,,,4,4,3,4,0,0,0,0,3,0,1,0,1,2,8,8,1,1,25516,567,28416,591,-2900,-24,1,1,6,6,14,1,35356,795,37982,802,-2626,-7,2,2,7,7,16,2,46193,965,46257,980,-64,-15,6,10,7,7,16,6,53899,1099,55914,1120,-2015,-21,7,12,9,9,21,7,1,1
lol-game-115548681803406278,partial,,LEC,2026,,0,2026-07-24 16:55:00,3,16.14.794.9266,6,Red,top,Myrwn,,Movistar KOI,,Mordekaiser,0,2479,2,6,5,11,22,,,0.1806,15333,371.1,0.1848,306,7.41,15,0.36,14,0.34,,,,,,,,,,,,,,,,,,,,,,,,5574,136,4714,124,860,12,1,3,0,0,0,2,7428,186,6373,174,1055,12,1,4,0,0,0,3,8805,212,8052,218,753,-6,1,4,1,0,2,3,10125,234,9939,258,186,-24,1,5,2,1,2,3,1,1
lol-game-115548681803406278,partial,,LEC,2026,,0,2026-07-24 16:55:00,3,16.14.794.9266,7,Red,jng,Elyoya,,Movistar KOI,,Naafiri,0,2479,2,3,5,11,22,,,0.1889,16624,402.4,0.2004,314,7.6,16,0.39,24,0.58,,,,,,,,,,,,,,,,,,,,,,,,5866,118,5731,131,135,-13,1,4,0,0,0,1,8540,171,7580,174,960,-3,2,4,0,0,0,1,10383,217,10471,200,-88,17,2,4,0,2,1,1,12108,241,11902,231,206,10,2,5,0,2,1,2,1,1
lol-game-115548681803406278,partial,,LEC,2026,,0,2026-07-24 16:55:00,3,16.14.794.9266,8,Red,mid,Jojopyun,,Movistar KOI,,Ryze,0,2479,5,6,3,11,22,,,0.2319,17884,432.9,0.2156,395,9.56,20,0.48,14,0.34,,,,,,,,,,,,,,,,,,,,,,,,6618,148,5325,131,1293,17,4,1,0,1,0,1,8662,207,7225,192,1437,15,4,1,0,1,0,1,10432,257,9966,234,466,23,4,1,1,3,0,1,12380,294,11623,268,757,26,4,3,1,3,1,1,1,1
lol-game-115548681803406278,partial,,LEC,2026,,0,2026-07-24 16:55:00,3,16.14.794.9266,9,Red,bot,Supa,,Movistar KOI,,Ezreal,0,2479,2,3,1,11,22,,,0.3271,21137,511.6,0.2548,468,11.33,20,0.48,13,0.31,,,,,,,,,,,,,,,,,,,,,,,,6234,167,6294,155,-60,12,0,0,0,0,0,0,7896,211,8954,218,-1058,-7,0,0,1,0,1,0,10059,263,10966,273,-907,-10,0,0,2,0,2,0,13438,316,12640,300,798,16,2,0,2,0,3,1,1,1
lol-game-115548681803406278,partial,,LEC,2026,,0,2026-07-24 16:55:00,3,16.14.794.9266,10,Red,sup,Alvaro,,Movistar KOI,,Karma,0,2479,0,4,9,11,22,,,0.0715,11980,290.0,0.1444,59,1.43,117,2.83,33,0.8,,,,,,,,,,,,,,,,,,,,,,,,4124,22,3452,26,672,-4,0,6,1,0,1,2,5456,27,5224,37,232,-10,0,7,1,1,1,2,6578,31,6738,40,-160,-9,0,7,2,1,5,2,7863,35,7795,42,68,-7,0,8,2,1,5,2,1,1
lol-game-115548681803406278,partial,,LEC,2026,,0,2026-07-24 16:55:00,3,16.14.794.9266,,Red,team,,,Movistar KOI,,,0,2479,11,22,23,11,22,0.266,0.799,,82958,,,1542,,188,,98,,,,,,,4,4,4,3,0,0,1,1,2,0,0,1,2,1,8,8,1,1,28416,591,25516,567,2900,24,6,14,1,1,1,6,37982,802,35356,795,2626,7,7,16,2,2,2,7,46257,980,46193,965,64,15,7,16,6,6,10,7,55914,1120,53899,1099,2015,21,9,21,7,7,12,9,1,1
lol-game-115548681803406288,partial,,LEC,2026,,0,2026-07-26 17:45:00,1,16.14.794.9266,1,Blue,top,BrokenBlade,,G2 Esports,,K'Sante,0,1818,3,3,1,6,19,,,0.2114,12215,403.1,0.2264,283,9.34,13,0.43,9,0.3,,,,,,,,,,,,,,,,,,,,,,,,4285,101,3604,93,681,8,1,0,0,0,0,1,6109,141,5925,143,184,-2,1,0,1,1,1,1,7857,192,7904,197,-47,-5,1,0,1,1,2,1,10437,240,10493,235,-56,5,3,1,2,3,6,1,1,1
lol-game-115548681803406288,partial,,LEC,2026,,0,2026-07-26 17:45:00,1,16.14.794.9266,2,Blue,jng,SkewMond,,G2 Esports,,Jarvan IV,0,1818,1,4,3,6,19,,,0.1743,11050,364.7,0.2048,231,7.62,10,0.33,16,0.53,,,,,,,,,,,,,,,,,,,,,,,,4078,93,3798,89,280,4,0,1,0,0,0,0,5820,130,5518,125,302,5,0,2,1,0,1,1,7532,170,7490,169,42,1,0,2,1,0,3,1,9551,201,10230,189,-679,12,1,3,3,3,5,3,1,1
lol-game-115548681803406288,partial,,LEC,2026,,0,2026-07-26 17:45:00,1,16.14.794.9266,3,Blue,mid,Caps,,G2 Esports,,Ahri,0,1818,1,4,4,6,19,,,0.3469,11148,367.9,0.2066,291,9.6,7,0.23,9,0.3,,,,,,,,,,,,,,,,,,,,,,,,3800,112,3855,108,-55,4,0,0,0,0,0,0,5570,154,6619,155,-1049,-1,1,0,1,2,1,0,7829,221,8281,198,-452,23,1,0,1,2,3,0,9041,233,10478,232,-1437,1,1,4,3,2,8,0,1,1
lol-game-115548681803406288,partial,,LEC,2026,,0,2026-07-26 17:45:00,1,16.14.794.9266,4,Blue,bot,Hans Sama,,G2 Esports,,Syndra,0,1818,1,3,0,6,19,,,0.1898,12304,406.1,0.228,299,9.87,17,0.56,6,0.2,,,,,,,,,,,,,,,,,,,,,,,,3894,105,3563,95,331,10,0,0,0,0,0,0,6004,148,6295,158,-291,-10,0,0,0,0,0,0,8349,205,9206,221,-857,-16,0,0,1,2,0,0,10149,246,13177,266,-3028,-20,1,0,2,6,2,0,1,1
lol-game-115548681803406288,partial,,LEC,2026,,0,2026-07-26 17:45:00,1,16.14.794.9266,5,Blue,sup,Labrov,,G2 Esports,,Leona,0,1818,0,5,4,6,19,,,0.0775,7240,238.9,0.1342,36,1.19,49,1.62,20,0.66,,,,,,,,,,,,,,,,,,,,,,,,2534,17,2453,17,81,0,0,0,0,0,0,0,3781,20,3506,22,275,-2,0,1,0,0,1,0,4878,26,4650,23,228,3,0,1,1,0,3,0,6172,32,6148,29,24,3,0,4,4,0,6,2,1,1
lol-game-115548681803406288,partial,,LEC,2026,,0,2026-07-26 17:45:00,1,16.14.794.9266,,Blue,team,,,G2 Esports,,,0,1818,6,19,12,6,19,0.198,0.825,,53957,,,1140,,96,,60,,,,,,,1,3,1,3,0,0,1,0,0,0,0,0,0,1,2,8,0,1,18591,428,17273,402,1318,26,1,1,0,0,0,1,27284,593,27863,603,-579,-10,2,3,3,3,4,2,36445,814,37531,808,-1086,6,2,3,5,5,11,2,45350,952,50526,951,-5176,1,6,12,14,14,27,6,1,1
lol-game-115548681803406288,partial,,LEC,2026,,0,2026-07-26 17:45:00,1,16.14.794.9266,6,Red,top,Canna,,Karmine Corp,,Jayce,1,1818,5,1,7,19,6,,,0.2503,14390,474.9,0.2231,286,9.44,18,0.59,9,0.3,,,,,,,,,,,,,,,,,,,,,,,,3604,93,4285,101,-681,-8,0,0,1,1,0,0,5925,143,6109,141,-184,2,1,1,1,1,0,1,7904,197,7857,192,47,5,1,2,1,1,0,1,10493,235,10437,240,56,-5,3,6,1,3,1,2,1,1
lol-game-115548681803406288,partial,,LEC,2026,,0,2026-07-26 17:45:00,1,16.14.794.9266,7,Red,jng,Yike,,Karmine Corp,,Lee Sin,1,1818,3,3,8,19,6,,,0.1282,12651,417.5,0.1962,235,7.76,19,0.63,3,0.1,,,,,,,,,,,,,,,,,,,,,,,,3798,89,4078,93,-280,-4,0,0,0,0,1,0,5518,125,5820,130,-302,-5,0,1,1,0,2,1,7490,169,7532,170,-42,-1,0,3,1,0,2,1,10230,189,9551,201,679,-12,3,5,3,1,3,3,1,1
lol-game-115548681803406288,partial,,LEC,2026,,0,2026-07-26 17:45:00,1,16.14.794.9266,8,Red,mid,kyeahoo,,Karmine Corp,,Sylas,1,1818,4,0,11,19,6,,,0.2615,13639,450.1,0.2115,284,9.37,8,0.26,4,0.13,,,,,,,,,,,,,,,,,,,,,,,,3855,108,3800,112,55,-4,0,0,0,0,0,0,6619,155,5570,154,1049,1,2,1,0,1,0,1,8281,198,7829,221,452,-23,2,3,0,1,0,1,10478,232,9041,233,1437,-1,2,8,0,1,4,3,1,1
lol-game-115548681803406288,partial,,LEC,2026,,0,2026-07-26 17:45:00,1,16.14.794.9266,9,Red,bot,Caliste,,Karmine Corp,,Viktor,1,1818,6,0,4,19,6,,,0.3029,15588,514.5,0.2417,322,10.63,15,0.5,10,0.33,,,,,,,,,,,,,,,,,,,,,,,,3563,95,3894,105,-331,-10,0,0,0,0,0,0,6295,158,6004,148,291,10,0,0,0,0,0,0,9206,221,8349,205,857,16,2,0,0,0,0,1,13177,266,10149,246,3028,20,6,2,0,1,0,2,1,1
lol-game-115548681803406288,partial,,LEC,2026,,0,2026-07-26 17:45:00,1,16.14.794.9266,10,Red,sup,Busio,,Karmine Corp,,Rell,1,1818,1,2,10,19,6,,,0.0571,8221,271.3,0.1275,33,1.09,64,2.11,11,0.36,,,,,,,,,,,,,,,,,,,,,,,,2453,17,2534,17,-81,0,0,0,0,0,0,0,3506,22,3781,20,-275,2,0,1,0,0,1,0,4650,23,4878,26,-228,-3,0,3,0,0,1,1,6148,29,6172,32,-24,-3,0,6,2,0,4,4,1,1
lol-game-115548681803406288,partial,,LEC,2026,,0,2026-07-26 17:45:00,1,16.14.794.9266,,Red,team,,,Karmine Corp,,,1,1818,19,6,40,19,6,0.627,0.825,,64489,,,1160,,124,,37,,,,,,,3,1,3,1,2,0,0,0,1,0,0,0,1,0,8,2,1,0,17273,402,18591,428,-1318,-26,0,0,1,1,1,0,27863,603,27284,593,579,10,3,4,2,2,3,3,37531,808,36445,814,1086,-6,5,11,2,2,3,5,50526,951,45350,952,5176,-1,14,27,6,6,12,14,1,1
lol-game-115548681803406289,partial,,LEC,2026,,0,2026-07-26 18:45:00,2,16.14.794.9266,1,Blue,top,Canna,,Karmine Corp,,Renekton,0,1697,1,4,3,9,19,,,0.2972,11974,423.4,0.1808,289,10.22,18,0.64,17,0.6,,,,,,,,,,,,,,,,,,,,,,,,5700,152,7085,158,-1385,-6,0,1,2,3,3,1,7799,198,8675,201,-876,-3,1,2,2,3,3,2,9771,244,10862,256,-1091,-12,1,3,2,3,5,2,11270,277,13436,305,-2166,-28,1,3,3,4,6,2,1,1
lol-game-115548681803406289,partial,,LEC,2026,,0,2026-07-26 18:45:00,2,16.14.794.9266,2,Blue,jng,Yike,,Karmine Corp,,Qiyana,0,1697,2,5,2,9,19,,,0.1672,14166,500.9,0.2139,260,9.19,11,0.39,12,0.42,,,,,,,,,,,,,,,,,,,,,,,,6530,126,7353,141,-823,-15,1,1,2,3,3,0,9473,183,9250,183,223,0,2,1,2,3,4,0,11383,211,11787,237,-404,-26,2,2,3,4,4,0,12886,239,14810,281,-1924,-42,2,2,4,5,6,0,1,1
lol-game-115548681803406289,partial,,LEC,2026,,0,2026-07-26 18:45:00,2,16.14.794.9266,3,Blue,mid,kyeahoo,,Karmine Corp,,Orianna,0,1697,2,4,5,9,19,,,0.2213,13844,489.5,0.209,281,9.94,16,0.57,7,0.25,,,,,,,,,,,,,,,,,,,,,,,,6503,152,7789,161,-1286,-9,1,1,2,3,3,1,8444,189,9674,200,-1230,-11,1,3,3,4,3,3,10383,222,11269,231,-886,-9,2,3,3,4,4,4,12477,256,12844,260,-367,-4,2,4,4,4,4,5,1,1
lol-game-115548681803406289,partial,,LEC,2026,,0,2026-07-26 18:45:00,2,16.14.794.9266,4,Blue,bot,Caliste,,Karmine Corp,,Kai'Sa,0,1697,4,2,2,9,19,,,0.2686,18676,660.3,0.282,420,14.85,17,0.6,6,0.21,,,,,,,,,,,,,,,,,,,,,,,,6804,158,6965,174,-161,-16,0,0,1,0,1,0,9988,236,9508,240,480,-4,1,1,1,0,1,0,12922,295,12203,281,719,14,2,2,2,1,2,0,16268,372,15677,328,591,44,3,2,2,2,4,0,1,1
lol-game-115548681803406289,partial,,LEC,2026,,0,2026-07-26 18:45:00,2,16.14.794.9266,5,Blue,sup,Busio,,Karmine Corp,,Nautilus,0,1697,0,4,2,9,19,,,0.0457,7566,267.5,0.1142,26,0.92,72,2.55,11,0.39,,,,,,,,,,,,,,,,,,,,,,,,3865,21,4957,19,-1092,2,0,0,3,1,6,0,4920,22,6239,25,-1319,-3,0,0,3,1,7,0,6033,23,7710,31,-1677,-8,0,2,3,1,9,1,6950,24,9010,34,-2060,-10,0,2,3,1,9,1,1,1
lol-game-115548681803406289,partial,,LEC,2026,,0,2026-07-26 18:45:00,2,16.14.794.9266,,Blue,team,,,Karmine Corp,,,0,1697,9,19,14,9,19,0.318,0.99,,66226,,,1276,,134,,53,,,,,,,1,4,1,4,0,0,0,1,0,0,0,0,0,2,2,11,0,3,29402,609,34149,653,-4747,-44,2,3,10,10,16,2,40624,828,43346,849,-2722,-21,5,7,11,11,18,5,50492,995,53831,1036,-3339,-41,7,12,13,13,24,7,59851,1168,65777,1208,-5926,-40,8,13,16,16,29,8,1,1
lol-game-115548681803406289,partial,,LEC,2026,,0,2026-07-26 18:45:00,2,16.14.794.9266,6,Red,top,BrokenBlade,,G2 Esports,,Kled,1,1697,4,2,8,19,9,,,0.257,15091,533.6,0.2049,330,11.67,20,0.71,17,0.6,,,,,,,,,,,,,,,,,,,,,,,,7085,158,5700,152,1385,6,3,3,1,0,1,2,8675,201,7799,198,876,3,3,3,2,1,2,2,10862,256,9771,244,1091,12,3,5,2,1,3,2,13436,305,11270,277,2166,28,4,6,2,1,3,3,1,1
lol-game-115548681803406289,partial,,LEC,2026,,0,2026-07-26 18:45:00,2,16.14.794.9266,7,Red,jng,SkewMond,,G2 Esports,,Naafiri,1,1697,5,0,8,19,9,,,0.1863,16290,576.0,0.2212,304,10.75,13,0.46,15,0.53,,,,,,,,,,,,,,,,,,,,,,,,7353,141,6530,126,823,15,3,3,0,1,1,2,9250,183,9473,183,-223,0,3,4,0,2,1,2,11787,237,11383,211,404,26,4,4,0,2,2,3,14810,281,12886,239,1924,42,5,6,0,2,2,4,1,1
lol-game-115548681803406289,partial,,LEC,2026,,0,2026-07-26 18:45:00,2,16.14.794.9266,8,Red,mid,Caps,,G2 Esports,,Akali,1,1697,5,5,4,19,9,,,0.1467,14237,503.4,0.1933,278,9.83,11,0.39,6,0.21,,,,,,,,,,,,,,,,,,,,,,,,7789,161,6503,152,1286,9,3,3,1,1,1,2,9674,200,8444,189,1230,11,4,3,3,1,3,3,11269,231,10383,222,886,9,4,4,4,2,3,3,12844,260,12477,256,367,4,4,4,5,2,4,4,1,1
lol-game-115548681803406289,partial,,LEC,2026,,0,2026-07-26 18:45:00,2,16.14.794.9266,9,Red,bot,Hans Sama,,G2 Esports,,Ziggs,1,1697,4,0,5,19,9,,,0.3398,17864,631.6,0.2426,346,12.23,22,0.78,4,0.14,,,,,,,,,,,,,,,,,,,,,,,,6965,174,6804,158,161,16,0,1,0,0,0,1,9508,240,9988,236,-480,4,0,1,0,1,1,1,12203,281,12922,295,-719,-14,1,2,0,2,2,2,15677,328,16268,372,-591,-44,2,4,0,3,2,2,1,1
lol-game-115548681803406289,partial,,LEC,2026,,0,2026-07-26 18:45:00,2,16.14.794.9266,10,Red,sup,Labrov,,G2 Esports,,Shen,1,1697,1,2,12,19,9,,,0.0701,10159,359.2,0.138,35,1.24,65,2.3,23,0.81,,,,,,,,,,,,,,,,,,,,,,,,4957,19,3865,21,1092,-2,1,6,0,0,0,3,6239,25,4920,22,1319,3,1,7,0,0,0,3,7710,31,6033,23,1677,8,1,9,1,0,2,3,9010,34,6950,24,2060,10,1,9,1,0,2,3,1,1
lol-game-115548681803406289,partial,,LEC,2026,,0,2026-07-26 18:45:00,2,16.14.794.9266,,Red,team,,,G2 Esports,,,1,1697,19,9,37,19,9,0.672,0.99,,73641,,,1293,,131,,65,,,,,,,4,1,4,1,0,3,1,0,0,0,0,0,2,0,11,2,3,0,34149,653,29402,609,4747,44,10,16,2,2,3,10,43346,849,40624,828,2722,21,11,18,5,5,7,11,53831,1036,50492,995,3339,41,13,24,7,7,12,13,65777,1208,59851,1168,5926,40,16,29,8,8,13,16,1,1
lol-game-115548681803406290,partial,,LEC,2026,,0,2026-07-26 19:37:00,3,16.14.794.9266,1,Blue,top,BrokenBlade,,G2 Esports,,Anivia,0,2529,3,6,5,21,27,,,0.1949,15855,376.2,0.1867,325,7.71,27,0.64,12,0.28,,,,,,,,,,,,,,,,,,,,,,,,3732,101,4291,101,-559,0,0,0,1,1,0,0,6010,155,6511,158,-501,-3,0,0,1,1,1,0,8434,202,8731,215,-297,-13,1,2,1,1,1,1,9962,242,10458,265,-496,-23,1,2,2,1,2,1,1,1
lol-game-115548681803406290,partial,,LEC,2026,,0,2026-07-26 19:37:00,3,16.14.794.9266,2,Blue,jng,SkewMond,,G2 Esports,,Olaf,0,2529,5,3,8,21,27,,,0.2612,17130,406.4,0.2017,278,6.6,17,0.4,24,0.57,,,,,,,,,,,,,,,,,,,,,,,,4142,77,4201,86,-59,-9,1,2,0,1,0,0,6979,114,6389,119,590,-5,3,2,0,3,0,1,9150,151,8157,158,993,-7,3,6,0,3,0,2,11216,201,10109,201,1107,0,3,6,0,3,2,2,1,1
lol-game-115548681803406290,partial,,LEC,2026,,0,2026-07-26 19:37:00,3,16.14.794.9266,3,Blue,mid,Caps,,G2 Esports,,Galio,0,2529,0,7,6,21,27,,,0.087,14345,340.3,0.1689,323,7.66,11,0.26,12,0.28,,,,,,,,,,,,,,,,,,,,,,,,3586,99,4179,123,-593,-24,0,0,1,0,0,0,5246,140,5589,161,-343,-21,0,1,2,0,0,1,7129,183,7476,214,-347,-31,0,3,2,0,0,2,8498,212,9435,254,-937,-42,0,3,3,1,1,2,1,1
lol-game-115548681803406290,partial,,LEC,2026,,0,2026-07-26 19:37:00,3,16.14.794.9266,4,Blue,bot,Hans Sama,,G2 Esports,,Lucian,0,2529,13,5,4,21,27,,,0.4263,25871,613.8,0.3047,432,10.25,19,0.45,14,0.33,,,,,,,,,,,,,,,,,,,,,,,,5381,115,4734,106,647,9,3,0,1,1,1,2,7877,165,7001,156,876,9,4,0,2,2,1,3,12116,217,8968,201,3148,16,8,0,2,2,1,4,15055,278,12531,264,2524,14,9,0,2,4,2,4,1,1
lol-game-115548681803406290,partial,,LEC,2026,,0,2026-07-26 19:37:00,3,16.14.794.9266,5,Blue,sup,Labrov,,G2 Esports,,Taric,0,2529,0,6,17,21,27,,,0.0306,11715,277.9,0.138,44,1.04,81,1.92,20,0.47,,,,,,,,,,,,,,,,,,,,,,,,2709,13,2961,10,-252,3,0,2,0,0,3,2,4059,24,4341,18,-282,6,0,3,1,0,5,2,5688,28,5488,22,200,6,0,8,1,0,5,3,6882,29,6580,22,302,7,0,9,2,0,6,4,1,1
lol-game-115548681803406290,partial,,LEC,2026,,0,2026-07-26 19:37:00,3,16.14.794.9266,,Blue,team,,,G2 Esports,,,0,2529,21,27,40,21,27,0.498,1.139,,84916,,,1402,,155,,82,,,,,,,2,5,2,4,0,0,1,0,1,0,0,1,2,2,9,10,1,2,19550,405,20366,426,-816,-21,4,4,3,3,4,4,30171,598,29831,612,340,-14,7,6,6,6,7,7,42517,781,38820,810,3697,-29,12,19,6,6,7,12,51613,962,49113,1006,2500,-44,13,20,9,9,13,13,1,1
lol-game-115548681803406290,partial,,LEC,2026,,0,2026-07-26 19:37:00,3,16.14.794.9266,6,Red,top,Canna,,Karmine Corp,,Yone,1,2529,5,1,14,27,21,,,0.2794,21850,518.4,0.2283,460,10.91,24,0.57,12,0.28,,,,,,,,,,,,,,,,,,,,,,,,4291,101,3732,101,559,0,1,0,0,0,0,1,6511,158,6010,155,501,3,1,1,0,0,0,1,8731,215,8434,202,297,13,1,1,1,1,2,1,10458,265,9962,242,496,23,1,2,1,1,2,2,1,1
lol-game-115548681803406290,partial,,LEC,2026,,0,2026-07-26 19:37:00,3,16.14.794.9266,7,Red,jng,Yike,,Karmine Corp,,Wukong,1,2529,8,2,13,27,21,,,0.148,19726,468.0,0.2061,316,7.5,11,0.26,17,0.4,,,,,,,,,,,,,,,,,,,,,,,,4201,86,4142,77,59,9,1,0,0,1,2,0,6389,119,6979,114,-590,5,3,0,1,3,2,0,8157,158,9150,151,-993,7,3,0,2,3,6,0,10109,201,11216,201,-1107,0,3,2,2,3,6,0,1,1
lol-game-115548681803406290,partial,,LEC,2026,,0,2026-07-26 19:37:00,3,16.14.794.9266,8,Red,mid,kyeahoo,,Karmine Corp,,Cassiopeia,1,2529,3,5,14,27,21,,,0.1632,16593,393.7,0.1733,342,8.11,16,0.38,10,0.24,,,,,,,,,,,,,,,,,,,,,,,,4179,123,3586,99,593,24,0,0,0,0,0,1,5589,161,5246,140,343,21,0,0,1,0,1,2,7476,214,7129,183,347,31,0,0,2,0,3,2,9435,254,8498,212,937,42,1,1,2,0,3,3,1,1
lol-game-115548681803406290,partial,,LEC,2026,,0,2026-07-26 19:37:00,3,16.14.794.9266,9,Red,bot,Caliste,,Karmine Corp,,Caitlyn,1,2529,10,7,7,27,21,,,0.2882,25758,611.1,0.2691,447,10.6,20,0.47,23,0.55,,,,,,,,,,,,,,,,,,,,,,,,4734,106,5381,115,-647,-9,1,1,2,3,0,1,7001,156,7877,165,-876,-9,2,1,3,4,0,2,8968,201,12116,217,-3148,-16,2,1,4,8,0,2,12531,264,15055,278,-2524,-14,4,2,4,9,0,2,1,1
lol-game-115548681803406290,partial,,LEC,2026,,0,2026-07-26 19:37:00,3,16.14.794.9266,10,Red,sup,Busio,,Karmine Corp,,Camille,1,2529,1,6,13,27,21,,,0.1211,11796,279.9,0.1232,40,0.95,103,2.44,18,0.43,,,,,,,,,,,,,,,,,,,,,,,,2961,10,2709,13,252,-3,0,3,2,0,2,0,4341,18,4059,24,282,-6,0,5,2,0,3,1,5488,22,5688,28,-200,-6,0,5,3,0,8,1,6580,22,6882,29,-302,-7,0,6,4,0,9,2,1,1
lol-game-115548681803406290,partial,,LEC,2026,,0,2026-07-26 19:37:00,3,16.14.794.9266,,Red,team,,,Karmine Corp,,,1,2529,27,21,61,27,21,0.641,1.139,,95723,,,1605,,174,,80,,,,,,,5,2,4,2,1,0,0,0,3,0,1,0,2,2,10,9,2,1,20366,426,19550,405,816,21,3,4,4,4,4,3,29831,612,30171,598,-340,14,6,7,7,7,6,6,38820,810,42517,781,-3697,29,6,7,12,12,19,6,49113,1006,51613,962,-2500,44,9,13,13,13,20,9,1,1
lol-game-115564797163821180,partial,,LCS,2026,,0,2026-07-25 22:08:00,1,16.14.794.9266,1,Blue,top,Impact,,Sentinels,,K'Sante,0,1951,1,3,6,20,20,,,0.1362,13235,407.0,0.1917,286,8.8,16,0.49,3,0.09,,,,,,,,,,,,,,,,,,,,,,,,5076,127,4424,114,652,13,1,0,0,0,0,1,7116,181,6258,164,858,17,1,0,0,0,0,1,8544,210,7868,205,676,5,1,0,1,0,3,1,10464,236,9597,240,867,-4,1,4,1,0,4,3,1,1
lol-game-115564797163821180,partial,,LCS,2026,,0,2026-07-25 22:08:00,1,16.14.794.9266,2,Blue,jng,HamBak,,Sentinels,,Naafiri,0,1951,8,2,9,20,20,,,0.2514,14784,454.7,0.2142,255,7.84,11,0.34,10,0.31,,,,,,,,,,,,,,,,,,,,,,,,5846,104,4906,95,940,9,4,3,0,1,2,4,7588,145,6991,140,597,5,4,3,0,1,3,4,9712,192,8459,165,1253,27,5,3,0,1,5,5,12138,220,10184,198,1954,22,7,6,0,1,6,6,1,1
lol-game-115564797163821180,partial,,LCS,2026,,0,2026-07-25 22:08:00,1,16.14.794.9266,3,Blue,mid,DARKWINGS,,Sentinels,,Sylas,0,1951,6,6,4,20,20,,,0.2163,14953,459.9,0.2166,313,9.63,11,0.34,15,0.46,,,,,,,,,,,,,,,,,,,,,,,,5002,119,5540,137,-538,-18,1,2,2,1,1,0,7248,173,7492,184,-244,-11,1,2,2,2,1,0,8972,229,9760,233,-788,-4,1,2,3,4,2,0,12131,269,12634,286,-503,-17,4,3,4,6,2,0,1,1
lol-game-115564797163821180,partial,,LCS,2026,,0,2026-07-25 22:08:00,1,16.14.794.9266,4,Blue,bot,Rahel,,Sentinels,,Ezreal,0,1951,3,2,9,20,20,,,0.3291,16446,505.8,0.2382,362,11.13,20,0.62,16,0.49,,,,,,,,,,,,,,,,,,,,,,,,6301,140,5457,135,844,5,1,4,0,1,1,1,8914,213,7685,204,1229,9,1,4,0,1,1,1,10825,260,10374,265,451,-5,1,5,0,2,1,1,13179,310,12223,302,956,8,1,8,0,2,3,3,1,1
lol-game-115564797163821180,partial,,LCS,2026,,0,2026-07-25 22:08:00,1,16.14.794.9266,5,Blue,sup,huhi,,Sentinels,,Nautilus,0,1951,2,7,11,20,20,,,0.067,9614,295.7,0.1393,33,1.01,80,2.46,19,0.58,,,,,,,,,,,,,,,,,,,,,,,,3741,16,3299,15,442,1,1,4,1,0,2,2,4963,21,4419,19,544,2,1,4,2,0,3,2,5920,22,5652,22,268,0,1,4,3,0,6,2,7656,26,6879,22,777,4,2,7,4,0,8,3,1,1
lol-game-115564797163821180,partial,,LCS,2026,,0,2026-07-25 22:08:00,1,16.14.794.9266,,Blue,team,,,Sentinels,,,0,1951,20,20,39,20,20,0.615,1.23,,69032,,,1249,,138,,63,,,,,,,4,1,4,1,0,0,1,0,3,0,0,0,0,2,4,6,0,1,25966,506,23626,496,2340,10,8,13,3,3,6,8,35829,733,32845,711,2984,22,8,13,4,4,8,8,43973,913,42113,890,1860,23,9,14,7,7,17,9,55568,1061,51517,1048,4051,13,15,28,9,9,23,15,1,1
lol-game-115564797163821180,partial,,LCS,2026,,0,2026-07-25 22:08:00,1,16.14.794.9266,6,Red,top,Denathor,,Dignitas,,Jayce,1,1951,2,4,9,20,20,,,0.1792,14204,436.8,0.193,292,8.98,13,0.4,9,0.28,,,,,,,,,,,,,,,,,,,,,,,,4424,114,5076,127,-652,-13,0,0,1,1,0,0,6258,164,7116,181,-858,-17,0,0,1,1,0,0,7868,205,8544,210,-676,-5,0,3,1,1,0,1,9597,240,10464,236,-867,4,0,4,3,1,4,1,1,1
lol-game-115564797163821180,partial,,LCS,2026,,0,2026-07-25 22:08:00,1,16.14.794.9266,7,Red,jng,eXyu,,Dignitas,,Jarvan IV,1,1951,2,6,16,20,20,,,0.1629,13889,427.1,0.1887,237,7.29,8,0.25,26,0.8,,,,,,,,,,,,,,,,,,,,,,,,4906,95,5846,104,-940,-9,1,2,4,4,3,0,6991,140,7588,145,-597,-5,1,3,4,4,3,0,8459,165,9712,192,-1253,-27,1,5,5,5,3,0,10184,198,12138,220,-1954,-22,1,6,6,7,6,0,1,1
lol-game-115564797163821180,partial,,LCS,2026,,0,2026-07-25 22:08:00,1,16.14.794.9266,8,Red,mid,Palafox,,Dignitas,,Orianna,1,1951,8,1,11,20,20,,,0.2385,16901,519.8,0.2296,337,10.36,16,0.49,9,0.28,,,,,,,,,,,,,,,,,,,,,,,,5540,137,5002,119,538,18,1,1,0,1,2,2,7492,184,7248,173,244,11,2,1,0,1,2,2,9760,233,8972,229,788,4,4,2,0,1,2,3,12634,286,12131,269,503,17,6,2,0,4,3,4,1,1
lol-game-115564797163821180,partial,,LCS,2026,,0,2026-07-25 22:08:00,1,16.14.794.9266,9,Red,bot,FBI,,Dignitas,,Caitlyn,1,1951,8,4,8,20,20,,,0.3564,19398,596.6,0.2635,363,11.16,16,0.49,12,0.37,,,,,,,,,,,,,,,,,,,,,,,,5457,135,6301,140,-844,-5,1,1,1,1,4,0,7685,204,8914,213,-1229,-9,1,1,1,1,4,0,10374,265,10825,260,-451,5,2,1,1,1,5,0,12223,302,13179,310,-956,-8,2,3,3,1,8,0,1,1
lol-game-115564797163821180,partial,,LCS,2026,,0,2026-07-25 22:08:00,1,16.14.794.9266,10,Red,sup,IgNar,,Dignitas,,Karma,1,1951,0,5,18,20,20,,,0.063,9222,283.6,0.1253,26,0.8,83,2.55,13,0.4,,,,,,,,,,,,,,,,,,,,,,,,3299,15,3741,16,-442,-1,0,2,2,1,4,1,4419,19,4963,21,-544,-2,0,3,2,1,4,2,5652,22,5920,22,-268,0,0,6,2,1,4,3,6879,22,7656,26,-777,-4,0,8,3,2,7,4,1,1
lol-game-115564797163821180,partial,,LCS,2026,,0,2026-07-25 22:08:00,1,16.14.794.9266,,Red,team,,,Dignitas,,,1,1951,20,20,62,20,20,0.615,1.23,,73614,,,1255,,136,,69,,,,,,,1,4,1,4,0,1,0,0,0,0,0,0,2,0,6,4,1,0,23626,496,25966,506,-2340,-10,3,6,8,8,13,3,32845,711,35829,733,-2984,-22,4,8,8,8,13,4,42113,890,43973,913,-1860,-23,7,17,9,9,14,7,51517,1048,55568,1061,-4051,-13,9,23,15,15,28,9,1,1
lol-game-115564797163821181,partial,,LCS,2026,,0,2026-07-25 23:05:00,2,16.14.794.9266,1,Blue,top,Denathor,,Dignitas,,Gnar,0,1257,2,4,1,4,17,,,0.2409,9920,473.5,0.2209,218,10.41,10,0.48,8,0.38,,,,,,,,,,,,,,,,,,,,,,,,5072,121,5557,123,-485,-2,1,0,2,2,0,0,6939,174,7540,182,-601,-8,1,0,2,2,0,0,9803,218,9815,210,-12,8,2,1,3,3,3,1,,,,,,,,,,,,,1,1
lol-game-115564797163821181,partial,,LCS,2026,,0,2026-07-25 23:05:00,2,16.14.794.9266,2,Blue,jng,eXyu,,Dignitas,,Pantheon,0,1257,1,4,2,4,17,,,0.1543,10239,488.7,0.228,205,9.79,7,0.33,8,0.38,,,,,,,,,,,,,,,,,,,,,,,,5882,135,7890,133,-2008,2,0,2,1,4,1,0,7684,172,10102,179,-2418,-7,0,2,1,4,2,0,10046,204,13639,219,-3593,-15,1,2,3,7,3,1,,,,,,,,,,,,,1,1
lol-game-115564797163821181,partial,,LCS,2026,,0,2026-07-25 23:05:00,2,16.14.794.9266,3,Blue,mid,Palafox,,Dignitas,,Syndra,0,1257,1,5,2,4,17,,,0.2659,8806,420.3,0.1961,217,10.36,15,0.72,1,0.05,,,,,,,,,,,,,,,,,,,,,,,,5615,139,6218,150,-603,-11,1,1,2,0,3,2,7413,193,8700,208,-1287,-15,1,1,3,1,3,2,8668,216,11902,250,-3234,-34,1,2,4,3,6,2,,,,,,,,,,,,,1,1
lol-game-115564797163821181,partial,,LCS,2026,,0,2026-07-25 23:05:00,2,16.14.794.9266,4,Blue,bot,FBI,,Dignitas,,Lucian,0,1257,0,3,0,4,17,,,0.2882,9968,475.8,0.222,277,13.22,14,0.67,5,0.24,,,,,,,,,,,,,,,,,,,,,,,,5605,151,5930,154,-325,-3,0,0,1,0,1,0,7934,224,7991,209,-57,15,0,0,1,0,1,0,9804,274,10980,264,-1176,10,0,0,2,0,5,0,,,,,,,,,,,,,1,1
lol-game-115564797163821181,partial,,LCS,2026,,0,2026-07-25 23:05:00,2,16.14.794.9266,5,Blue,sup,IgNar,,Dignitas,,Milio,0,1257,0,1,2,4,17,,,0.0507,5974,285.2,0.133,21,1.0,52,2.48,10,0.48,,,,,,,,,,,,,,,,,,,,,,,,3548,19,4007,28,-459,-9,0,0,0,0,3,0,4523,20,5176,31,-653,-11,0,0,0,0,4,0,5805,21,6994,39,-1189,-18,0,2,1,0,9,0,,,,,,,,,,,,,1,1
lol-game-115564797163821181,partial,,LCS,2026,,0,2026-07-25 23:05:00,2,16.14.794.9266,,Blue,team,,,Dignitas,,,0,1257,4,17,7,4,17,0.191,1.002,,44907,,,938,,98,,32,,,,,,,0,4,0,4,0,0,0,0,0,0,0,0,0,1,2,9,0,1,25722,565,29602,588,-3880,-23,2,3,6,6,8,2,34493,783,39509,809,-5016,-26,2,3,7,7,10,2,44126,933,53330,982,-9204,-49,4,7,13,13,26,4,,,,,,,,,,,,,1,1
lol-game-115564797163821181,partial,,LCS,2026,,0,2026-07-25 23:05:00,2,16.14.794.9266,6,Red,top,Impact,,Sentinels,,Malphite,1,1257,3,1,5,17,4,,,0.2052,10501,501.2,0.181,215,10.26,12,0.57,3,0.14,,,,,,,,,,,,,,,,,,,,,,,,5557,123,5072,121,485,2,2,0,0,1,0,2,7540,182,6939,174,601,8,2,0,0,1,0,2,9815,210,9803,218,12,-8,3,3,1,2,1,3,,,,,,,,,,,,,1,1
lol-game-115564797163821181,partial,,LCS,2026,,0,2026-07-25 23:05:00,2,16.14.794.9266,7,Red,jng,HamBak,,Sentinels,,Qiyana,1,1257,11,1,3,17,4,,,0.2964,15781,753.3,0.272,224,10.69,5,0.24,12,0.57,,,,,,,,,,,,,,,,,,,,,,,,7890,133,5882,135,2008,-2,4,1,0,0,2,1,10102,179,7684,172,2418,7,4,2,0,0,2,1,13639,219,10046,204,3593,15,7,3,1,1,2,3,,,,,,,,,,,,,1,1
lol-game-115564797163821181,partial,,LCS,2026,,0,2026-07-25 23:05:00,2,16.14.794.9266,8,Red,mid,DARKWINGS,,Sentinels,,Viktor,1,1257,3,2,9,17,4,,,0.312,12514,597.3,0.2157,256,12.22,12,0.57,5,0.24,,,,,,,,,,,,,,,,,,,,,,,,6218,150,5615,139,603,11,0,3,2,1,1,2,8700,208,7413,193,1287,15,1,3,2,1,1,3,11902,250,8668,216,3234,34,3,6,2,1,2,4,,,,,,,,,,,,,1,1
lol-game-115564797163821181,partial,,LCS,2026,,0,2026-07-25 23:05:00,2,16.14.794.9266,9,Red,bot,Rahel,,Sentinels,,Jhin,1,1257,0,0,7,17,4,,,0.1226,11650,556.1,0.2008,270,12.89,12,0.57,8,0.38,,,,,,,,,,,,,,,,,,,,,,,,5930,154,5605,151,325,3,0,1,0,0,0,1,7991,209,7934,224,57,-15,0,1,0,0,0,1,10980,264,9804,274,1176,-10,0,5,0,0,0,2,,,,,,,,,,,,,1,1
lol-game-115564797163821181,partial,,LCS,2026,,0,2026-07-25 23:05:00,2,16.14.794.9266,10,Red,sup,huhi,,Sentinels,,Bard,1,1257,0,0,12,17,4,,,0.0639,7566,361.1,0.1304,39,1.86,45,2.15,20,0.95,,,,,,,,,,,,,,,,,,,,,,,,4007,28,3548,19,459,9,0,3,0,0,0,0,5176,31,4523,20,653,11,0,4,0,0,0,0,6994,39,5805,21,1189,18,0,9,0,0,2,1,,,,,,,,,,,,,1,1
lol-game-115564797163821181,partial,,LCS,2026,,0,2026-07-25 23:05:00,2,16.14.794.9266,,Red,team,,,Sentinels,,,1,1257,17,4,36,17,4,0.811,1.002,,58012,,,1004,,86,,48,,,,,,,4,0,4,0,2,0,1,0,1,0,0,0,1,0,9,2,1,0,29602,588,25722,565,3880,23,6,8,2,2,3,6,39509,809,34493,783,5016,26,7,10,2,2,3,7,53330,982,44126,933,9204,49,13,26,4,4,7,13,,,,,,,,,,,,,1,1
lol-game-115564797163821182,partial,,LCS,2026,,0,2026-07-25 23:45:05,3,16.14.794.9266,1,Blue,top,Impact,,Sentinels,,Shen,1,1788,3,3,15,31,13,,,0.2123,11482,385.3,0.1727,215,7.21,12,0.4,2,0.07,,,,,,,,,,,,,,,,,,,,,,,,3467,77,3630,97,-163,-20,1,1,0,0,0,0,5577,120,5361,151,216,-31,2,2,0,0,0,0,7748,168,7101,180,647,-12,2,6,1,0,2,2,9124,183,8401,196,723,-13,2,12,3,0,6,3,1,1
lol-game-115564797163821182,partial,,LCS,2026,,0,2026-07-25 23:45:05,3,16.14.794.9266,2,Blue,jng,HamBak,,Sentinels,,Vi,1,1788,8,2,12,31,13,,,0.1948,14540,487.9,0.2187,222,7.45,8,0.27,13,0.44,,,,,,,,,,,,,,,,,,,,,,,,4322,88,3241,61,1081,27,2,1,0,0,1,2,6319,133,4821,95,1498,38,2,3,0,0,1,3,9132,172,7211,138,1921,34,4,6,2,0,5,4,11215,195,8649,157,2566,38,6,8,2,0,9,6,1,1
lol-game-115564797163821182,partial,,LCS,2026,,0,2026-07-25 23:45:05,3,16.14.794.9266,3,Blue,mid,DARKWINGS,,Sentinels,,Taliyah,1,1788,6,2,14,31,13,,,0.208,13367,448.6,0.201,236,7.92,13,0.44,5,0.17,,,,,,,,,,,,,,,,,,,,,,,,3503,81,3547,88,-44,-7,0,2,1,1,0,2,6168,136,5192,138,976,-2,1,2,1,1,0,2,8873,181,7649,193,1224,-12,3,7,1,1,2,2,11127,208,9887,231,1240,-23,5,10,1,3,4,3,1,1
lol-game-115564797163821182,partial,,LCS,2026,,0,2026-07-25 23:45:05,3,16.14.794.9266,4,Blue,bot,Rahel,,Sentinels,,Zeri,1,1788,14,2,7,31,13,,,0.3221,18342,615.5,0.2758,283,9.5,14,0.47,9,0.3,,,,,,,,,,,,,,,,,,,,,,,,3997,66,3260,80,737,-14,3,0,0,0,0,1,7096,128,5259,125,1837,3,3,0,0,0,0,2,10792,182,9486,175,1306,7,7,2,1,3,1,4,13721,220,11818,213,1903,7,10,6,2,5,3,5,1,1
lol-game-115564797163821182,partial,,LCS,2026,,0,2026-07-25 23:45:05,3,16.14.794.9266,5,Blue,sup,huhi,,Sentinels,,Leona,1,1788,0,4,21,31,13,,,0.0629,8764,294.1,0.1318,28,0.94,62,2.08,15,0.5,,,,,,,,,,,,,,,,,,,,,,,,2832,9,2180,9,652,0,0,5,0,0,0,1,3995,13,3058,10,937,3,0,7,0,0,0,1,5357,19,6021,14,-664,5,0,11,1,2,0,4,6811,25,7297,19,-486,6,0,16,2,2,3,6,1,1
lol-game-115564797163821182,partial,,LCS,2026,,0,2026-07-25 23:45:05,3,16.14.794.9266,,Blue,team,,,Sentinels,,,1,1788,31,13,69,31,13,1.04,1.477,,66495,,,984,,109,,44,,,,,,,3,1,3,1,1,1,1,0,0,0,0,0,1,0,10,2,1,0,18121,321,15858,335,2263,-14,6,9,1,1,1,6,29155,530,23691,519,5464,11,8,14,1,1,1,8,41902,722,37468,700,4434,22,16,32,6,6,10,16,51998,831,46052,816,5946,15,23,52,10,10,25,23,1,1
lol-game-115564797163821182,partial,,LCS,2026,,0,2026-07-25 23:45:05,3,16.14.794.9266,6,Red,top,Denathor,,Dignitas,,Ambessa,0,1788,0,5,7,13,31,,,0.2267,9623,322.9,0.1748,222,7.45,15,0.5,1,0.03,,,,,,,,,,,,,,,,,,,,,,,,3630,97,3467,77,163,20,0,0,0,1,1,0,5361,151,5577,120,-216,31,0,0,0,2,2,0,7101,180,7748,168,-647,12,0,2,2,2,6,1,8401,196,9124,183,-723,13,0,6,3,2,12,3,1,1
lol-game-115564797163821182,partial,,LCS,2026,,0,2026-07-25 23:45:05,3,16.14.794.9266,7,Red,jng,eXyu,,Dignitas,,Trundle,0,1788,1,7,11,13,31,,,0.0846,10471,351.4,0.1902,182,6.11,8,0.27,16,0.54,,,,,,,,,,,,,,,,,,,,,,,,3241,61,4322,88,-1081,-27,0,1,2,2,1,0,4821,95,6319,133,-1498,-38,0,1,3,2,3,0,7211,138,9132,172,-1921,-34,0,5,4,4,6,2,8649,157,11215,195,-2566,-38,0,9,6,6,8,2,1,1
lol-game-115564797163821182,partial,,LCS,2026,,0,2026-07-25 23:45:05,3,16.14.794.9266,8,Red,mid,Palafox,,Dignitas,,Ryze,0,1788,4,4,6,13,31,,,0.2302,12605,423.0,0.229,269,9.03,14,0.47,9,0.3,,,,,,,,,,,,,,,,,,,,,,,,3547,88,3503,81,44,7,1,0,2,0,2,1,5192,138,6168,136,-976,2,1,0,2,1,2,1,7649,193,8873,181,-1224,12,1,2,2,3,7,1,9887,231,11127,208,-1240,23,3,4,3,5,10,1,1,1
lol-game-115564797163821182,partial,,LCS,2026,,0,2026-07-25 23:45:05,3,16.14.794.9266,9,Red,bot,FBI,,Dignitas,,Ziggs,0,1788,5,7,5,13,31,,,0.36,13583,455.8,0.2468,241,8.09,15,0.5,2,0.07,,,,,,,,,,,,,,,,,,,,,,,,3260,80,3997,66,-737,14,0,0,1,3,0,0,5259,125,7096,128,-1837,-3,0,0,2,3,0,0,9486,175,10792,182,-1306,-7,3,1,4,7,2,1,11818,213,13721,220,-1903,-7,5,3,5,10,6,2,1,1
lol-game-115564797163821182,partial,,LCS,2026,,0,2026-07-25 23:45:05,3,16.14.794.9266,10,Red,sup,IgNar,,Dignitas,,Camille,0,1788,3,8,4,13,31,,,0.0985,8758,293.9,0.1591,21,0.7,60,2.01,10,0.34,,,,,,,,,,,,,,,,,,,,,,,,2180,9,2832,9,-652,0,0,0,1,0,5,0,3058,10,3995,13,-937,-3,0,0,1,0,7,0,6021,14,5357,19,664,-5,2,0,4,0,11,1,7297,19,6811,25,486,-6,2,3,6,0,16,2,1,1
lol-game-115564797163821182,partial,,LCS,2026,,0,2026-07-25 23:45:05,3,16.14.794.9266,,Red,team,,,Dignitas,,,0,1788,13,31,33,13,31,0.436,1.477,,55040,,,935,,112,,38,,,,,,,1,3,1,3,0,0,1,0,0,0,0,0,0,1,2,10,0,1,15858,335,18121,321,-2263,14,1,1,6,6,9,1,23691,519,29155,530,-5464,-11,1,1,8,8,14,1,37468,700,41902,722,-4434,-22,6,10,16,16,32,6,46052,816,51998,831,-5946,-15,10,25,23,23,52,10,1,1
lol-game-115564797163821200,partial,,LCS,2026,,0,2026-08-02 22:04:00,1,16.15.800.4844,1,Blue,top,Morgan,,Team Liquid Alienware,,Ambessa,1,1012,1,1,7,15,2,,,0.2138,9669,573.3,0.1831,215,12.75,7,0.42,2,0.12,,,,,,,,,,,,,,,,,,,,,,,,6179,157,5222,140,957,17,0,3,0,0,0,0,8110,196,7145,193,965,3,0,4,1,0,0,1,,,,,,,,,,,,,,,,,,,,,,,,,1,1
lol-game-115564797163821200,partial,,LCS,2026,,0,2026-08-02 22:04:00,1,16.15.800.4844,2,Blue,jng,Josedeodo,,Team Liquid Alienware,,Xin Zhao,1,1012,1,0,9,15,2,,,0.144,10407,617.0,0.1971,198,11.74,9,0.53,10,0.59,,,,,,,,,,,,,,,,,,,,,,,,6461,143,5497,129,964,14,0,3,0,0,0,1,9241,190,6832,153,2409,37,1,6,0,0,1,2,,,,,,,,,,,,,,,,,,,,,,,,,1,1
lol-game-115564797163821200,partial,,LCS,2026,,0,2026-08-02 22:04:00,1,16.15.800.4844,3,Blue,mid,Quid,,Team Liquid Alienware,,Sylas,1,1012,5,0,6,15,2,,,0.243,11604,688.0,0.2197,238,14.11,4,0.24,7,0.42,,,,,,,,,,,,,,,,,,,,,,,,6910,162,6319,166,591,-4,2,3,0,1,0,2,9308,227,8508,211,800,16,2,4,0,2,0,3,,,,,,,,,,,,,,,,,,,,,,,,,1,1
lol-game-115564797163821200,partial,,LCS,2026,,0,2026-08-02 22:04:00,1,16.15.800.4844,4,Blue,bot,Yeon,,Team Liquid Alienware,,Ezreal,1,1012,7,1,3,15,2,,,0.3504,14261,845.5,0.27,232,13.75,9,0.53,6,0.36,,,,,,,,,,,,,,,,,,,,,,,,8276,160,6397,154,1879,6,2,1,1,0,1,1,12228,218,8406,209,3822,9,5,2,1,0,2,2,,,,,,,,,,,,,,,,,,,,,,,,,1,1
lol-game-115564797163821200,partial,,LCS,2026,,0,2026-08-02 22:04:00,1,16.15.800.4844,5,Blue,sup,CoreJJ,,Team Liquid Alienware,,Leona,1,1012,1,0,9,15,2,,,0.0488,6868,407.2,0.1301,28,1.66,41,2.43,14,0.83,,,,,,,,,,,,,,,,,,,,,,,,4180,21,4015,33,165,-12,1,2,0,0,1,1,5802,27,5201,39,601,-12,1,5,0,0,2,1,,,,,,,,,,,,,,,,,,,,,,,,,1,1
lol-game-115564797163821200,partial,,LCS,2026,,0,2026-08-02 22:04:00,1,16.15.800.4844,,Blue,team,,,Team Liquid Alienware,,,1,1012,15,2,34,15,2,0.889,1.008,,52809,,,911,,70,,39,,,,,,,2,1,2,1,0,0,1,1,0,0,0,0,1,0,9,0,2,0,32006,643,27450,622,4556,21,5,12,1,1,2,5,44689,858,36092,805,8597,53,9,21,2,2,5,9,,,,,,,,,,,,,,,,,,,,,,,,,1,1
lol-game-115564797163821200,partial,,LCS,2026,,0,2026-08-02 22:04:00,1,16.15.800.4844,6,Red,top,Impact,,Sentinels,,Gnar,0,1012,0,3,0,2,15,,,0.3167,7397,438.6,0.1946,194,11.5,11,0.65,3,0.18,,,,,,,,,,,,,,,,,,,,,,,,5222,140,6179,157,-957,-17,0,0,0,0,3,0,7145,193,8110,196,-965,-3,0,0,1,0,4,1,,,,,,,,,,,,,,,,,,,,,,,,,1,1
lol-game-115564797163821200,partial,,LCS,2026,,0,2026-08-02 22:04:00,1,16.15.800.4844,7,Red,jng,HamBak,,Sentinels,,Jarvan IV,0,1012,0,3,1,2,15,,,0.0736,7238,429.1,0.1904,159,9.43,6,0.36,8,0.47,,,,,,,,,,,,,,,,,,,,,,,,5497,129,6461,143,-964,-14,0,0,1,0,3,0,6832,153,9241,190,-2409,-37,0,1,2,1,6,0,,,,,,,,,,,,,,,,,,,,,,,,,1,1
lol-game-115564797163821200,partial,,LCS,2026,,0,2026-08-02 22:04:00,1,16.15.800.4844,8,Red,mid,DARKWINGS,,Sentinels,,Ryze,0,1012,2,4,0,2,15,,,0.3437,8881,526.5,0.2336,218,12.92,11,0.65,4,0.24,,,,,,,,,,,,,,,,,,,,,,,,6319,166,6910,162,-591,4,1,0,2,2,3,0,8508,211,9308,227,-800,-16,2,0,3,2,4,0,,,,,,,,,,,,,,,,,,,,,,,,,1,1
lol-game-115564797163821200,partial,,LCS,2026,,0,2026-08-02 22:04:00,1,16.15.800.4844,9,Red,bot,Rahel,,Sentinels,,Kai'Sa,0,1012,0,3,2,2,15,,,0.2124,8891,527.1,0.2339,220,13.04,10,0.59,9,0.53,,,,,,,,,,,,,,,,,,,,,,,,6397,154,8276,160,-1879,-6,0,1,1,2,1,1,8406,209,12228,218,-3822,-9,0,2,2,5,2,1,,,,,,,,,,,,,,,,,,,,,,,,,1,1
lol-game-115564797163821200,partial,,LCS,2026,,0,2026-08-02 22:04:00,1,16.15.800.4844,10,Red,sup,huhi,,Sentinels,,Rakan,0,1012,0,2,2,2,15,,,0.0536,5605,332.3,0.1475,40,2.37,40,2.37,12,0.71,,,,,,,,,,,,,,,,,,,,,,,,4015,33,4180,21,-165,12,0,1,1,1,2,0,5201,39,5802,27,-601,12,0,2,1,1,5,0,,,,,,,,,,,,,,,,,,,,,,,,,1,1
lol-game-115564797163821200,partial,,LCS,2026,,0,2026-08-02 22:04:00,1,16.15.800.4844,,Red,team,,,Sentinels,,,0,1012,2,15,5,2,15,0.119,1.008,,38012,,,831,,78,,36,,,,,,,1,2,1,2,1,0,0,0,0,0,0,0,0,1,0,9,0,2,27450,622,32006,643,-4556,-21,1,2,5,5,12,1,36092,805,44689,858,-8597,-53,2,5,9,9,21,2,,,,,,,,,,,,,,,,,,,,,,,,,1,1
lol-game-115564797163821201,partial,,LCS,2026,,0,2026-08-02 22:47:00,2,16.15.800.4844,1,Blue,top,Morgan,,Team Liquid Alienware,,Ornn,1,1528,3,3,10,17,12,,,0.1624,11670,458.2,0.1776,222,8.72,12,0.47,7,0.27,,,,,,,,,,,,,,,,,,,,,,,,5794,132,6762,166,-968,-34,1,2,2,1,2,1,7192,166,8879,202,-1687,-36,1,3,2,1,2,1,8681,186,10407,214,-1726,-28,2,4,3,2,5,2,11390,220,12223,247,-833,-27,3,9,3,2,5,4,1,1
lol-game-115564797163821201,partial,,LCS,2026,,0,2026-08-02 22:47:00,2,16.15.800.4844,2,Blue,jng,Josedeodo,,Team Liquid Alienware,,Naafiri,1,1528,2,1,14,17,12,,,0.1854,13710,538.4,0.2087,256,10.05,8,0.31,13,0.51,,,,,,,,,,,,,,,,,,,,,,,,6337,123,7032,139,-695,-16,1,2,0,3,3,2,8469,176,8991,166,-522,10,1,3,0,4,3,3,10059,204,11123,186,-1064,18,1,6,1,6,5,3,13031,256,12697,220,334,36,1,14,1,6,5,4,1,1
lol-game-115564797163821201,partial,,LCS,2026,,0,2026-08-02 22:47:00,2,16.15.800.4844,3,Blue,mid,Quid,,Team Liquid Alienware,,Orianna,1,1528,1,2,15,17,12,,,0.2574,13035,511.8,0.1984,297,11.66,16,0.63,9,0.35,,,,,,,,,,,,,,,,,,,,,,,,6204,177,5881,154,323,23,0,2,1,0,5,0,8364,227,7830,209,534,18,1,2,1,0,5,0,9906,256,8978,227,928,29,1,6,2,0,7,2,12716,293,10469,259,2247,34,1,14,2,0,7,4,1,1
lol-game-115564797163821201,partial,,LCS,2026,,0,2026-08-02 22:47:00,2,16.15.800.4844,4,Blue,bot,Yeon,,Team Liquid Alienware,,Kalista,1,1528,10,3,4,17,12,,,0.3389,18078,709.9,0.2752,332,13.04,14,0.55,9,0.35,,,,,,,,,,,,,,,,,,,,,,,,6981,173,6616,155,365,18,1,0,1,2,2,0,9120,234,9307,221,-187,13,1,1,2,2,3,0,12108,264,11984,276,124,-12,4,2,3,4,5,1,17550,326,13459,308,4091,18,10,3,3,4,5,3,1,1
lol-game-115564797163821201,partial,,LCS,2026,,0,2026-08-02 22:47:00,2,16.15.800.4844,5,Blue,sup,CoreJJ,,Team Liquid Alienware,,Renata,1,1528,1,3,14,17,12,,,0.0558,9199,361.2,0.14,46,1.81,57,2.24,24,0.94,,,,,,,,,,,,,,,,,,,,,,,,4023,25,3959,22,64,3,0,1,2,0,5,0,5238,34,5042,23,196,11,0,2,2,0,5,0,6643,41,6386,26,257,15,0,6,3,0,10,0,8891,45,7476,32,1415,13,1,13,3,0,10,1,1,1
lol-game-115564797163821201,partial,,LCS,2026,,0,2026-08-02 22:47:00,2,16.15.800.4844,,Blue,team,,,Team Liquid Alienware,,,1,1528,17,12,57,17,12,0.668,1.139,,65692,,,1153,,107,,62,,,,,,,2,3,2,3,0,0,2,0,0,0,0,0,1,0,7,3,1,0,29339,630,30250,636,-911,-6,3,7,6,6,17,3,38383,837,40049,821,-1666,16,4,11,7,7,18,4,47397,951,48878,929,-1481,22,8,24,12,12,32,8,63578,1140,56324,1066,7254,74,16,53,12,12,32,16,1,1
lol-game-115564797163821201,partial,,LCS,2026,,0,2026-08-02 22:47:00,2,16.15.800.4844,6,Red,top,Impact,,Sentinels,,Rumble,0,1528,2,4,5,12,17,,,0.2672,12282,482.3,0.2168,247,9.7,19,0.75,0,0.0,,,,,,,,,,,,,,,,,,,,,,,,6762,166,5794,132,968,34,1,2,1,1,2,2,8879,202,7192,166,1687,36,1,2,1,1,3,2,10407,214,8681,186,1726,28,2,5,2,2,4,3,12223,247,11390,220,833,27,2,5,4,3,9,3,1,1
lol-game-115564797163821201,partial,,LCS,2026,,0,2026-08-02 22:47:00,2,16.15.800.4844,7,Red,jng,HamBak,,Sentinels,,Lee Sin,0,1528,6,4,5,12,17,,,0.2507,12757,500.9,0.2252,220,8.64,17,0.67,8,0.31,,,,,,,,,,,,,,,,,,,,,,,,7032,139,6337,123,695,16,3,3,2,1,2,0,8991,166,8469,176,522,-10,4,3,3,1,3,0,11123,186,10059,204,1064,-18,6,5,3,1,6,1,12697,220,13031,256,-334,-36,6,5,4,1,14,1,1,1
lol-game-115564797163821201,partial,,LCS,2026,,0,2026-08-02 22:47:00,2,16.15.800.4844,8,Red,mid,DARKWINGS,,Sentinels,,Galio,0,1528,0,4,7,12,17,,,0.1725,10529,413.4,0.1859,259,10.17,13,0.51,12,0.47,,,,,,,,,,,,,,,,,,,,,,,,5881,154,6204,177,-323,-23,0,5,0,0,2,1,7830,209,8364,227,-534,-18,0,5,0,1,2,1,8978,227,9906,256,-928,-29,0,7,2,1,6,2,10469,259,12716,293,-2247,-34,0,7,4,1,14,2,1,1
lol-game-115564797163821201,partial,,LCS,2026,,0,2026-08-02 22:47:00,2,16.15.800.4844,9,Red,bot,Rahel,,Sentinels,,Jhin,0,1528,4,3,5,12,17,,,0.2679,13523,531.0,0.2387,308,12.09,13,0.51,6,0.24,,,,,,,,,,,,,,,,,,,,,,,,6616,155,6981,173,-365,-18,2,2,0,1,0,1,9307,221,9120,234,187,-13,2,3,0,1,1,2,11984,276,12108,264,-124,12,4,5,1,4,2,3,13459,308,17550,326,-4091,-18,4,5,3,10,3,3,1,1
lol-game-115564797163821201,partial,,LCS,2026,,0,2026-08-02 22:47:00,2,16.15.800.4844,10,Red,sup,huhi,,Sentinels,,Alistar,0,1528,0,2,10,12,17,,,0.0416,7561,296.9,0.1335,32,1.26,69,2.71,14,0.55,,,,,,,,,,,,,,,,,,,,,,,,3959,22,4023,25,-64,-3,0,5,0,0,1,2,5042,23,5238,34,-196,-11,0,5,0,0,2,2,6386,26,6643,41,-257,-15,0,10,0,0,6,3,7476,32,8891,45,-1415,-13,0,10,1,1,13,3,1,1
lol-game-115564797163821201,partial,,LCS,2026,,0,2026-08-02 22:47:00,2,16.15.800.4844,,Red,team,,,Sentinels,,,0,1528,12,17,32,12,17,0.471,1.139,,56652,,,1066,,131,,40,,,,,,,3,2,3,2,1,0,1,1,0,0,0,0,0,1,3,7,0,1,30250,636,29339,630,911,6,6,17,3,3,7,6,40049,821,38383,837,1666,-16,7,18,4,4,11,7,48878,929,47397,951,1481,-22,12,32,8,8,24,12,56324,1066,63578,1140,-7254,-74,12,32,16,16,53,12,1,1
lol-game-115564797163821204,partial,,LCS,2026,,0,2026-08-01 20:15:00,1,16.15.800.4844,1,Blue,top,Denathor,,Dignitas,,Gnar,1,2033,4,5,14,22,18,,,0.2178,13450,397.0,0.1791,251,7.41,19,0.56,4,0.12,,,,,,,,,,,,,,,,,,,,,,,,4191,102,4839,132,-648,-30,0,2,1,0,2,0,5798,140,7304,180,-1506,-40,1,2,2,1,3,0,7675,199,9128,235,-1453,-36,1,2,2,1,3,0,9271,224,11810,287,-2539,-63,2,3,3,3,4,0,1,1
lol-game-115564797163821204,partial,,LCS,2026,,0,2026-08-01 20:15:00,1,16.15.800.4844,2,Blue,jng,eXyu,,Dignitas,,Jarvan IV,1,2033,5,4,14,22,18,,,0.1668,15641,461.6,0.2083,247,7.29,11,0.32,15,0.44,,,,,,,,,,,,,,,,,,,,,,,,4498,97,4845,96,-347,1,0,2,1,1,2,1,6116,134,6747,135,-631,-1,0,2,2,1,4,1,8861,181,8610,176,251,5,1,2,2,1,4,1,11579,216,10912,217,667,-1,3,3,3,2,6,1,1,1
lol-game-115564797163821204,partial,,LCS,2026,,0,2026-08-01 20:15:00,1,16.15.800.4844,3,Blue,mid,Palafox,,Dignitas,,Twisted Fate,1,2033,7,4,12,22,18,,,0.2393,16867,497.8,0.2246,295,8.71,19,0.56,7,0.21,,,,,,,,,,,,,,,,,,,,,,,,6056,133,5753,142,303,-9,3,0,1,3,1,0,7346,153,7727,183,-381,-30,4,0,2,4,2,0,9341,192,9418,227,-77,-35,4,1,2,4,2,1,11275,234,10889,261,386,-27,4,3,3,4,2,2,1,1
lol-game-115564797163821204,partial,,LCS,2026,,0,2026-08-01 20:15:00,1,16.15.800.4844,4,Blue,bot,FBI,,Dignitas,,Lucian,1,2033,5,3,11,22,18,,,0.3283,19132,564.6,0.2548,385,11.36,18,0.53,9,0.27,,,,,,,,,,,,,,,,,,,,,,,,5032,132,4812,112,220,20,0,2,1,0,3,0,7225,194,7076,171,149,23,0,2,1,0,3,0,9369,251,9405,225,-36,26,0,3,1,0,3,0,11698,308,11190,267,508,41,0,6,1,0,4,1,1,1
lol-game-115564797163821204,partial,,LCS,2026,,0,2026-08-01 20:15:00,1,16.15.800.4844,5,Blue,sup,IgNar,,Dignitas,,Milio,1,2033,1,2,19,22,18,,,0.0478,10000,295.1,0.1332,33,0.97,62,1.83,17,0.5,,,,,,,,,,,,,,,,,,,,,,,,3231,17,3372,16,-141,1,0,3,0,0,3,2,4198,19,5232,18,-1034,1,0,3,0,1,5,4,5312,22,6366,21,-1054,1,0,4,0,1,5,4,6540,25,7560,22,-1020,3,0,7,0,1,8,5,1,1
lol-game-115564797163821204,partial,,LCS,2026,,0,2026-08-01 20:15:00,1,16.15.800.4844,,Blue,team,,,Dignitas,,,1,2033,22,18,70,22,18,0.649,1.181,,75090,,,1211,,129,,52,,,,,,,1,4,1,4,0,0,1,0,0,0,0,0,1,0,8,4,1,0,23008,481,23621,498,-613,-17,3,9,4,4,11,3,30683,640,34086,687,-3403,-47,5,9,7,7,17,5,40558,845,42927,884,-2369,-39,6,12,7,7,17,6,50363,1007,52361,1054,-1998,-47,9,22,10,10,24,9,1,1
lol-game-115564797163821204,partial,,LCS,2026,,0,2026-08-01 20:15:00,1,16.15.800.4844,6,Red,top,Thanatos,,Cloud9 Kia,,Corki,0,2033,6,3,9,18,22,,,0.2502,16122,475.8,0.2268,333,9.83,20,0.59,8,0.24,,,,,,,,,,,,,,,,,,,,,,,,4839,132,4191,102,648,30,0,2,0,0,2,1,7304,180,5798,140,1506,40,1,3,0,1,2,2,9128,235,7675,199,1453,36,1,3,0,1,2,2,11810,287,9271,224,2539,63,3,4,0,2,3,3,1,1
lol-game-115564797163821204,partial,,LCS,2026,,0,2026-08-01 20:15:00,1,16.15.800.4844,7,Red,jng,Blaber,,Cloud9 Kia,,Lee Sin,0,2033,3,3,10,18,22,,,0.1578,14025,413.9,0.1973,264,7.79,21,0.62,17,0.5,,,,,,,,,,,,,,,,,,,,,,,,4845,96,4498,97,347,-1,1,2,1,0,2,1,6747,135,6116,134,631,1,1,4,1,0,2,2,8610,176,8861,181,-251,-5,1,4,1,1,2,2,10912,217,11579,216,-667,1,2,6,1,3,3,3,1,1
lol-game-115564797163821204,partial,,LCS,2026,,0,2026-08-01 20:15:00,1,16.15.800.4844,8,Red,mid,Loki,,Cloud9 Kia,,Ryze,0,2033,4,6,9,18,22,,,0.217,13853,408.8,0.1949,312,9.21,18,0.53,7,0.21,,,,,,,,,,,,,,,,,,,,,,,,5753,142,6056,133,-303,9,3,1,0,3,0,1,7727,183,7346,153,381,30,4,2,0,4,0,2,9418,227,9341,192,77,35,4,2,1,4,1,2,10889,261,11275,234,-386,27,4,2,2,4,3,3,1,1
lol-game-115564797163821204,partial,,LCS,2026,,0,2026-08-01 20:15:00,1,16.15.800.4844,9,Red,bot,Tactical,,Cloud9 Kia,,Ezreal,0,2033,1,2,7,18,22,,,0.2714,15927,470.1,0.2241,341,10.06,16,0.47,5,0.15,,,,,,,,,,,,,,,,,,,,,,,,4812,112,5032,132,-220,-20,0,3,0,0,2,1,7076,171,7225,194,-149,-23,0,3,0,0,2,1,9405,225,9369,251,36,-26,0,3,0,0,3,1,11190,267,11698,308,-508,-41,0,4,1,0,6,1,1,1
lol-game-115564797163821204,partial,,LCS,2026,,0,2026-08-01 20:15:00,1,16.15.800.4844,10,Red,sup,Vulcan,,Cloud9 Kia,,Camille,0,2033,4,8,12,18,22,,,0.1036,11143,328.9,0.1568,32,0.94,60,1.77,11,0.32,,,,,,,,,,,,,,,,,,,,,,,,3372,16,3231,17,141,-1,0,3,2,0,3,0,5232,18,4198,19,1034,-1,1,5,4,0,3,0,6366,21,5312,22,1054,-1,1,5,4,0,4,0,7560,22,6540,25,1020,-3,1,8,5,0,7,0,1,1
lol-game-115564797163821204,partial,,LCS,2026,,0,2026-08-01 20:15:00,1,16.15.800.4844,,Red,team,,,Cloud9 Kia,,,0,2033,18,22,47,18,22,0.531,1.181,,71070,,,1282,,135,,48,,,,,,,4,1,4,1,0,1,0,3,0,0,0,0,0,1,4,8,0,1,23621,498,23008,481,613,17,4,11,3,3,9,4,34086,687,30683,640,3403,47,7,17,5,5,9,7,42927,884,40558,845,2369,39,7,17,6,6,12,7,52361,1054,50363,1007,1998,47,10,24,9,9,22,10,1,1
lol-game-115564797163821205,partial,,LCS,2026,,0,2026-08-01 21:15:00,2,16.15.800.4844,1,Blue,top,Denathor,,Dignitas,,Aatrox,0,2239,1,5,6,12,19,,,0.2545,9779,262.1,0.1867,226,6.06,12,0.32,3,0.08,,,,,,,,,,,,,,,,,,,,,,,,3344,89,3778,94,-434,-5,0,0,1,1,1,0,4676,123,5688,135,-1012,-12,0,1,2,2,1,1,6974,168,7965,182,-991,-14,1,5,2,3,2,2,7145,171,8537,193,-1392,-22,1,5,3,3,3,2,1,1
lol-game-115564797163821205,partial,,LCS,2026,,0,2026-08-01 21:15:00,2,16.15.800.4844,2,Blue,jng,eXyu,,Dignitas,,Xin Zhao,0,2239,3,4,3,12,19,,,0.1659,11657,312.4,0.2226,224,6.0,10,0.27,6,0.16,,,,,,,,,,,,,,,,,,,,,,,,3667,73,4013,74,-346,-1,1,0,1,1,3,0,5627,115,6599,121,-972,-6,1,1,2,2,5,1,7995,152,9055,160,-1060,-8,2,3,3,4,6,2,8147,153,9460,167,-1313,-14,2,3,3,4,7,2,1,1
lol-game-115564797163821205,partial,,LCS,2026,,0,2026-08-01 21:15:00,2,16.15.800.4844,3,Blue,mid,Palafox,,Dignitas,,Akali,0,2239,3,5,4,12,19,,,0.2184,10264,275.1,0.196,222,5.95,16,0.43,3,0.08,,,,,,,,,,,,,,,,,,,,,,,,4260,99,4031,90,229,9,2,0,0,2,0,1,5750,133,6299,132,-549,1,2,3,2,4,1,2,7362,160,8086,174,-724,-14,3,4,3,4,4,3,7606,167,8648,175,-1042,-8,3,4,3,5,4,3,1,1
lol-game-115564797163821205,partial,,LCS,2026,,0,2026-08-01 21:15:00,2,16.15.800.4844,4,Blue,bot,FBI,,Dignitas,,Viktor,0,2239,5,3,4,12,19,,,0.2866,13274,355.7,0.2535,272,7.29,17,0.46,2,0.05,,,,,,,,,,,,,,,,,,,,,,,,3536,92,4064,92,-528,0,0,2,2,1,2,2,6970,138,6443,145,527,-7,3,2,2,1,4,2,9367,171,8555,190,812,-19,5,4,2,1,6,3,9766,185,8976,205,790,-20,5,4,2,1,6,3,1,1
lol-game-115564797163821205,partial,,LCS,2026,,0,2026-08-01 21:15:00,2,16.15.800.4844,5,Blue,sup,IgNar,,Dignitas,,Leona,0,2239,0,2,8,12,19,,,0.0747,7397,198.2,0.1412,43,1.15,53,1.42,22,0.59,,,,,,,,,,,,,,,,,,,,,,,,2502,19,2711,12,-209,7,0,2,1,0,4,0,3806,25,4175,19,-369,6,0,4,1,0,6,0,5135,33,5411,27,-276,6,0,7,2,0,8,1,5317,34,5621,27,-304,7,0,7,2,0,9,1,1,1
lol-game-115564797163821205,partial,,LCS,2026,,0,2026-08-01 21:15:00,2,16.15.800.4844,,Blue,team,,,Dignitas,,,0,2239,12,19,25,12,19,0.322,0.831,,52371,,,987,,108,,36,,,,,,,0,4,0,4,0,0,0,0,0,0,0,0,0,0,2,7,0,1,17309,372,18597,362,-1288,10,3,4,5,5,10,3,26829,534,29204,552,-2375,-18,6,11,9,9,17,6,36833,684,39072,733,-2239,-49,11,23,12,12,26,11,37981,710,41242,767,-3261,-57,11,23,13,13,29,11,1,1
lol-game-115564797163821205,partial,,LCS,2026,,0,2026-08-01 21:15:00,2,16.15.800.4844,6,Red,top,Thanatos,,Cloud9 Kia,,Ambessa,1,2239,4,2,4,19,12,,,0.2076,12192,326.7,0.2004,260,6.97,10,0.27,11,0.29,,,,,,,,,,,,,,,,,,,,,,,,3778,94,3344,89,434,5,1,1,0,0,0,1,5688,135,4676,123,1012,12,2,1,1,0,1,2,7965,182,6974,168,991,14,3,2,2,1,5,2,8537,193,7145,171,1392,22,3,3,2,1,5,3,1,1
lol-game-115564797163821205,partial,,LCS,2026,,0,2026-08-01 21:15:00,2,16.15.800.4844,7,Red,jng,Blaber,,Cloud9 Kia,,Trundle,1,2239,7,2,9,19,12,,,0.1817,14306,383.4,0.2352,232,6.22,10,0.27,24,0.64,,,,,,,,,,,,,,,,,,,,,,,,4013,74,3667,73,346,1,1,3,0,1,0,1,6599,121,5627,115,972,6,2,5,1,1,1,2,9055,160,7995,152,1060,8,4,6,2,2,3,3,9460,167,8147,153,1313,14,4,7,2,2,3,3,1,1
lol-game-115564797163821205,partial,,LCS,2026,,0,2026-08-01 21:15:00,2,16.15.800.4844,8,Red,mid,Loki,,Cloud9 Kia,,Sylas,1,2239,5,4,9,19,12,,,0.3204,12177,326.3,0.2002,241,6.46,9,0.24,6,0.16,,,,,,,,,,,,,,,,,,,,,,,,4031,90,4260,99,-229,-9,2,0,1,2,0,0,6299,132,5750,133,549,-1,4,1,2,2,3,2,8086,174,7362,160,724,14,4,4,3,3,4,3,8648,175,7606,167,1042,8,5,4,3,3,4,3,1,1
lol-game-115564797163821205,partial,,LCS,2026,,0,2026-08-01 21:15:00,2,16.15.800.4844,9,Red,bot,Tactical,,Cloud9 Kia,,Ziggs,1,2239,3,3,7,19,12,,,0.2177,14131,378.7,0.2323,305,8.17,15,0.4,3,0.08,,,,,,,,,,,,,,,,,,,,,,,,4064,92,3536,92,528,0,1,2,2,0,2,2,6443,145,6970,138,-527,7,1,4,2,3,2,2,8555,190,9367,171,-812,19,1,6,3,5,4,2,8976,205,9766,185,-790,20,1,6,3,5,4,2,1,1
lol-game-115564797163821205,partial,,LCS,2026,,0,2026-08-01 21:15:00,2,16.15.800.4844,10,Red,sup,Vulcan,,Cloud9 Kia,,Nautilus,1,2239,0,1,12,19,12,,,0.0727,8025,215.1,0.1319,32,0.86,53,1.42,9,0.24,,,,,,,,,,,,,,,,,,,,,,,,2711,12,2502,19,209,-7,0,4,0,0,2,1,4175,19,3806,25,369,-6,0,6,0,0,4,1,5411,27,5135,33,276,-6,0,8,1,0,7,2,5621,27,5317,34,304,-7,0,9,1,0,7,2,1,1
lol-game-115564797163821205,partial,,LCS,2026,,0,2026-08-01 21:15:00,2,16.15.800.4844,,Red,team,,,Cloud9 Kia,,,1,2239,19,12,41,19,12,0.509,0.831,,60831,,,1070,,97,,53,,,,,,,4,0,4,0,1,0,0,0,1,2,0,0,0,0,7,2,1,0,18597,362,17309,372,1288,-10,5,10,3,3,4,5,29204,552,26829,534,2375,18,9,17,6,6,11,9,39072,733,36833,684,2239,49,12,26,11,11,23,12,41242,767,37981,710,3261,57,13,29,11,11,23,13,1,1
lol-game-115564797163886742,partial,,LCS,2026,,0,2026-08-01 22:15:02,3,16.15.800.4844,1,Blue,top,Thanatos,,Cloud9 Kia,,Rumble,1,1938,4,3,7,28,11,,,0.2009,12576,389.3,0.1778,246,7.62,14,0.43,2,0.06,,,,,,,,,,,,,,,,,,,,,,,,3158,81,3796,99,-638,-18,0,0,1,1,0,0,4730,118,6217,141,-1487,-23,1,0,2,3,1,1,6779,164,8335,206,-1556,-42,2,0,2,3,1,2,9502,201,9308,220,194,-19,4,2,3,3,1,4,1,1
lol-game-115564797163886742,partial,,LCS,2026,,0,2026-08-01 22:15:02,3,16.15.800.4844,2,Blue,jng,Blaber,,Cloud9 Kia,,Vi,1,1938,7,2,12,28,11,,,0.1626,15097,467.4,0.2134,217,6.72,11,0.34,7,0.22,,,,,,,,,,,,,,,,,,,,,,,,4214,83,3932,66,282,17,2,1,0,2,1,3,6476,116,5472,100,1004,16,3,5,0,2,2,5,8622,162,6753,125,1869,37,3,7,0,2,2,5,11112,188,8424,139,2688,49,4,11,1,3,4,7,1,1
lol-game-115564797163886742,partial,,LCS,2026,,0,2026-08-01 22:15:02,3,16.15.800.4844,3,Blue,mid,Loki,,Cloud9 Kia,,Cassiopeia,1,1938,9,2,11,28,11,,,0.3016,15423,477.5,0.218,297,9.2,14,0.43,8,0.25,,,,,,,,,,,,,,,,,,,,,,,,3701,99,3305,89,396,10,0,1,0,0,0,0,6585,151,5651,137,934,14,3,3,0,1,2,0,8856,199,7256,186,1600,13,4,4,0,1,2,0,12044,232,8965,226,3079,6,8,7,1,1,5,2,1,1
lol-game-115564797163886742,partial,,LCS,2026,,0,2026-08-01 22:15:02,3,16.15.800.4844,4,Blue,bot,Tactical,,Cloud9 Kia,,Kalista,1,1938,7,2,7,28,11,,,0.2718,17368,537.7,0.2455,319,9.88,19,0.59,16,0.5,,,,,,,,,,,,,,,,,,,,,,,,4799,86,3135,74,1664,12,4,1,1,0,2,2,7470,145,4646,107,2824,38,4,1,2,0,4,3,9942,212,6702,164,3240,48,4,1,2,0,4,3,13050,253,10021,189,3029,64,6,3,2,2,4,5,1,1
lol-game-115564797163886742,partial,,LCS,2026,,0,2026-08-01 22:15:02,3,16.15.800.4844,5,Blue,sup,Vulcan,,Cloud9 Kia,,Renata,1,1938,1,2,21,28,11,,,0.0631,10281,318.3,0.1453,30,0.93,55,1.7,9,0.28,,,,,,,,,,,,,,,,,,,,,,,,3064,14,2391,14,673,0,0,5,1,0,2,1,4408,16,3540,19,868,-3,0,9,2,0,4,2,5804,19,4646,24,1158,-5,0,11,2,0,4,3,7759,26,5779,28,1980,-2,0,16,2,0,6,4,1,1
lol-game-115564797163886742,partial,,LCS,2026,,0,2026-08-01 22:15:02,3,16.15.800.4844,,Blue,team,,,Cloud9 Kia,,,1,1938,28,11,58,28,11,0.867,1.207,,70745,,,1109,,113,,42,,,,,,,4,1,4,1,0,2,0,1,1,0,0,0,2,0,11,0,3,0,18936,363,16559,342,2377,21,6,8,3,3,5,6,29669,546,25526,504,4143,42,11,18,6,6,13,11,40003,756,33692,705,6311,51,13,23,6,6,13,13,53467,900,42497,802,10970,98,22,39,9,9,20,22,1,1
lol-game-115564797163886742,partial,,LCS,2026,,0,2026-08-01 22:15:02,3,16.15.800.4844,6,Red,top,Denathor,,Dignitas,,Jayce,0,1938,4,5,1,11,28,,,0.3215,12321,381.5,0.225,288,8.92,11,0.34,8,0.25,,,,,,,,,,,,,,,,,,,,,,,,3796,99,3158,81,638,18,1,0,0,0,0,1,6217,141,4730,118,1487,23,3,1,1,1,0,2,8335,206,6779,164,1556,42,3,1,2,2,0,2,9308,220,9502,201,-194,19,3,1,4,4,2,3,1,1
lol-game-115564797163886742,partial,,LCS,2026,,0,2026-08-01 22:15:02,3,16.15.800.4844,7,Red,jng,eXyu,,Dignitas,,Skarner,0,1938,4,9,5,11,28,,,0.1872,10663,330.1,0.1947,150,4.64,9,0.28,11,0.34,,,,,,,,,,,,,,,,,,,,,,,,3932,66,4214,83,-282,-17,2,1,3,2,1,0,5472,100,6476,116,-1004,-16,2,2,5,3,5,0,6753,125,8622,162,-1869,-37,2,2,5,3,7,0,8424,139,11112,188,-2688,-49,3,4,7,4,11,1,1,1
lol-game-115564797163886742,partial,,LCS,2026,,0,2026-08-01 22:15:02,3,16.15.800.4844,8,Red,mid,Palafox,,Dignitas,,Anivia,0,1938,1,3,7,11,28,,,0.2612,11303,349.9,0.2064,284,8.79,13,0.4,3,0.09,,,,,,,,,,,,,,,,,,,,,,,,3305,89,3701,99,-396,-10,0,0,0,0,1,0,5651,137,6585,151,-934,-14,1,2,0,3,3,0,7256,186,8856,199,-1600,-13,1,2,0,4,4,0,8965,226,12044,232,-3079,-6,1,5,2,8,7,1,1,1
lol-game-115564797163886742,partial,,LCS,2026,,0,2026-08-01 22:15:02,3,16.15.800.4844,9,Red,bot,FBI,,Dignitas,,Jhin,0,1938,2,6,6,11,28,,,0.1943,13064,404.5,0.2386,259,8.02,16,0.5,6,0.19,,,,,,,,,,,,,,,,,,,,,,,,3135,74,4799,86,-1664,-12,0,2,2,4,1,1,4646,107,7470,145,-2824,-38,0,4,3,4,1,2,6702,164,9942,212,-3240,-48,0,4,3,4,1,2,10021,189,13050,253,-3029,-64,2,4,5,6,3,2,1,1
lol-game-115564797163886742,partial,,LCS,2026,,0,2026-08-01 22:15:02,3,16.15.800.4844,10,Red,sup,IgNar,,Dignitas,,Rell,0,1938,0,5,8,11,28,,,0.0359,7411,229.4,0.1353,30,0.93,60,1.86,15,0.46,,,,,,,,,,,,,,,,,,,,,,,,2391,14,3064,14,-673,0,0,2,1,0,5,1,3540,19,4408,16,-868,3,0,4,2,0,9,2,4646,24,5804,19,-1158,5,0,4,3,0,11,2,5779,28,7759,26,-1980,2,0,6,4,0,16,2,1,1
lol-game-115564797163886742,partial,,LCS,2026,,0,2026-08-01 22:15:02,3,16.15.800.4844,,Red,team,,,Dignitas,,,0,1938,11,28,27,11,28,0.341,1.207,,54762,,,1011,,109,,43,,,,,,,1,4,1,4,0,1,0,0,0,0,0,0,0,2,0,11,0,3,16559,342,18936,363,-2377,-21,3,5,6,6,8,3,25526,504,29669,546,-4143,-42,6,13,11,11,18,6,33692,705,40003,756,-6311,-51,6,13,13,13,23,6,42497,802,53467,900,-10970,-98,9,20,22,22,39,9,1,1
lol-game-115564797163886760,partial,,LCS,2026,,0,2026-07-26 20:25:00,1,16.14.794.9266,1,Blue,top,Morgan,,Team Liquid Alienware,,Renekton,1,2507,2,4,11,22,14,,,0.1878,14397,344.6,0.1841,316,7.56,16,0.38,14,0.34,,,,,,,,,,,,,,,,,,,,,,,,3304,76,3846,113,-542,-37,0,2,1,0,0,1,5346,136,5542,162,-196,-26,0,2,1,0,0,1,7282,195,7595,230,-313,-35,0,2,1,0,0,1,8563,222,9688,264,-1125,-42,0,2,2,1,2,1,1,1
lol-game-115564797163886760,partial,,LCS,2026,,0,2026-07-26 20:25:00,1,16.14.794.9266,2,Blue,jng,Josedeodo,,Team Liquid Alienware,,Wukong,1,2507,3,5,9,22,14,,,0.1472,14669,351.1,0.1875,279,6.68,14,0.34,11,0.26,,,,,,,,,,,,,,,,,,,,,,,,3722,84,3676,79,46,5,0,2,1,0,2,1,5961,134,5381,119,580,15,1,2,1,0,2,1,7693,172,7028,157,665,15,1,2,2,0,3,1,9379,209,9300,199,79,10,1,2,3,1,5,1,1,1
lol-game-115564797163886760,partial,,LCS,2026,,0,2026-07-26 20:25:00,1,16.14.794.9266,3,Blue,mid,Quid,,Team Liquid Alienware,,Locke,1,2507,10,1,7,22,14,,,0.2791,17798,426.0,0.2276,331,7.92,6,0.14,0,0.0,,,,,,,,,,,,,,,,,,,,,,,,4676,104,4108,109,568,-5,2,2,0,1,1,1,6203,152,6050,166,153,-14,2,2,0,1,1,1,8062,208,8090,216,-28,-8,2,2,0,2,1,1,10284,259,9934,266,350,-7,2,2,0,2,4,1,1,1
lol-game-115564797163886760,partial,,LCS,2026,,0,2026-07-26 20:25:00,1,16.14.794.9266,4,Blue,bot,Yeon,,Team Liquid Alienware,,Kai'Sa,1,2507,5,1,9,22,14,,,0.3351,20873,499.6,0.2669,420,10.05,17,0.41,16,0.38,,,,,,,,,,,,,,,,,,,,,,,,3816,113,3880,103,-64,10,0,0,0,1,0,0,6934,175,6074,155,860,20,0,1,0,1,0,1,9613,240,8486,223,1127,17,0,1,0,1,1,1,12227,312,11473,285,754,27,0,1,0,2,3,1,1,1
lol-game-115564797163886760,partial,,LCS,2026,,0,2026-07-26 20:25:00,1,16.14.794.9266,5,Blue,sup,CoreJJ,,Team Liquid Alienware,,Nautilus,1,2507,2,3,16,22,14,,,0.0508,10478,250.8,0.134,37,0.89,82,1.96,14,0.34,,,,,,,,,,,,,,,,,,,,,,,,3040,16,2463,25,577,-9,2,1,0,0,1,1,4208,28,3592,40,616,-12,2,2,0,0,1,1,5456,31,4739,47,717,-16,2,2,0,0,2,1,6563,32,5853,49,710,-17,2,2,1,0,3,1,1,1
lol-game-115564797163886760,partial,,LCS,2026,,0,2026-07-26 20:25:00,1,16.14.794.9266,,Blue,team,,,Team Liquid Alienware,,,1,2507,22,14,52,22,14,0.527,0.862,,78215,,,1383,,135,,55,,,,,,,3,3,3,3,0,0,0,3,0,0,0,0,1,0,8,1,1,0,18558,393,17973,429,585,-36,4,7,2,2,4,4,28652,625,26639,642,2013,-17,5,9,2,2,4,5,38106,846,35938,873,2168,-27,5,9,3,3,7,5,47016,1034,46248,1063,768,-29,5,9,6,6,17,5,1,1
lol-game-115564797163886760,partial,,LCS,2026,,0,2026-07-26 20:25:00,1,16.14.794.9266,6,Red,top,Thanatos,,Cloud9 Kia,,Rumble,0,2507,7,3,3,14,22,,,0.3161,15969,382.2,0.2312,324,7.75,15,0.36,4,0.1,,,,,,,,,,,,,,,,,,,,,,,,3846,113,3304,76,542,37,0,0,1,0,2,1,5542,162,5346,136,196,26,0,0,1,0,2,1,7595,230,7282,195,313,35,0,0,1,0,2,1,9688,264,8563,222,1125,42,1,2,1,0,2,2,1,1
lol-game-115564797163886760,partial,,LCS,2026,,0,2026-07-26 20:25:00,1,16.14.794.9266,7,Red,jng,Blaber,,Cloud9 Kia,,Skarner,0,2507,1,5,11,14,22,,,0.1598,12694,303.8,0.1838,247,5.91,11,0.26,14,0.34,,,,,,,,,,,,,,,,,,,,,,,,3676,79,3722,84,-46,-5,0,2,1,0,2,1,5381,119,5961,134,-580,-15,0,2,1,1,2,1,7028,157,7693,172,-665,-15,0,3,1,1,2,2,9300,199,9379,209,-79,-10,1,5,1,1,2,3,1,1
lol-game-115564797163886760,partial,,LCS,2026,,0,2026-07-26 20:25:00,1,16.14.794.9266,8,Red,mid,Loki,,Cloud9 Kia,,Akali,0,2507,3,4,8,14,22,,,0.2108,13929,333.4,0.2017,335,8.02,10,0.24,4,0.1,,,,,,,,,,,,,,,,,,,,,,,,4108,109,4676,104,-568,5,1,1,1,2,2,0,6050,166,6203,152,-153,14,1,1,1,2,2,0,8090,216,8062,208,28,8,2,1,1,2,2,0,9934,266,10284,259,-350,7,2,4,1,2,2,0,1,1
lol-game-115564797163886760,partial,,LCS,2026,,0,2026-07-26 20:25:00,1,16.14.794.9266,9,Red,bot,Tactical,,Cloud9 Kia,,Ezreal,0,2507,3,5,6,14,22,,,0.2645,17581,420.8,0.2546,400,9.57,19,0.45,14,0.34,,,,,,,,,,,,,,,,,,,,,,,,3880,103,3816,113,64,-10,1,0,0,0,0,0,6074,155,6934,175,-860,-20,1,0,1,0,1,0,8486,223,9613,240,-1127,-17,1,1,1,0,1,0,11473,285,12227,312,-754,-27,2,3,1,0,1,0,1,1
lol-game-115564797163886760,partial,,LCS,2026,,0,2026-07-26 20:25:00,1,16.14.794.9266,10,Red,sup,Vulcan,,Cloud9 Kia,,Leona,0,2507,0,5,11,14,22,,,0.0488,8889,212.7,0.1287,56,1.34,66,1.58,20,0.48,,,,,,,,,,,,,,,,,,,,,,,,2463,25,3040,16,-577,9,0,1,1,2,1,0,3592,40,4208,28,-616,12,0,1,1,2,2,0,4739,47,5456,31,-717,16,0,2,1,2,2,0,5853,49,6563,32,-710,17,0,3,1,2,2,1,1,1
lol-game-115564797163886760,partial,,LCS,2026,,0,2026-07-26 20:25:00,1,16.14.794.9266,,Red,team,,,Cloud9 Kia,,,0,2507,14,22,39,14,22,0.335,0.862,,69062,,,1362,,121,,56,,,,,,,3,3,3,3,0,1,0,1,0,1,0,0,0,1,1,8,0,1,17973,429,18558,393,-585,36,2,4,4,4,7,2,26639,642,28652,625,-2013,17,2,4,5,5,9,2,35938,873,38106,846,-2168,27,3,7,5,5,9,3,46248,1063,47016,1034,-768,29,6,17,5,5,9,6,1,1
lol-game-115564797163886761,partial,,LCS,2026,,0,2026-07-26 21:25:09,2,16.14.794.9266,1,Blue,top,Morgan,,Team Liquid Alienware,,Gnar,1,1765,0,0,5,16,6,,,0.1608,12250,416.4,0.1908,303,10.3,9,0.31,12,0.41,,,,,,,,,,,,,,,,,,,,,,,,3488,98,3263,90,225,8,0,0,0,0,0,0,5530,156,4977,146,553,10,0,0,0,0,0,0,7891,209,7399,204,492,5,0,1,0,0,0,0,10254,260,9727,251,527,9,0,1,0,1,0,1,1,1
lol-game-115564797163886761,partial,,LCS,2026,,0,2026-07-26 21:25:09,2,16.14.794.9266,2,Blue,jng,Josedeodo,,Team Liquid Alienware,,Naafiri,1,1765,3,1,9,16,6,,,0.2443,13088,444.9,0.2038,232,7.89,11,0.37,9,0.31,,,,,,,,,,,,,,,,,,,,,,,,3523,83,3760,79,-237,4,0,0,1,0,2,0,5483,119,5552,112,-69,7,0,4,1,1,2,1,8230,168,7399,160,831,8,1,5,1,1,2,1,10940,209,8767,183,2173,26,2,6,1,1,3,3,1,1
lol-game-115564797163886761,partial,,LCS,2026,,0,2026-07-26 21:25:09,2,16.14.794.9266,3,Blue,mid,Quid,,Team Liquid Alienware,,Syndra,1,1765,4,2,7,16,6,,,0.2096,13850,470.8,0.2157,297,10.1,17,0.58,6,0.2,,,,,,,,,,,,,,,,,,,,,,,,3434,93,3980,101,-546,-8,0,0,1,1,1,0,6178,154,5467,140,711,14,1,2,1,1,1,1,8859,214,7534,209,1325,5,2,2,1,1,1,1,11405,250,9501,271,1904,-21,3,5,2,1,2,2,1,1
lol-game-115564797163886761,partial,,LCS,2026,,0,2026-07-26 21:25:09,2,16.14.794.9266,4,Blue,bot,Yeon,,Team Liquid Alienware,,Corki,1,1765,8,0,4,16,6,,,0.3051,16517,561.5,0.2572,289,9.82,15,0.51,7,0.24,,,,,,,,,,,,,,,,,,,,,,,,3466,101,3572,96,-106,5,0,0,0,0,0,0,7037,142,5790,139,1247,3,4,0,0,1,1,2,9795,206,7581,189,2214,17,4,1,0,1,1,3,13360,263,9426,239,3934,24,5,3,0,1,1,3,1,1
lol-game-115564797163886761,partial,,LCS,2026,,0,2026-07-26 21:25:09,2,16.14.794.9266,5,Blue,sup,CoreJJ,,Team Liquid Alienware,,Rell,1,1765,1,3,13,16,6,,,0.0802,8506,289.2,0.1325,31,1.05,60,2.04,15,0.51,,,,,,,,,,,,,,,,,,,,,,,,2162,15,2617,13,-455,2,0,0,0,1,0,0,3725,21,3935,22,-210,-1,0,4,2,1,1,1,4992,26,5095,29,-103,-3,0,5,2,1,1,2,6874,29,6369,39,505,-10,1,8,2,1,2,2,1,1
lol-game-115564797163886761,partial,,LCS,2026,,0,2026-07-26 21:25:09,2,16.14.794.9266,,Blue,team,,,Team Liquid Alienware,,,1,1765,16,6,38,16,6,0.544,0.748,,64211,,,1152,,112,,49,,,,,,,3,1,3,1,1,0,0,2,0,0,0,0,1,0,9,1,1,0,16073,390,17192,379,-1119,11,0,0,2,2,3,0,27953,592,25721,559,2232,33,5,10,4,4,5,5,39767,823,35008,791,4759,32,7,14,4,4,5,7,52833,1011,43790,983,9043,28,11,23,5,5,8,11,1,1
lol-game-115564797163886761,partial,,LCS,2026,,0,2026-07-26 21:25:09,2,16.14.794.9266,6,Red,top,Thanatos,,Cloud9 Kia,,Ambessa,0,1765,1,2,0,6,16,,,0.222,11050,375.6,0.2158,285,9.69,12,0.41,3,0.1,,,,,,,,,,,,,,,,,,,,,,,,3263,90,3488,98,-225,-8,0,0,0,0,0,0,4977,146,5530,156,-553,-10,0,0,0,0,0,0,7399,204,7891,209,-492,-5,0,0,0,0,1,0,9727,251,10254,260,-527,-9,1,0,1,0,1,0,1,1
lol-game-115564797163886761,partial,,LCS,2026,,0,2026-07-26 21:25:09,2,16.14.794.9266,7,Red,jng,Blaber,,Cloud9 Kia,,Lee Sin,0,1765,1,4,4,6,16,,,0.1567,9911,336.9,0.1935,200,6.8,17,0.58,7,0.24,,,,,,,,,,,,,,,,,,,,,,,,3760,79,3523,83,237,-4,0,2,0,0,0,1,5552,112,5483,119,69,-7,1,2,1,0,4,1,7399,160,8230,168,-831,-8,1,2,1,1,5,1,8767,183,10940,209,-2173,-26,1,3,3,2,6,1,1,1
lol-game-115564797163886761,partial,,LCS,2026,,0,2026-07-26 21:25:09,2,16.14.794.9266,8,Red,mid,Loki,,Cloud9 Kia,,Ryze,0,1765,1,3,3,6,16,,,0.2018,11389,387.2,0.2224,318,10.81,15,0.51,8,0.27,,,,,,,,,,,,,,,,,,,,,,,,3980,101,3434,93,546,8,1,1,0,0,0,1,5467,140,6178,154,-711,-14,1,1,1,1,2,1,7534,209,8859,214,-1325,-5,1,1,1,2,2,1,9501,271,11405,250,-1904,21,1,2,2,3,5,2,1,1
lol-game-115564797163886761,partial,,LCS,2026,,0,2026-07-26 21:25:09,2,16.14.794.9266,9,Red,bot,Tactical,,Cloud9 Kia,,Viktor,0,1765,2,4,1,6,16,,,0.3161,11468,389.8,0.224,279,9.48,12,0.41,2,0.07,,,,,,,,,,,,,,,,,,,,,,,,3572,96,3466,101,106,-5,0,0,0,0,0,0,5790,139,7037,142,-1247,-3,1,1,2,4,0,0,7581,189,9795,206,-2214,-17,1,1,3,4,1,0,9426,239,13360,263,-3934,-24,1,1,3,5,3,0,1,1
lol-game-115564797163886761,partial,,LCS,2026,,0,2026-07-26 21:25:09,2,16.14.794.9266,10,Red,sup,Vulcan,,Cloud9 Kia,,Bard,0,1765,1,3,2,6,16,,,0.1034,7389,251.2,0.1443,45,1.53,60,2.04,31,1.05,,,,,,,,,,,,,,,,,,,,,,,,2617,13,2162,15,455,-2,1,0,0,0,0,0,3935,22,3725,21,210,1,1,1,1,0,4,2,5095,29,4992,26,103,3,1,1,2,0,5,2,6369,39,6874,29,-505,10,1,2,2,1,8,2,1,1
lol-game-115564797163886761,partial,,LCS,2026,,0,2026-07-26 21:25:09,2,16.14.794.9266,,Red,team,,,Cloud9 Kia,,,0,1765,6,16,10,6,16,0.204,0.748,,51207,,,1127,,116,,51,,,,,,,1,3,1,3,0,0,1,0,0,0,0,0,0,1,1,9,0,1,17192,379,16073,390,1119,-11,2,3,0,0,0,2,25721,559,27953,592,-2232,-33,4,5,5,5,10,4,35008,791,39767,823,-4759,-32,4,5,7,7,14,4,43790,983,52833,1011,-9043,-28,5,8,11,11,23,5,1,1
lol-game-115564797163886784,partial,,LCS,2026,,0,2026-08-01 23:15:00,1,16.15.800.4844,1,Blue,top,Srtty,,Disguised,,Ambessa,0,2412,5,6,4,21,25,,,0.1959,16321,406.0,0.1957,290,7.21,9,0.22,6,0.15,,,,,,,,,,,,,,,,,,,,,,,,4039,107,4605,106,-566,1,0,0,2,2,0,0,5528,149,6629,157,-1101,-8,0,2,2,3,1,0,7734,178,9189,199,-1455,-21,2,3,3,3,5,0,10345,215,10749,227,-404,-12,3,3,3,3,6,1,1,1
lol-game-115564797163886784,partial,,LCS,2026,,0,2026-08-01 23:15:00,1,16.15.800.4844,2,Blue,jng,KryRa,,Disguised,,Vi,0,2412,7,7,10,21,25,,,0.176,17233,428.7,0.2067,269,6.69,11,0.27,8,0.2,,,,,,,,,,,,,,,,,,,,,,,,4371,90,4982,93,-611,-3,1,0,0,2,0,1,7053,116,6801,140,252,-24,4,1,3,2,1,2,9070,152,9890,176,-820,-24,4,5,5,5,2,2,10907,189,12266,221,-1359,-32,4,6,5,5,2,2,1,1
lol-game-115564797163886784,partial,,LCS,2026,,0,2026-08-01 23:15:00,1,16.15.800.4844,3,Blue,mid,Callme,,Disguised,,Galio,0,2412,4,3,11,21,25,,,0.2758,17961,446.8,0.2154,387,9.63,8,0.2,9,0.22,,,,,,,,,,,,,,,,,,,,,,,,4052,111,4249,122,-197,-11,0,1,1,0,1,0,5729,159,6407,172,-678,-13,0,3,1,1,3,1,8362,210,8687,214,-325,-4,2,4,1,2,7,3,10667,275,10393,242,274,33,2,6,1,3,7,4,1,1
lol-game-115564797163886784,partial,,LCS,2026,,0,2026-08-01 23:15:00,1,16.15.800.4844,4,Blue,bot,sajed,,Disguised,,Kai'Sa,0,2412,5,3,12,21,25,,,0.2991,21194,527.2,0.2542,367,9.13,14,0.35,10,0.25,,,,,,,,,,,,,,,,,,,,,,,,4093,115,4726,126,-633,-11,0,0,0,0,1,0,7467,153,7404,178,63,-25,1,3,1,0,4,1,10302,198,10469,218,-167,-20,2,6,2,1,7,2,12990,247,12901,274,89,-27,3,6,2,1,7,2,1,1
lol-game-115564797163886784,partial,,LCS,2026,,0,2026-08-01 23:15:00,1,16.15.800.4844,5,Blue,sup,Lyonz,,Disguised,,Shen,0,2412,0,6,15,21,25,,,0.0532,10679,265.6,0.1281,37,0.92,94,2.34,17,0.42,,,,,,,,,,,,,,,,,,,,,,,,2611,16,3153,12,-542,4,0,1,1,0,3,0,3862,21,5190,23,-1328,-2,0,4,1,2,3,1,5035,25,6767,27,-1732,-2,0,7,3,3,3,3,6324,29,8094,29,-1770,0,0,8,4,3,3,3,1,1
lol-game-115564797163886784,partial,,LCS,2026,,0,2026-08-01 23:15:00,1,16.15.800.4844,,Blue,team,,,Disguised,,,0,2412,21,25,52,21,25,0.522,1.144,,83388,,,1350,,136,,50,,,,,,,2,3,2,3,0,0,0,0,0,2,0,0,2,1,9,10,2,2,19166,439,21715,459,-2549,-20,1,2,4,4,5,1,29639,598,32431,670,-2792,-72,5,13,8,8,12,5,40503,763,45002,834,-4499,-71,10,25,14,14,24,10,51233,955,54403,993,-3170,-38,12,29,15,15,25,12,1,1
lol-game-115564797163886784,partial,,LCS,2026,,0,2026-08-01 23:15:00,1,16.15.800.4844,6,Red,top,Gakgos,,FlyQuest,,Aatrox,1,2412,5,2,11,25,21,,,0.1888,16619,413.4,0.1948,316,7.86,16,0.4,5,0.12,,,,,,,,,,,,,,,,,,,,,,,,4605,106,4039,107,566,-1,2,0,0,0,0,2,6629,157,5528,149,1101,8,3,1,0,0,2,2,9189,199,7734,178,1455,21,3,5,0,2,3,3,10749,227,10345,215,404,12,3,6,1,3,3,3,1,1
lol-game-115564797163886784,partial,,LCS,2026,,0,2026-08-01 23:15:00,1,16.15.800.4844,7,Red,jng,Gryffinn,,FlyQuest,,Shyvana,1,2412,8,4,8,25,21,,,0.1756,20049,498.7,0.235,326,8.11,13,0.32,13,0.32,,,,,,,,,,,,,,,,,,,,,,,,4982,93,4371,90,611,3,2,0,1,1,0,0,6801,140,7053,116,-252,24,2,1,2,4,1,3,9890,176,9070,152,820,24,5,2,2,4,5,5,12266,221,10907,189,1359,32,5,2,2,4,6,5,1,1
lol-game-115564797163886784,partial,,LCS,2026,,0,2026-08-01 23:15:00,1,16.15.800.4844,8,Red,mid,Quad,,FlyQuest,,Orianna,1,2412,4,5,16,25,21,,,0.2356,15383,382.7,0.1803,307,7.64,22,0.55,7,0.17,,,,,,,,,,,,,,,,,,,,,,,,4249,122,4052,111,197,11,0,1,0,0,1,1,6407,172,5729,159,678,13,1,3,1,0,3,1,8687,214,8362,210,325,4,2,7,3,2,4,1,10393,242,10667,275,-274,-33,3,7,4,2,6,1,1,1
lol-game-115564797163886784,partial,,LCS,2026,,0,2026-08-01 23:15:00,1,16.15.800.4844,9,Red,bot,Massu,,FlyQuest,,Ziggs,1,2412,5,3,13,25,21,,,0.3018,21447,533.5,0.2514,382,9.5,18,0.45,2,0.05,,,,,,,,,,,,,,,,,,,,,,,,4726,126,4093,115,633,11,0,1,0,0,0,0,7404,178,7467,153,-63,25,0,4,1,1,3,1,10469,218,10302,198,167,20,1,7,2,2,6,2,12901,274,12990,247,-89,27,1,7,2,3,6,2,1,1
lol-game-115564797163886784,partial,,LCS,2026,,0,2026-08-01 23:15:00,1,16.15.800.4844,10,Red,sup,Cryogen,,FlyQuest,,Camille,1,2412,3,7,8,25,21,,,0.0982,11829,294.3,0.1386,42,1.04,82,2.04,22,0.55,,,,,,,,,,,,,,,,,,,,,,,,3153,12,2611,16,542,-4,0,3,0,0,1,1,5190,23,3862,21,1328,2,2,3,1,0,4,1,6767,27,5035,25,1732,2,3,3,3,0,7,3,8094,29,6324,29,1770,0,3,3,3,0,8,4,1,1
lol-game-115564797163886784,partial,,LCS,2026,,0,2026-08-01 23:15:00,1,16.15.800.4844,,Red,team,,,FlyQuest,,,1,2412,25,21,56,25,21,0.622,1.144,,85327,,,1373,,151,,49,,,,,,,3,2,3,2,1,0,0,1,0,1,0,0,1,2,10,9,2,2,21715,459,19166,439,2549,20,4,5,1,1,2,4,32431,670,29639,598,2792,72,8,12,5,5,13,8,45002,834,40503,763,4499,71,14,24,10,10,25,14,54403,993,51233,955,3170,38,15,25,12,12,29,15,1,1
lol-game-115564797163886785,partial,,LCS,2026,,0,2026-08-02 00:25:00,2,16.15.800.4844,1,Blue,top,Gakgos,,FlyQuest,,Rumble,1,1353,0,0,10,28,2,,,0.154,10694,474.2,0.1732,235,10.42,16,0.71,1,0.04,,,,,,,,,,,,,,,,,,,,,,,,6140,153,4898,126,1242,27,0,0,0,0,0,2,8139,198,6719,185,1420,13,0,0,0,0,0,2,9803,226,7913,216,1890,10,0,5,0,0,0,3,,,,,,,,,,,,,1,1
lol-game-115564797163886785,partial,,LCS,2026,,0,2026-08-02 00:25:00,2,16.15.800.4844,2,Blue,jng,Gryffinn,,FlyQuest,,Pantheon,1,1353,9,1,11,28,2,,,0.1726,13334,591.3,0.2159,213,9.45,11,0.49,3,0.13,,,,,,,,,,,,,,,,,,,,,,,,6855,125,6234,131,621,-6,4,3,1,1,0,1,9136,168,7495,154,1641,14,4,5,1,1,0,2,11719,205,8790,174,2929,31,6,8,1,1,1,3,,,,,,,,,,,,,1,1
lol-game-115564797163886785,partial,,LCS,2026,,0,2026-08-02 00:25:00,2,16.15.800.4844,3,Blue,mid,Quad,,FlyQuest,,Cassiopeia,1,1353,6,0,12,28,2,,,0.1929,12358,548.0,0.2001,220,9.76,17,0.75,7,0.31,,,,,,,,,,,,,,,,,,,,,,,,6401,156,5645,154,756,2,1,4,0,0,1,2,8870,187,7231,204,1639,-17,3,4,0,0,1,3,11301,215,9699,238,1602,-23,6,5,0,1,1,5,,,,,,,,,,,,,1,1
lol-game-115564797163886785,partial,,LCS,2026,,0,2026-08-02 00:25:00,2,16.15.800.4844,4,Blue,bot,Massu,,FlyQuest,,Ezreal,1,1353,11,1,9,28,2,,,0.3591,15911,705.6,0.2577,262,11.62,12,0.53,5,0.22,,,,,,,,,,,,,,,,,,,,,,,,7043,152,5305,123,1738,29,3,2,0,0,0,3,9828,214,7213,185,2615,29,4,2,0,0,0,3,12894,250,9255,233,3639,17,7,6,1,0,1,5,,,,,,,,,,,,,1,1
lol-game-115564797163886785,partial,,LCS,2026,,0,2026-08-02 00:25:00,2,16.15.800.4844,5,Blue,sup,Cryogen,,FlyQuest,,Bard,1,1353,2,0,24,28,2,,,0.1213,9457,419.4,0.1531,26,1.15,72,3.19,18,0.8,,,,,,,,,,,,,,,,,,,,,,,,5092,8,3744,21,1348,-13,2,8,0,0,1,2,6487,15,4676,21,1811,-6,2,9,0,0,1,3,8408,24,5718,26,2690,-2,2,17,0,0,1,5,,,,,,,,,,,,,1,1
lol-game-115564797163886785,partial,,LCS,2026,,0,2026-08-02 00:25:00,2,16.15.800.4844,,Blue,team,,,FlyQuest,,,1,1353,28,2,66,28,2,1.242,1.33,,61754,,,956,,128,,34,,,,,,,4,0,4,0,0,0,1,1,0,2,0,0,1,0,9,0,2,0,31531,594,25826,555,5705,39,10,17,1,1,2,10,42460,782,33334,749,9126,33,13,20,1,1,2,13,54125,920,41375,887,12750,33,21,41,2,2,4,21,,,,,,,,,,,,,1,1
lol-game-115564797163886785,partial,,LCS,2026,,0,2026-08-02 00:25:00,2,16.15.800.4844,6,Red,top,Srtty,,Disguised,,Gnar,0,1353,0,5,0,2,28,,,0.1985,8335,369.6,0.1873,220,9.76,10,0.44,9,0.4,,,,,,,,,,,,,,,,,,,,,,,,4898,126,6140,153,-1242,-27,0,0,2,0,0,0,6719,185,8139,198,-1420,-13,0,0,2,0,0,0,7913,216,9803,226,-1890,-10,0,0,3,0,5,0,,,,,,,,,,,,,1,1
lol-game-115564797163886785,partial,,LCS,2026,,0,2026-08-02 00:25:00,2,16.15.800.4844,7,Red,jng,KryRa,,Disguised,,Lee Sin,0,1353,1,4,1,2,28,,,0.1503,9184,407.3,0.2063,176,7.8,16,0.71,4,0.18,,,,,,,,,,,,,,,,,,,,,,,,6234,131,6855,125,-621,6,1,0,1,4,3,1,7495,154,9136,168,-1641,-14,1,0,2,4,5,1,8790,174,11719,205,-2929,-31,1,1,3,6,8,1,,,,,,,,,,,,,1,1
lol-game-115564797163886785,partial,,LCS,2026,,0,2026-08-02 00:25:00,2,16.15.800.4844,8,Red,mid,Callme,,Disguised,,Syndra,0,1353,1,6,1,2,28,,,0.3588,10443,463.1,0.2346,259,11.49,12,0.53,4,0.18,,,,,,,,,,,,,,,,,,,,,,,,5645,154,6401,156,-756,-2,0,1,2,1,4,0,7231,204,8870,187,-1639,17,0,1,3,3,4,0,9699,238,11301,215,-1602,23,1,1,5,6,5,0,,,,,,,,,,,,,1,1
lol-game-115564797163886785,partial,,LCS,2026,,0,2026-08-02 00:25:00,2,16.15.800.4844,9,Red,bot,sajed,,Disguised,,Corki,0,1353,0,6,1,2,28,,,0.2344,10237,454.0,0.23,255,11.31,7,0.31,5,0.22,,,,,,,,,,,,,,,,,,,,,,,,5305,123,7043,152,-1738,-29,0,0,3,3,2,0,7213,185,9828,214,-2615,-29,0,0,3,4,2,0,9255,233,12894,250,-3639,-17,0,1,5,7,6,1,,,,,,,,,,,,,1,1
lol-game-115564797163886785,partial,,LCS,2026,,0,2026-08-02 00:25:00,2,16.15.800.4844,10,Red,sup,Lyonz,,Disguised,,Leona,0,1353,0,7,1,2,28,,,0.058,6308,279.7,0.1417,31,1.37,55,2.44,14,0.62,,,,,,,,,,,,,,,,,,,,,,,,3744,21,5092,8,-1348,13,0,1,2,2,8,0,4676,21,6487,15,-1811,6,0,1,3,2,9,0,5718,26,8408,24,-2690,2,0,1,5,2,17,0,,,,,,,,,,,,,1,1
lol-game-115564797163886785,partial,,LCS,2026,,0,2026-08-02 00:25:00,2,16.15.800.4844,,Red,team,,,Disguised,,,0,1353,2,28,4,2,28,0.089,1.33,,44507,,,941,,100,,36,,,,,,,0,4,0,4,0,0,0,0,0,0,0,0,0,1,0,9,0,2,25826,555,31531,594,-5705,-39,1,2,10,10,17,1,33334,749,42460,782,-9126,-33,1,2,13,13,20,1,41375,887,54125,920,-12750,-33,2,4,21,21,41,2,,,,,,,,,,,,,1,1
lol-game-115564797164214472,partial,,LCS,2026,,0,2026-07-26 22:23:00,1,16.14.794.9266,1,Blue,top,Fudge,,Shopify Rebellion,,Gnar,1,1947,6,1,5,18,13,,,0.2446,19036,586.6,0.232,367,11.31,18,0.55,12,0.37,,,,,,,,,,,,,,,,,,,,,,,,6109,168,6276,174,-167,-6,1,0,0,1,0,0,8165,210,8369,228,-204,-18,2,0,0,1,1,1,11262,238,10939,266,323,-28,5,1,1,2,3,2,14281,282,13146,293,1135,-11,5,4,1,4,4,2,1,1
lol-game-115564797164214472,partial,,LCS,2026,,0,2026-07-26 22:23:00,1,16.14.794.9266,2,Blue,jng,Contractz,,Shopify Rebellion,,Vi,1,1947,2,3,11,18,13,,,0.1248,14904,459.3,0.1817,269,8.29,14,0.43,16,0.49,,,,,,,,,,,,,,,,,,,,,,,,5834,127,5588,120,246,7,0,2,1,0,2,0,7651,167,7997,157,-346,10,0,3,2,1,4,0,9406,196,9293,169,113,27,0,8,2,1,6,1,11321,224,11590,200,-269,24,1,8,3,2,9,2,1,1
lol-game-115564797164214472,partial,,LCS,2026,,0,2026-07-26 22:23:00,1,16.14.794.9266,3,Blue,mid,Zinie,,Shopify Rebellion,,Galio,1,1947,3,3,10,18,13,,,0.2066,16506,508.7,0.2012,340,10.48,21,0.65,9,0.28,,,,,,,,,,,,,,,,,,,,,,,,5880,170,6512,179,-632,-9,0,2,0,1,1,2,7639,211,9183,243,-1544,-32,0,3,1,2,3,2,10349,240,11577,276,-1228,-36,2,6,1,3,5,3,12135,270,13601,310,-1466,-40,2,6,3,4,5,3,1,1
lol-game-115564797164214472,partial,,LCS,2026,,0,2026-07-26 22:23:00,1,16.14.794.9266,4,Blue,bot,Bvoy,,Shopify Rebellion,,Ezreal,1,1947,4,1,9,18,13,,,0.3019,20255,624.2,0.2469,401,12.36,18,0.55,9,0.28,,,,,,,,,,,,,,,,,,,,,,,,7125,188,7091,191,34,-3,0,2,0,0,1,0,8937,228,10045,248,-1108,-20,0,3,1,1,3,0,10995,277,12251,295,-1256,-18,0,6,1,1,5,1,14883,332,14264,334,619,-2,2,7,1,1,7,3,1,1
lol-game-115564797164214472,partial,,LCS,2026,,0,2026-07-26 22:23:00,1,16.14.794.9266,5,Blue,sup,Zeyzal,,Shopify Rebellion,,Camille,1,1947,3,5,10,18,13,,,0.1221,11342,349.5,0.1382,35,1.08,76,2.34,18,0.55,,,,,,,,,,,,,,,,,,,,,,,,4563,19,4062,28,501,-9,2,0,1,0,2,1,5747,23,5442,33,305,-10,2,1,1,0,5,1,7307,25,7265,37,42,-12,2,6,3,1,6,2,8781,26,8671,38,110,-12,3,6,4,1,10,3,1,1
lol-game-115564797164214472,partial,,LCS,2026,,0,2026-07-26 22:23:00,1,16.14.794.9266,,Blue,team,,,Shopify Rebellion,,,1,1947,18,13,45,18,13,0.555,0.955,,82043,,,1412,,147,,64,,,,,,,5,1,4,1,0,0,0,0,3,1,1,0,1,2,10,5,2,0,29511,672,29529,692,-18,-20,3,6,2,2,6,3,38139,839,41036,909,-2897,-70,4,10,5,5,16,4,49319,976,51325,1043,-2006,-67,9,27,8,8,25,9,61401,1134,61272,1175,129,-41,13,31,12,12,35,13,1,1
lol-game-115564797164214472,partial,,LCS,2026,,0,2026-07-26 22:23:00,1,16.14.794.9266,6,Red,top,Srtty,,Disguised,,Ambessa,0,1947,5,3,4,13,18,,,0.3034,15615,481.2,0.2167,341,10.51,14,0.43,4,0.12,,,,,,,,,,,,,,,,,,,,,,,,6276,174,6109,168,167,6,1,0,0,1,0,0,8369,228,8165,210,204,18,1,1,1,2,0,0,10939,266,11262,238,-323,28,2,3,2,5,1,1,13146,293,14281,282,-1135,11,4,4,2,5,4,1,1,1
lol-game-115564797164214472,partial,,LCS,2026,,0,2026-07-26 22:23:00,1,16.14.794.9266,7,Red,jng,KryRa,,Disguised,,Jarvan IV,0,1947,2,3,10,13,18,,,0.1765,12941,398.8,0.1796,211,6.5,11,0.34,15,0.46,,,,,,,,,,,,,,,,,,,,,,,,5588,120,5834,127,-246,-7,0,2,0,0,2,1,7997,157,7651,167,346,-10,1,4,0,0,3,2,9293,169,9406,196,-113,-27,1,6,1,0,8,2,11590,200,11321,224,269,-24,2,9,2,1,8,3,1,1
lol-game-115564797164214472,partial,,LCS,2026,,0,2026-07-26 22:23:00,1,16.14.794.9266,8,Red,mid,Callme,,Disguised,,Cassiopeia,0,1947,4,5,6,13,18,,,0.1774,16035,494.1,0.2225,364,11.22,9,0.28,18,0.55,,,,,,,,,,,,,,,,,,,,,,,,6512,179,5880,170,632,9,1,1,2,0,2,0,9183,243,7639,211,1544,32,2,3,2,0,3,1,11577,276,10349,240,1228,36,3,5,3,2,6,1,13601,310,12135,270,1466,40,4,5,3,2,6,3,1,1
lol-game-115564797164214472,partial,,LCS,2026,,0,2026-07-26 22:23:00,1,16.14.794.9266,9,Red,bot,sajed,,Disguised,,Ziggs,0,1947,1,3,8,13,18,,,0.294,17189,529.7,0.2385,403,12.42,15,0.46,6,0.18,,,,,,,,,,,,,,,,,,,,,,,,7091,191,7125,188,-34,3,0,1,0,0,2,0,10045,248,8937,228,1108,20,1,3,0,0,3,1,12251,295,10995,277,1256,18,1,5,1,0,6,1,14264,334,14883,332,-619,2,1,7,3,2,7,1,1,1
lol-game-115564797164214472,partial,,LCS,2026,,0,2026-07-26 22:23:00,1,16.14.794.9266,10,Red,sup,Lyonz,,Disguised,,Shen,0,1947,1,4,11,13,18,,,0.0486,10278,316.7,0.1426,47,1.45,95,2.93,23,0.71,,,,,,,,,,,,,,,,,,,,,,,,4062,28,4563,19,-501,9,0,2,1,2,0,1,5442,33,5747,23,-305,10,0,5,1,2,1,1,7265,37,7307,25,-42,12,1,6,2,2,6,3,8671,38,8781,26,-110,12,1,10,3,3,6,4,1,1
lol-game-115564797164214472,partial,,LCS,2026,,0,2026-07-26 22:23:00,1,16.14.794.9266,,Red,team,,,Disguised,,,0,1947,13,18,39,13,18,0.401,0.955,,72058,,,1366,,144,,66,,,,,,,1,5,1,4,0,1,0,0,0,0,0,1,2,1,5,10,0,2,29529,692,29511,672,18,20,2,6,3,3,6,2,41036,909,38139,839,2897,70,5,16,4,4,10,5,51325,1043,49319,976,2006,67,8,25,9,9,27,8,61272,1175,61401,1134,-129,41,12,35,13,13,31,12,1,1
lol-game-115564797164280009,partial,,LCS,2026,,0,2026-07-26 23:15:00,2,16.14.794.9266,1,Blue,top,Fudge,,Shopify Rebellion,,Jayce,1,1585,7,0,9,18,3,,,0.2795,13289,503.1,0.2257,245,9.27,11,0.42,9,0.34,,,,,,,,,,,,,,,,,,,,,,,,5016,96,4039,111,977,-15,2,1,0,0,0,1,6863,142,6006,162,857,-20,2,2,0,0,0,1,9256,201,8219,223,1037,-22,3,2,0,0,0,1,11645,233,9163,237,2482,-4,5,6,0,0,0,4,1,1
lol-game-115564797164280009,partial,,LCS,2026,,0,2026-07-26 23:15:00,2,16.14.794.9266,2,Blue,jng,Contractz,,Shopify Rebellion,,Xin Zhao,1,1585,3,1,8,18,3,,,0.2078,12382,468.7,0.2103,235,8.9,10,0.38,10,0.38,,,,,,,,,,,,,,,,,,,,,,,,4731,98,4152,77,579,21,1,1,1,1,0,2,6529,135,5760,110,769,25,1,2,1,1,1,3,8516,180,7119,134,1397,46,1,3,1,1,1,4,10808,224,8117,144,2691,80,2,6,1,1,1,6,1,1
lol-game-115564797164280009,partial,,LCS,2026,,0,2026-07-26 23:15:00,2,16.14.794.9266,3,Blue,mid,Zinie,,Shopify Rebellion,,Anivia,1,1585,1,1,8,18,3,,,0.1921,10714,405.6,0.1819,252,9.54,19,0.72,8,0.3,,,,,,,,,,,,,,,,,,,,,,,,4401,119,4396,128,5,-9,0,1,0,0,1,0,6519,172,6197,175,322,-3,1,1,0,0,2,0,8171,214,8012,231,159,-17,1,2,0,0,2,0,9945,249,9865,290,80,-41,1,6,0,0,2,0,1,1
lol-game-115564797164280009,partial,,LCS,2026,,0,2026-07-26 23:15:00,2,16.14.794.9266,4,Blue,bot,Bvoy,,Shopify Rebellion,,Viktor,1,1585,6,0,9,18,3,,,0.2469,14192,537.2,0.241,251,9.5,16,0.61,2,0.08,,,,,,,,,,,,,,,,,,,,,,,,4739,101,4824,110,-85,-9,0,2,0,0,0,1,6847,147,7139,166,-292,-19,0,3,0,1,0,1,8719,198,9582,230,-863,-32,0,3,0,1,0,1,12480,237,11538,277,942,-40,4,6,0,1,0,2,1,1
lol-game-115564797164280009,partial,,LCS,2026,,0,2026-07-26 23:15:00,2,16.14.794.9266,5,Blue,sup,Zeyzal,,Shopify Rebellion,,Nautilus,1,1585,1,1,15,18,3,,,0.0737,8309,314.5,0.1411,29,1.1,63,2.38,11,0.42,,,,,,,,,,,,,,,,,,,,,,,,3444,21,3123,16,321,5,1,1,0,0,1,0,4668,26,4292,18,376,8,1,2,1,0,2,0,5823,27,5384,24,439,3,1,3,1,0,2,0,7344,29,6541,29,803,0,1,10,1,0,2,1,1,1
lol-game-115564797164280009,partial,,LCS,2026,,0,2026-07-26 23:15:00,2,16.14.794.9266,,Blue,team,,,Shopify Rebellion,,,1,1585,18,3,49,18,3,0.681,0.795,,58886,,,1012,,119,,40,,,,,,,4,0,4,0,2,0,0,1,0,1,0,0,1,0,10,3,2,0,22331,435,20534,442,1797,-7,4,6,1,1,2,4,31426,622,29394,631,2032,-9,5,10,2,2,5,5,40485,820,38316,842,2169,-22,6,13,2,2,5,6,52222,972,45224,977,6998,-5,13,34,2,2,5,13,1,1
lol-game-115564797164280009,partial,,LCS,2026,,0,2026-07-26 23:15:00,2,16.14.794.9266,6,Red,top,Srtty,,Disguised,,Rumble,0,1585,0,5,1,3,18,,,0.2725,9648,365.2,0.2014,246,9.31,13,0.49,3,0.11,,,,,,,,,,,,,,,,,,,,,,,,4039,111,5016,96,-977,15,0,0,1,2,1,0,6006,162,6863,142,-857,20,0,0,1,2,2,0,8219,223,9256,201,-1037,22,0,0,1,3,2,0,9163,237,11645,233,-2482,4,0,0,4,5,6,0,1,1
lol-game-115564797164280009,partial,,LCS,2026,,0,2026-07-26 23:15:00,2,16.14.794.9266,7,Red,jng,KryRa,,Disguised,,Pantheon,0,1585,1,7,2,3,18,,,0.17,8481,321.0,0.1771,146,5.53,6,0.23,4,0.15,,,,,,,,,,,,,,,,,,,,,,,,4152,77,4731,98,-579,-21,1,0,2,1,1,1,5760,110,6529,135,-769,-25,1,1,3,1,2,1,7119,134,8516,180,-1397,-46,1,1,4,1,3,1,8117,144,10808,224,-2691,-80,1,1,6,2,6,1,1,1
lol-game-115564797164280009,partial,,LCS,2026,,0,2026-07-26 23:15:00,2,16.14.794.9266,8,Red,mid,Callme,,Disguised,,Ryze,0,1585,0,1,2,3,18,,,0.2268,10129,383.4,0.2115,293,11.09,7,0.26,12,0.45,,,,,,,,,,,,,,,,,,,,,,,,4396,128,4401,119,-5,9,0,1,0,0,1,0,6197,175,6519,172,-322,3,0,2,0,1,1,0,8012,231,8171,214,-159,17,0,2,0,1,2,0,9865,290,9945,249,-80,41,0,2,0,1,6,0,1,1
lol-game-115564797164280009,partial,,LCS,2026,,0,2026-07-26 23:15:00,2,16.14.794.9266,9,Red,bot,sajed,,Disguised,,Lucian,0,1585,2,3,0,3,18,,,0.255,12732,482.0,0.2658,285,10.79,8,0.3,11,0.42,,,,,,,,,,,,,,,,,,,,,,,,4824,110,4739,101,85,9,0,0,1,0,2,0,7139,166,6847,147,292,19,1,0,1,0,3,0,9582,230,8719,198,863,32,1,0,1,0,3,0,11538,277,12480,237,-942,40,1,0,2,4,6,0,1,1
lol-game-115564797164280009,partial,,LCS,2026,,0,2026-07-26 23:15:00,2,16.14.794.9266,10,Red,sup,Lyonz,,Disguised,,Milio,0,1585,0,2,3,3,18,,,0.0756,6904,261.4,0.1442,29,1.1,52,1.97,11,0.42,,,,,,,,,,,,,,,,,,,,,,,,3123,16,3444,21,-321,-5,0,1,0,1,1,0,4292,18,4668,26,-376,-8,0,2,0,1,2,1,5384,24,5823,27,-439,-3,0,2,0,1,3,1,6541,29,7344,29,-803,0,0,2,1,1,10,1,1,1
lol-game-115564797164280009,partial,,LCS,2026,,0,2026-07-26 23:15:00,2,16.14.794.9266,,Red,team,,,Disguised,,,0,1585,3,18,8,3,18,0.114,0.795,,47894,,,999,,86,,41,,,,,,,0,4,0,4,0,0,0,0,0,0,0,0,0,1,3,10,0,2,20534,442,22331,435,-1797,7,1,2,4,4,6,1,29394,631,31426,622,-2032,9,2,5,5,5,10,2,38316,842,40485,820,-2169,22,2,5,6,6,13,2,45224,977,52222,972,-6998,5,2,5,13,13,34,2,1,1
lol-game-115564797164345552,partial,,LCS,2026,,0,2026-07-25 20:15:00,1,16.14.794.9266,1,Blue,top,Gakgos,,FlyQuest,,Ambessa,0,1587,0,5,2,6,19,,,0.2388,7823,295.8,0.1768,196,7.41,11,0.42,2,0.08,,,,,,,,,,,,,,,,,,,,,,,,3429,86,4453,118,-1024,-32,0,0,1,1,1,0,4684,120,7268,175,-2584,-55,0,0,2,2,2,0,6329,166,9831,220,-3502,-54,0,1,2,4,2,0,7482,194,11800,260,-4318,-66,0,1,4,5,2,0,1,1
lol-game-115564797164345552,partial,,LCS,2026,,0,2026-07-25 20:15:00,1,16.14.794.9266,2,Blue,jng,Gryffinn,,FlyQuest,,Lee Sin,0,1587,3,4,1,6,19,,,0.1998,9243,349.5,0.2088,180,6.81,9,0.34,0,0.0,,,,,,,,,,,,,,,,,,,,,,,,4358,85,3917,92,441,-7,2,0,0,0,1,1,6136,131,6225,128,-89,3,2,0,2,1,3,1,7682,156,8711,179,-1029,-23,3,0,3,1,5,1,8925,179,11247,228,-2322,-49,3,0,3,1,7,1,1,1
lol-game-115564797164345552,partial,,LCS,2026,,0,2026-07-25 20:15:00,1,16.14.794.9266,3,Blue,mid,Quad,,FlyQuest,,Akali,0,1587,2,2,2,6,19,,,0.1994,9960,376.6,0.225,241,9.11,6,0.23,1,0.04,,,,,,,,,,,,,,,,,,,,,,,,3760,90,4290,102,-530,-12,1,0,1,2,0,1,5485,142,6797,163,-1312,-21,1,0,1,3,0,1,7370,204,8913,222,-1543,-18,1,1,1,3,0,1,8712,241,11830,278,-3118,-37,1,1,1,4,0,1,1,1
lol-game-115564797164345552,partial,,LCS,2026,,0,2026-07-25 20:15:00,1,16.14.794.9266,4,Blue,bot,Massu,,FlyQuest,,Ziggs,0,1587,1,4,1,6,19,,,0.2737,11087,419.2,0.2505,253,9.57,12,0.45,1,0.04,,,,,,,,,,,,,,,,,,,,,,,,3359,78,4474,94,-1115,-16,0,0,2,3,0,1,5848,146,6717,160,-869,-14,0,0,2,3,0,1,7677,202,8839,219,-1162,-17,0,0,3,3,0,1,9613,247,11817,268,-2204,-21,0,0,3,4,1,1,1,1
lol-game-115564797164345552,partial,,LCS,2026,,0,2026-07-25 20:15:00,1,16.14.794.9266,5,Blue,sup,Cryogen,,FlyQuest,,Leona,0,1587,0,4,3,6,19,,,0.0882,6144,232.3,0.1388,34,1.29,53,2.0,15,0.57,,,,,,,,,,,,,,,,,,,,,,,,2459,11,3056,9,-597,2,0,1,2,0,3,1,3622,22,4505,16,-883,6,0,1,2,0,5,1,4737,29,5662,21,-925,8,0,2,2,0,5,2,5720,32,7109,29,-1389,3,0,2,3,0,5,2,1,1
lol-game-115564797164345552,partial,,LCS,2026,,0,2026-07-25 20:15:00,1,16.14.794.9266,,Blue,team,,,FlyQuest,,,0,1587,6,19,9,6,19,0.227,0.945,,44257,,,904,,91,,19,,,,,,,0,3,0,3,0,0,0,0,0,0,0,0,0,1,0,9,0,1,17365,350,20190,415,-2825,-65,3,1,6,6,5,4,25775,561,31512,642,-5737,-81,3,1,9,9,10,4,33795,757,41956,861,-8161,-104,4,4,11,11,12,5,40452,893,53803,1063,-13351,-170,4,4,14,14,15,5,1,1
lol-game-115564797164345552,partial,,LCS,2026,,0,2026-07-25 20:15:00,1,16.14.794.9266,6,Red,top,Dhokla,,LYON,,Gnar,1,1587,7,0,4,19,6,,,0.2931,13656,516.3,0.2293,271,10.25,10,0.38,1,0.04,,,,,,,,,,,,,,,,,,,,,,,,4453,118,3429,86,1024,32,1,1,0,0,0,1,7268,175,4684,120,2584,55,2,2,0,0,0,2,9831,220,6329,166,3502,54,4,2,0,0,1,2,11800,260,7482,194,4318,66,5,2,0,0,1,4,1,1
lol-game-115564797164345552,partial,,LCS,2026,,0,2026-07-25 20:15:00,1,16.14.794.9266,7,Red,jng,Armao,,LYON,,Jarvan IV,1,1587,2,1,11,19,6,,,0.126,12447,470.6,0.209,230,8.7,4,0.15,7,0.26,,,,,,,,,,,,,,,,,,,,,,,,3917,92,4358,85,-441,7,0,1,1,2,0,0,6225,128,6136,131,89,-3,1,3,1,2,0,2,8711,179,7682,156,1029,23,1,5,1,3,0,3,11247,228,8925,179,2322,49,1,7,1,3,0,3,1,1
lol-game-115564797164345552,partial,,LCS,2026,,0,2026-07-25 20:15:00,1,16.14.794.9266,8,Red,mid,Saint,,LYON,,LeBlanc,1,1587,4,2,0,19,6,,,0.3172,12563,475.0,0.211,279,10.55,7,0.26,13,0.49,,,,,,,,,,,,,,,,,,,,,,,,4290,102,3760,90,530,12,2,0,1,1,0,1,6797,163,5485,142,1312,21,3,0,1,1,0,1,8913,222,7370,204,1543,18,3,0,1,1,1,1,11830,278,8712,241,3118,37,4,0,1,1,1,1,1,1
lol-game-115564797164345552,partial,,LCS,2026,,0,2026-07-25 20:15:00,1,16.14.794.9266,9,Red,bot,Berserker,,LYON,,Cassiopeia,1,1587,5,2,2,19,6,,,0.1802,12797,483.8,0.2149,275,10.4,11,0.42,3,0.11,,,,,,,,,,,,,,,,,,,,,,,,4474,94,3359,78,1115,16,3,0,1,0,0,2,6717,160,5848,146,869,14,3,0,1,0,0,2,8839,219,7677,202,1162,17,3,0,1,0,0,3,11817,268,9613,247,2204,21,4,1,1,0,0,3,1,1
lol-game-115564797164345552,partial,,LCS,2026,,0,2026-07-25 20:15:00,1,16.14.794.9266,10,Red,sup,Isles,,LYON,,Camille,1,1587,1,2,7,19,6,,,0.0836,8088,305.8,0.1358,29,1.1,60,2.27,23,0.87,,,,,,,,,,,,,,,,,,,,,,,,3056,9,2459,11,597,-2,0,3,1,0,1,2,4505,16,3622,22,883,-6,0,5,1,0,1,2,5662,21,4737,29,925,-8,0,5,2,0,2,2,7109,29,5720,32,1389,-3,0,5,2,0,2,3,1,1
lol-game-115564797164345552,partial,,LCS,2026,,0,2026-07-25 20:15:00,1,16.14.794.9266,,Red,team,,,LYON,,,1,1587,19,6,24,19,6,0.718,0.945,,59551,,,1084,,92,,47,,,,,,,3,0,3,0,0,1,0,1,0,1,0,0,1,0,9,0,1,0,20190,415,17365,350,2825,65,6,5,4,3,1,6,31512,642,25775,561,5737,81,9,10,4,3,1,9,41956,861,33795,757,8161,104,11,12,5,4,4,11,53803,1063,40452,893,13351,170,14,15,5,4,4,14,1,1
lol-game-115564797164345553,partial,,LCS,2026,,0,2026-07-25 21:05:00,2,16.14.794.9266,1,Blue,top,Dhokla,,LYON,,Volibear,1,1723,4,6,9,26,22,,,0.1815,12939,450.6,0.1778,257,8.95,9,0.31,4,0.14,,,,,,,,,,,,,,,,,,,,,,,,4927,123,4989,113,-62,10,1,0,2,1,3,1,6499,166,8045,169,-1546,-3,1,0,3,2,3,1,9063,198,10551,203,-1488,-5,3,4,4,4,4,2,11449,245,12344,246,-895,-1,4,4,5,4,5,2,1,1
lol-game-115564797164345553,partial,,LCS,2026,,0,2026-07-25 21:05:00,2,16.14.794.9266,2,Blue,jng,Armao,,LYON,,Xin Zhao,1,1723,3,2,13,26,22,,,0.2061,14096,490.9,0.1937,238,8.29,6,0.21,11,0.38,,,,,,,,,,,,,,,,,,,,,,,,5026,116,5917,90,-891,26,0,2,1,4,5,1,6569,149,8488,141,-1919,8,0,2,1,5,6,1,9641,181,10203,179,-562,2,1,6,2,5,7,3,11480,222,12660,216,-1180,6,1,7,2,7,7,3,1,1
lol-game-115564797164345553,partial,,LCS,2026,,0,2026-07-25 21:05:00,2,16.14.794.9266,3,Blue,mid,Saint,,LYON,,Viktor,1,1723,5,4,11,26,22,,,0.241,15405,536.4,0.2116,320,11.14,18,0.63,9,0.31,,,,,,,,,,,,,,,,,,,,,,,,4756,133,5221,129,-465,4,0,0,1,2,1,1,6794,193,7277,188,-483,5,0,0,2,2,2,1,9201,250,8657,219,544,31,0,4,3,2,4,2,11278,297,10512,257,766,40,0,5,3,2,6,3,1,1
lol-game-115564797164345553,partial,,LCS,2026,,0,2026-07-25 21:05:00,2,16.14.794.9266,4,Blue,bot,Berserker,,LYON,,Jayce,1,1723,11,5,10,26,22,,,0.3196,20671,719.8,0.284,284,9.89,11,0.38,4,0.14,,,,,,,,,,,,,,,,,,,,,,,,5978,121,5662,102,316,19,1,2,4,3,3,2,8603,189,7646,159,957,30,1,2,4,3,3,2,14033,235,9456,196,4577,39,5,5,4,4,3,3,16540,276,11342,239,5198,37,6,6,4,4,5,3,1,1
lol-game-115564797164345553,partial,,LCS,2026,,0,2026-07-25 21:05:00,2,16.14.794.9266,5,Blue,sup,Isles,,LYON,,Shen,1,1723,3,5,11,26,22,,,0.0517,9680,337.1,0.133,32,1.11,74,2.58,19,0.66,,,,,,,,,,,,,,,,,,,,,,,,4061,16,4723,23,-662,-7,3,1,3,1,9,0,5171,22,5900,27,-729,-5,3,1,3,1,9,0,6957,28,7066,29,-109,-1,3,7,3,1,11,2,8229,31,8190,32,39,-1,3,7,4,1,13,3,1,1
lol-game-115564797164345553,partial,,LCS,2026,,0,2026-07-25 21:05:00,2,16.14.794.9266,,Blue,team,,,LYON,,,1,1723,26,22,54,26,22,0.905,1.672,,72791,,,1131,,118,,47,,,,,,,2,3,2,3,2,0,0,0,0,0,0,0,2,0,9,2,2,0,24748,509,26512,457,-1764,52,5,5,11,11,21,5,33636,719,37356,684,-3720,35,5,5,13,13,23,5,48895,892,45933,826,2962,66,12,26,16,16,29,12,58976,1071,55048,990,3928,81,14,29,18,18,36,14,1,1
lol-game-115564797164345553,partial,,LCS,2026,,0,2026-07-25 21:05:00,2,16.14.794.9266,6,Red,top,Gakgos,,FlyQuest,,Olaf,0,1723,5,5,6,22,26,,,0.2004,13477,469.3,0.2199,248,8.64,10,0.35,6,0.21,,,,,,,,,,,,,,,,,,,,,,,,4989,113,4927,123,62,-10,1,3,1,1,0,2,8045,169,6499,166,1546,3,2,3,1,1,0,3,10551,203,9063,198,1488,5,4,4,2,3,4,4,12344,246,11449,245,895,1,4,5,2,4,4,5,1,1
lol-game-115564797164345553,partial,,LCS,2026,,0,2026-07-25 21:05:00,2,16.14.794.9266,7,Red,jng,Gryffinn,,FlyQuest,,Vi,0,1723,7,6,8,22,26,,,0.1596,13236,460.9,0.216,216,7.52,6,0.21,11,0.38,,,,,,,,,,,,,,,,,,,,,,,,5917,90,5026,116,891,-26,4,5,1,0,2,1,8488,141,6569,149,1919,-8,5,6,1,0,2,1,10203,179,9641,181,562,-2,5,7,3,1,6,2,12660,216,11480,222,1180,-6,7,7,3,1,7,2,1,1
lol-game-115564797164345553,partial,,LCS,2026,,0,2026-07-25 21:05:00,2,16.14.794.9266,8,Red,mid,Quad,,FlyQuest,,Syndra,0,1723,3,5,7,22,26,,,0.2554,12559,437.3,0.2049,273,9.51,20,0.7,3,0.1,,,,,,,,,,,,,,,,,,,,,,,,5221,129,4756,133,465,-4,2,1,1,0,0,1,7277,188,6794,193,483,-5,2,2,1,0,0,2,8657,219,9201,250,-544,-31,2,4,2,0,4,3,10512,257,11278,297,-766,-40,2,6,3,0,5,3,1,1
lol-game-115564797164345553,partial,,LCS,2026,,0,2026-07-25 21:05:00,2,16.14.794.9266,9,Red,bot,Massu,,FlyQuest,,Sylas,0,1723,6,5,7,22,26,,,0.2945,12972,451.7,0.2117,243,8.46,12,0.42,2,0.07,,,,,,,,,,,,,,,,,,,,,,,,5662,102,5978,121,-316,-19,3,3,2,1,2,4,7646,159,8603,189,-957,-30,3,3,2,1,2,4,9456,196,14033,235,-4577,-39,4,3,3,5,5,4,11342,239,16540,276,-5198,-37,4,5,3,6,6,4,1,1
lol-game-115564797164345553,partial,,LCS,2026,,0,2026-07-25 21:05:00,2,16.14.794.9266,10,Red,sup,Cryogen,,FlyQuest,,Rell,0,1723,1,5,15,22,26,,,0.0901,9035,314.6,0.1474,32,1.11,70,2.44,19,0.66,,,,,,,,,,,,,,,,,,,,,,,,4723,23,4061,16,662,7,1,9,0,3,1,3,5900,27,5171,22,729,5,1,9,0,3,1,3,7066,29,6957,28,109,1,1,11,2,3,7,3,8190,32,8229,31,-39,1,1,13,3,3,7,4,1,1
lol-game-115564797164345553,partial,,LCS,2026,,0,2026-07-25 21:05:00,2,16.14.794.9266,,Red,team,,,FlyQuest,,,0,1723,22,26,43,22,26,0.766,1.672,,61279,,,1012,,118,,41,,,,,,,3,2,3,2,1,0,0,1,1,0,0,0,0,2,2,9,0,2,26512,457,24748,509,1764,-52,11,21,5,5,5,11,37356,684,33636,719,3720,-35,13,23,5,5,5,13,45933,826,48895,892,-2962,-66,16,29,12,12,26,16,55048,990,58976,1071,-3928,-81,18,36,14,14,29,18,1,1
lol-game-115564797164345564,partial,,LCS,2026,,0,2026-08-02 20:15:00,1,16.15.800.4844,1,Blue,top,Fudge,,Shopify Rebellion,,Vayne,0,2421,3,3,3,13,23,,,0.1469,16071,398.3,0.2099,359,8.9,19,0.47,19,0.47,,,,,,,,,,,,,,,,,,,,,,,,4492,122,4124,114,368,8,0,1,0,0,0,0,6259,171,5894,165,365,6,0,1,0,0,0,0,8110,218,7572,212,538,6,0,1,0,0,0,0,10734,259,8965,243,1769,16,2,2,0,0,1,1,1,1
lol-game-115564797164345564,partial,,LCS,2026,,0,2026-08-02 20:15:00,1,16.15.800.4844,2,Blue,jng,Contractz,,Shopify Rebellion,,Jayce,0,2421,1,6,10,13,23,,,0.2775,17192,426.1,0.2245,285,7.06,10,0.25,17,0.42,,,,,,,,,,,,,,,,,,,,,,,,4573,91,4046,86,527,5,0,4,2,0,3,3,6441,135,6083,130,358,5,0,4,2,1,3,3,8639,174,7980,173,659,1,0,4,2,1,3,3,10740,209,9300,195,1440,14,0,8,3,1,4,4,1,1
lol-game-115564797164345564,partial,,LCS,2026,,0,2026-08-02 20:15:00,1,16.15.800.4844,3,Blue,mid,Zinie,,Shopify Rebellion,,Galio,0,2421,1,4,9,13,23,,,0.118,13350,330.9,0.1743,313,7.76,20,0.5,13,0.32,,,,,,,,,,,,,,,,,,,,,,,,4703,124,5624,116,-921,8,1,3,0,3,0,1,6375,177,7702,175,-1327,2,1,3,0,3,1,1,8028,223,9903,224,-1875,-1,1,3,0,3,1,1,9655,255,12510,274,-2855,-19,1,7,0,4,1,1,1,1
lol-game-115564797164345564,partial,,LCS,2026,,0,2026-08-02 20:15:00,1,16.15.800.4844,4,Blue,bot,Bvoy,,Shopify Rebellion,,Ziggs,0,2421,6,2,2,13,23,,,0.3699,19171,475.1,0.2503,415,10.29,17,0.42,9,0.22,,,,,,,,,,,,,,,,,,,,,,,,4322,117,4407,123,-85,-6,1,0,0,0,3,0,6727,177,6804,184,-77,-7,1,0,0,0,4,0,8872,232,9093,250,-221,-18,1,0,0,0,4,0,11976,287,11454,305,522,-18,3,2,0,1,4,1,1,1
lol-game-115564797164345564,partial,,LCS,2026,,0,2026-08-02 20:15:00,1,16.15.800.4844,5,Blue,sup,Zeyzal,,Shopify Rebellion,,Camille,0,2421,2,8,7,13,23,,,0.0877,10797,267.6,0.141,44,1.09,89,2.21,24,0.59,,,,,,,,,,,,,,,,,,,,,,,,3769,18,3015,23,754,-5,2,2,1,0,3,0,4884,29,4103,28,781,1,2,2,2,0,4,0,5989,32,5193,32,796,0,2,2,2,0,4,0,7496,37,6254,33,1242,4,2,5,3,0,5,1,1,1
lol-game-115564797164345564,partial,,LCS,2026,,0,2026-08-02 20:15:00,1,16.15.800.4844,,Blue,team,,,Shopify Rebellion,,,0,2421,13,23,31,13,23,0.322,0.892,,76581,,,1416,,155,,82,,,,,,,2,5,2,4,2,0,0,0,0,0,0,1,0,2,5,11,0,2,21859,472,21216,462,643,10,4,10,3,3,9,4,30686,689,30586,682,100,7,4,10,4,4,12,4,39638,879,39741,891,-103,-12,4,10,4,4,12,4,50601,1047,48483,1050,2118,-3,8,24,6,6,15,8,1,1
lol-game-115564797164345564,partial,,LCS,2026,,0,2026-08-02 20:15:00,1,16.15.800.4844,6,Red,top,Dhokla,,LYON,,K'Sante,1,2421,1,2,5,23,13,,,0.0543,14648,363.0,0.1669,314,7.78,13,0.32,16,0.4,,,,,,,,,,,,,,,,,,,,,,,,4124,114,4492,122,-368,-8,0,0,0,0,1,0,5894,165,6259,171,-365,-6,0,0,0,0,1,0,7572,212,8110,218,-538,-6,0,0,0,0,1,0,8965,243,10734,259,-1769,-16,0,1,1,2,2,0,1,1
lol-game-115564797164345564,partial,,LCS,2026,,0,2026-08-02 20:15:00,1,16.15.800.4844,7,Red,jng,Armao,,LYON,,Jarvan IV,1,2421,5,6,13,23,13,,,0.1125,16805,416.5,0.1914,278,6.89,11,0.27,15,0.37,,,,,,,,,,,,,,,,,,,,,,,,4046,86,4573,91,-527,-5,0,3,3,0,4,2,6083,130,6441,135,-358,-5,1,3,3,0,4,2,7980,173,8639,174,-659,-1,1,3,3,0,4,2,9300,195,10740,209,-1440,-14,1,4,4,0,8,3,1,1
lol-game-115564797164345564,partial,,LCS,2026,,0,2026-08-02 20:15:00,1,16.15.800.4844,8,Red,mid,Saint,,LYON,,Ahri,1,2421,7,2,10,23,13,,,0.3206,21283,527.5,0.2424,399,9.89,10,0.25,14,0.35,,,,,,,,,,,,,,,,,,,,,,,,5624,116,4703,124,921,-8,3,0,1,1,3,0,7702,175,6375,177,1327,-2,3,1,1,1,3,0,9903,224,8028,223,1875,1,3,1,1,1,3,0,12510,274,9655,255,2855,19,4,1,1,1,7,0,1,1
lol-game-115564797164345564,partial,,LCS,2026,,0,2026-08-02 20:15:00,1,16.15.800.4844,9,Red,bot,Berserker,,LYON,,Ezreal,1,2421,9,2,8,23,13,,,0.4652,23450,581.2,0.2671,491,12.17,18,0.45,10,0.25,,,,,,,,,,,,,,,,,,,,,,,,4407,123,4322,117,85,6,0,3,0,1,0,0,6804,184,6727,177,77,7,0,4,0,1,0,0,9093,250,8872,232,221,18,0,4,0,1,0,0,11454,305,11976,287,-522,18,1,4,1,3,2,0,1,1
lol-game-115564797164345564,partial,,LCS,2026,,0,2026-08-02 20:15:00,1,16.15.800.4844,10,Red,sup,Isles,,LYON,,Shen,1,2421,1,1,18,23,13,,,0.0474,11605,287.6,0.1322,46,1.14,120,2.97,23,0.57,,,,,,,,,,,,,,,,,,,,,,,,3015,23,3769,18,-754,5,0,3,0,2,2,1,4103,28,4884,29,-781,-1,0,4,0,2,2,2,5193,32,5989,32,-796,0,0,4,0,2,2,2,6254,33,7496,37,-1242,-4,0,5,1,2,5,3,1,1
lol-game-115564797164345564,partial,,LCS,2026,,0,2026-08-02 20:15:00,1,16.15.800.4844,,Red,team,,,LYON,,,1,2421,23,13,54,23,13,0.57,0.892,,87791,,,1528,,172,,78,,,,,,,5,2,4,2,2,0,1,1,0,0,1,0,2,0,11,5,2,0,21216,462,21859,472,-643,-10,3,9,4,4,10,3,30586,682,30686,689,-100,-7,4,12,4,4,10,4,39741,891,39638,879,103,12,4,12,4,4,10,4,48483,1050,50601,1047,-2118,3,6,15,8,8,24,6,1,1
lol-game-115564797164345565,partial,,LCS,2026,,0,2026-08-02 21:15:00,2,16.15.800.4844,1,Blue,top,Fudge,,Shopify Rebellion,,Jax,0,1339,2,4,2,8,24,,,0.2009,7853,351.9,0.1893,168,7.53,9,0.4,3,0.13,,,,,,,,,,,,,,,,,,,,,,,,4034,89,4463,100,-429,-11,1,1,1,2,0,2,5466,120,6609,162,-1143,-42,1,1,1,2,0,2,7131,147,9684,202,-2553,-55,2,2,3,4,6,3,,,,,,,,,,,,,1,1
lol-game-115564797164345565,partial,,LCS,2026,,0,2026-08-02 21:15:00,2,16.15.800.4844,2,Blue,jng,Contractz,,Shopify Rebellion,,Xin Zhao,0,1339,3,2,2,8,24,,,0.189,10308,461.9,0.2485,178,7.98,6,0.27,10,0.45,,,,,,,,,,,,,,,,,,,,,,,,4549,98,4820,91,-271,7,1,0,0,2,2,0,6698,145,6745,137,-47,8,1,1,0,2,3,0,8893,169,9284,178,-391,-9,2,2,1,2,11,0,,,,,,,,,,,,,1,1
lol-game-115564797164345565,partial,,LCS,2026,,0,2026-08-02 21:15:00,2,16.15.800.4844,3,Blue,mid,Zinie,,Shopify Rebellion,,Ryze,0,1339,0,6,2,8,24,,,0.2624,8011,359.0,0.1931,212,9.5,11,0.49,4,0.18,,,,,,,,,,,,,,,,,,,,,,,,4201,112,4473,120,-272,-8,0,1,3,0,2,0,6282,175,5906,152,376,23,0,1,4,0,3,1,7570,206,9268,201,-1698,5,0,2,5,3,5,1,,,,,,,,,,,,,1,1
lol-game-115564797164345565,partial,,LCS,2026,,0,2026-08-02 21:15:00,2,16.15.800.4844,4,Blue,bot,Bvoy,,Shopify Rebellion,,Miss Fortune,0,1339,1,6,4,8,24,,,0.1961,9246,414.3,0.2229,201,9.01,10,0.45,6,0.27,,,,,,,,,,,,,,,,,,,,,,,,4449,94,6083,121,-1634,-27,1,2,3,4,1,1,6207,137,9023,186,-2816,-49,1,2,3,5,1,1,8404,188,12692,249,-4288,-61,1,4,5,8,2,2,,,,,,,,,,,,,1,1
lol-game-115564797164345565,partial,,LCS,2026,,0,2026-08-02 21:15:00,2,16.15.800.4844,5,Blue,sup,Zeyzal,,Shopify Rebellion,,Nautilus,0,1339,2,6,1,8,24,,,0.1516,6064,271.7,0.1462,19,0.85,49,2.2,4,0.18,,,,,,,,,,,,,,,,,,,,,,,,3104,15,3965,15,-861,0,1,0,2,1,6,1,4552,16,5428,17,-876,-1,2,0,2,1,7,1,5618,19,7154,22,-1536,-3,2,1,4,1,14,1,,,,,,,,,,,,,1,1
lol-game-115564797164345565,partial,,LCS,2026,,0,2026-08-02 21:15:00,2,16.15.800.4844,,Blue,team,,,Shopify Rebellion,,,0,1339,8,24,11,8,24,0.358,1.434,,41482,,,778,,85,,27,,,,,,,0,4,0,4,0,0,0,0,0,0,0,0,0,1,1,9,0,1,20337,408,23804,447,-3467,-39,4,4,9,9,11,4,29205,593,33711,654,-4506,-61,5,5,10,10,14,5,37616,729,48082,852,-10466,-123,7,11,18,18,38,7,,,,,,,,,,,,,1,1
lol-game-115564797164345565,partial,,LCS,2026,,0,2026-08-02 21:15:00,2,16.15.800.4844,6,Red,top,Dhokla,,LYON,,Olaf,1,1339,5,3,7,24,8,,,0.2499,10887,487.8,0.1963,218,9.77,11,0.49,2,0.09,,,,,,,,,,,,,,,,,,,,,,,,4463,100,4034,89,429,11,2,0,2,1,1,1,6609,162,5466,120,1143,42,2,0,2,1,1,1,9684,202,7131,147,2553,55,4,6,3,2,2,3,,,,,,,,,,,,,1,1
lol-game-115564797164345565,partial,,LCS,2026,,0,2026-08-02 21:15:00,2,16.15.800.4844,7,Red,jng,Armao,,LYON,,Nocturne,1,1339,2,1,14,24,8,,,0.1833,10395,465.8,0.1875,191,8.56,5,0.22,2,0.09,,,,,,,,,,,,,,,,,,,,,,,,4820,91,4549,98,271,-7,2,2,0,1,0,0,6745,137,6698,145,47,-8,2,3,0,1,1,0,9284,178,8893,169,391,9,2,11,0,2,2,1,,,,,,,,,,,,,1,1
lol-game-115564797164345565,partial,,LCS,2026,,0,2026-08-02 21:15:00,2,16.15.800.4844,8,Red,mid,Saint,,LYON,,Annie,1,1339,5,1,7,24,8,,,0.2593,10948,490.6,0.1974,224,10.04,10,0.45,1,0.04,,,,,,,,,,,,,,,,,,,,,,,,4473,120,4201,112,272,8,0,2,0,0,1,3,5906,152,6282,175,-376,-23,0,3,1,0,1,4,9268,201,7570,206,1698,-5,3,5,1,0,2,5,,,,,,,,,,,,,1,1
lol-game-115564797164345565,partial,,LCS,2026,,0,2026-08-02 21:15:00,2,16.15.800.4844,9,Red,bot,Berserker,,LYON,,Lucian,1,1339,11,2,4,24,8,,,0.2507,15039,673.9,0.2712,274,12.28,13,0.58,12,0.54,,,,,,,,,,,,,,,,,,,,,,,,6083,121,4449,94,1634,27,4,1,1,1,2,3,9023,186,6207,137,2816,49,5,1,1,1,2,3,12692,249,8404,188,4288,61,8,2,2,1,4,5,,,,,,,,,,,,,1,1
lol-game-115564797164345565,partial,,LCS,2026,,0,2026-08-02 21:15:00,2,16.15.800.4844,10,Red,sup,Isles,,LYON,,Milio,1,1339,1,1,19,24,8,,,0.0569,8178,366.5,0.1475,23,1.03,46,2.06,12,0.54,,,,,,,,,,,,,,,,,,,,,,,,3965,15,3104,15,861,0,1,6,1,1,0,2,5428,17,4552,16,876,1,1,7,1,2,0,2,7154,22,5618,19,1536,3,1,14,1,2,1,4,,,,,,,,,,,,,1,1
lol-game-115564797164345565,partial,,LCS,2026,,0,2026-08-02 21:15:00,2,16.15.800.4844,,Red,team,,,LYON,,,1,1339,24,8,51,24,8,1.075,1.434,,55447,,,930,,85,,29,,,,,,,4,0,4,0,2,1,0,0,1,0,0,0,1,0,9,1,1,0,23804,447,20337,408,3467,39,9,11,4,4,4,9,33711,654,29205,593,4506,61,10,14,5,5,5,10,48082,852,37616,729,10466,123,18,38,7,7,11,18,,,,,,,,,,,,,1,1
lol-game-116566854547704009,partial,,LPL,2026,,0,2026-08-07 11:00:00,1,,1,Blue,top,ZUIAN,,TOP ESPORTS,,Rumble,0,,9,6,9,23,26,,,,12989,,0.2267,200,,0,,0,,,,,,,,,,,,,,,,,,,,,,,,,,,,,,,,,,,,,,,,,,,,,,,,,,,,,,,,,,,,,,,,,,,,,,,,,1,0
lol-game-116566854547704009,partial,,LPL,2026,,0,2026-08-07 11:00:00,1,,2,Blue,jng,Tian,,TOP ESPORTS,,Vi,0,,2,8,9,23,26,,,,10296,,0.1797,197,,0,,0,,,,,,,,,,,,,,,,,,,,,,,,,,,,,,,,,,,,,,,,,,,,,,,,,,,,,,,,,,,,,,,,,,,,,,,,,1,0
lol-game-116566854547704009,partial,,LPL,2026,,0,2026-08-07 11:00:00,1,,3,Blue,mid,Creme,,TOP ESPORTS,,Ahri,0,,4,3,13,23,26,,,,11739,,0.2048,256,,0,,0,,,,,,,,,,,,,,,,,,,,,,,,,,,,,,,,,,,,,,,,,,,,,,,,,,,,,,,,,,,,,,,,,,,,,,,,,1,0
lol-game-116566854547704009,partial,,LPL,2026,,0,2026-08-07 11:00:00,1,,4,Blue,bot,JackeyLove,,TOP ESPORTS,,Jhin,0,,7,3,10,23,26,,,,14584,,0.2545,257,,0,,0,,,,,,,,,,,,,,,,,,,,,,,,,,,,,,,,,,,,,,,,,,,,,,,,,,,,,,,,,,,,,,,,,,,,,,,,,1,0
lol-game-116566854547704009,partial,,LPL,2026,,0,2026-08-07 11:00:00,1,,5,Blue,sup,Zhuo,,TOP ESPORTS,,Alistar,0,,1,6,19,23,26,,,,7698,,0.1343,32,,0,,0,,,,,,,,,,,,,,,,,,,,,,,,,,,,,,,,,,,,,,,,,,,,,,,,,,,,,,,,,,,,,,,,,,,,,,,,,1,0
lol-game-116566854547704009,partial,,LPL,2026,,0,2026-08-07 11:00:00,1,,,Blue,team,,,TOP ESPORTS,,,0,,23,26,60,23,26,,,,57306,,,942,,0,,0,,,,,,,2,2,0,0,0,0,0,0,0,0,0,0,0,1,1,5,,,,,,,,,,,,,,,,,,,,,,,,,,,,,,,,,,,,,,,,,,,,,,,,,,,1,0
lol-game-116566854547704009,partial,,LPL,2026,,0,2026-08-07 11:00:00,1,,6,Red,top,Wenbo,,BILIBILI GAMING,,Ambessa,0,,6,4,9,26,23,,,,12702,,0.2058,236,,0,,0,,,,,,,,,,,,,,,,,,,,,,,,,,,,,,,,,,,,,,,,,,,,,,,,,,,,,,,,,,,,,,,,,,,,,,,,,1,0
lol-game-116566854547704009,partial,,LPL,2026,,0,2026-08-07 11:00:00,1,,7,Red,jng,Xun,,BILIBILI GAMING,,Jarvan IV,0,,2,4,17,26,23,,,,11551,,0.1872,202,,0,,0,,,,,,,,,,,,,,,,,,,,,,,,,,,,,,,,,,,,,,,,,,,,,,,,,,,,,,,,,,,,,,,,,,,,,,,,,1,0
lol-game-116566854547704009,partial,,LPL,2026,,0,2026-08-07 11:00:00,1,,8,Red,mid,Knight,,BILIBILI GAMING,,Lissandra,0,,5,3,15,26,23,,,,13419,,0.2175,292,,0,,0,,,,,,,,,,,,,,,,,,,,,,,,,,,,,,,,,,,,,,,,,,,,,,,,,,,,,,,,,,,,,,,,,,,,,,,,,1,0
lol-game-116566854547704009,partial,,LPL,2026,,0,2026-08-07 11:00:00,1,,9,Red,bot,Viper,,BILIBILI GAMING,,Corki,0,,12,6,4,26,23,,,,15615,,0.2531,251,,0,,0,,,,,,,,,,,,,,,,,,,,,,,,,,,,,,,,,,,,,,,,,,,,,,,,,,,,,,,,,,,,,,,,,,,,,,,,,1,0
lol-game-116566854547704009,partial,,LPL,2026,,0,2026-08-07 11:00:00,1,,10,Red,sup,ON,,BILIBILI GAMING,,Camille,0,,1,6,12,26,23,,,,8419,,0.1364,41,,0,,0,,,,,,,,,,,,,,,,,,,,,,,,,,,,,,,,,,,,,,,,,,,,,,,,,,,,,,,,,,,,,,,,,,,,,,,,,1,0
lol-game-116566854547704009,partial,,LPL,2026,,0,2026-08-07 11:00:00,1,,,Red,team,,,BILIBILI GAMING,,,0,,26,23,57,26,23,,,,61706,,,1022,,0,,0,,,,,,,2,2,0,0,0,0,0,0,0,0,0,0,1,0,5,1,,,,,,,,,,,,,,,,,,,,,,,,,,,,,,,,,,,,,,,,,,,,,,,,,,,1,0
lol-game-116566854547769546,partial,,LPL,2026,,0,2026-08-07 11:00:00,2,,1,Blue,top,ZUIAN,,BILIBILI GAMING,,Olaf,0,,6,1,7,21,5,,,,10708,,0.2158,192,,0,,0,,,,,,,,,,,,,,,,,,,,,,,,,,,,,,,,,,,,,,,,,,,,,,,,,,,,,,,,,,,,,,,,,,,,,,,,,1,0
lol-game-116566854547769546,partial,,LPL,2026,,0,2026-08-07 11:00:00,2,,2,Blue,jng,Tian,,BILIBILI GAMING,,Lee Sin,0,,8,2,6,21,5,,,,11073,,0.2231,160,,0,,0,,,,,,,,,,,,,,,,,,,,,,,,,,,,,,,,,,,,,,,,,,,,,,,,,,,,,,,,,,,,,,,,,,,,,,,,,1,0
lol-game-116566854547769546,partial,,LPL,2026,,0,2026-08-07 11:00:00,2,,3,Blue,mid,Creme,,BILIBILI GAMING,,Akali,0,,1,1,5,21,5,,,,8891,,0.1792,200,,0,,0,,,,,,,,,,,,,,,,,,,,,,,,,,,,,,,,,,,,,,,,,,,,,,,,,,,,,,,,,,,,,,,,,,,,,,,,,1,0
lol-game-116566854547769546,partial,,LPL,2026,,0,2026-08-07 11:00:00,2,,4,Blue,bot,JackeyLove,,BILIBILI GAMING,,Ashe,0,,5,1,12,21,5,,,,11773,,0.2372,229,,0,,0,,,,,,,,,,,,,,,,,,,,,,,,,,,,,,,,,,,,,,,,,,,,,,,,,,,,,,,,,,,,,,,,,,,,,,,,,1,0
lol-game-116566854547769546,partial,,LPL,2026,,0,2026-08-07 11:00:00,2,,5,Blue,sup,Zhuo,,BILIBILI GAMING,,Seraphine,0,,1,0,17,21,5,,,,7180,,0.1447,36,,0,,0,,,,,,,,,,,,,,,,,,,,,,,,,,,,,,,,,,,,,,,,,,,,,,,,,,,,,,,,,,,,,,,,,,,,,,,,,1,0
lol-game-116566854547769546,partial,,LPL,2026,,0,2026-08-07 11:00:00,2,,,Blue,team,,,BILIBILI GAMING,,,0,,21,5,47,21,5,,,,49625,,,817,,0,,0,,,,,,,1,2,0,0,0,0,0,0,0,0,0,0,1,0,4,0,,,,,,,,,,,,,,,,,,,,,,,,,,,,,,,,,,,,,,,,,,,,,,,,,,,1,0
lol-game-116566854547769546,partial,,LPL,2026,,0,2026-08-07 11:00:00,2,,6,Red,top,Wenbo,,TOP ESPORTS,,Renekton,0,,1,3,1,5,21,,,,8029,,0.1971,191,,0,,0,,,,,,,,,,,,,,,,,,,,,,,,,,,,,,,,,,,,,,,,,,,,,,,,,,,,,,,,,,,,,,,,,,,,,,,,,1,0
lol-game-116566854547769546,partial,,LPL,2026,,0,2026-08-07 11:00:00,2,,7,Red,jng,Xun,,TOP ESPORTS,,Poppy,0,,0,4,2,5,21,,,,7316,,0.1796,162,,0,,0,,,,,,,,,,,,,,,,,,,,,,,,,,,,,,,,,,,,,,,,,,,,,,,,,,,,,,,,,,,,,,,,,,,,,,,,,1,0
lol-game-116566854547769546,partial,,LPL,2026,,0,2026-08-07 11:00:00,2,,8,Red,mid,Knight,,TOP ESPORTS,,Syndra,0,,2,4,2,5,21,,,,9926,,0.2437,217,,0,,0,,,,,,,,,,,,,,,,,,,,,,,,,,,,,,,,,,,,,,,,,,,,,,,,,,,,,,,,,,,,,,,,,,,,,,,,,1,0
lol-game-116566854547769546,partial,,LPL,2026,,0,2026-08-07 11:00:00,2,,9,Red,bot,Viper,,TOP ESPORTS,,Varus,0,,2,4,2,5,21,,,,9919,,0.2435,224,,0,,0,,,,,,,,,,,,,,,,,,,,,,,,,,,,,,,,,,,,,,,,,,,,,,,,,,,,,,,,,,,,,,,,,,,,,,,,,1,0
lol-game-116566854547769546,partial,,LPL,2026,,0,2026-08-07 11:00:00,2,,10,Red,sup,ON,,TOP ESPORTS,,Bard,0,,0,6,4,5,21,,,,5541,,0.136,40,,0,,0,,,,,,,,,,,,,,,,,,,,,,,,,,,,,,,,,,,,,,,,,,,,,,,,,,,,,,,,,,,,,,,,,,,,,,,,,1,0
lol-game-116566854547769546,partial,,LPL,2026,,0,2026-08-07 11:00:00,2,,,Red,team,,,TOP ESPORTS,,,0,,5,21,11,5,21,,,,40731,,,834,,0,,0,,,,,,,2,1,0,0,0,0,0,0,0,0,0,0,0,1,0,4,,,,,,,,,,,,,,,,,,,,,,,,,,,,,,,,,,,,,,,,,,,,,,,,,,,1,0
lol-game-116566854547769549,partial,,LPL,2026,,0,2026-07-31 09:00:00,1,,1,Blue,top,Cube,,Xi'an Team WE,,Rumble,0,,2,3,0,9,20,,,0.26,12367,,0.2269,265,,13,,4,,,,,,,,,,,,,,,,,,,,,,,,,,,,,,,,,,,,,,,,,,,,,,,,,,,,,,,,,,,,,,,,,,,,,,,,,1,0
lol-game-116566854547769549,partial,,LPL,2026,,0,2026-07-31 09:00:00,1,,2,Blue,jng,Monki,,Xi'an Team WE,,Poppy,0,,0,2,8,9,20,,,0.1369,9594,,0.176,187,,8,,13,,,,,,,,,,,,,,,,,,,,,,,,,,,,,,,,,,,,,,,,,,,,,,,,,,,,,,,,,,,,,,,,,,,,,,,,,1,0
lol-game-116566854547769549,partial,,LPL,2026,,0,2026-07-31 09:00:00,1,,3,Blue,mid,Karis,,Xi'an Team WE,,Syndra,0,,2,7,2,9,20,,,0.2132,10129,,0.1858,246,,15,,3,,,,,,,,,,,,,,,,,,,,,,,,,,,,,,,,,,,,,,,,,,,,,,,,,,,,,,,,,,,,,,,,,,,,,,,,,1,0
lol-game-116566854547769549,partial,,LPL,2026,,0,2026-07-31 09:00:00,1,,4,Blue,bot,About,,Xi'an Team WE,,Sivir,0,,5,3,2,9,20,,,0.3312,14915,,0.2736,349,,18,,14,,,,,,,,,,,,,,,,,,,,,,,,,,,,,,,,,,,,,,,,,,,,,,,,,,,,,,,,,,,,,,,,,,,,,,,,,1,0
lol-game-116566854547769549,partial,,LPL,2026,,0,2026-07-31 09:00:00,1,,5,Blue,sup,Erha,,Xi'an Team WE,,Alistar,0,,0,5,9,9,20,,,0.0587,7509,,0.1377,27,,67,,12,,,,,,,,,,,,,,,,,,,,,,,,,,,,,,,,,,,,,,,,,,,,,,,,,,,,,,,,,,,,,,,,,,,,,,,,,1,0
lol-game-116566854547769549,partial,,LPL,2026,,0,2026-07-31 09:00:00,1,,,Blue,team,,,Xi'an Team WE,,,0,,9,20,21,9,20,,,,54514,,,1074,,121,,46,,,,,,,1,2,0,0,0,0,0,0,0,0,0,0,0,1,0,11,,,,,,,,,,,,,,,,,,,,,,,,,,,,,,,,,,,,,,,,,,,,,,,,,,,1,0
lol-game-116566854547769549,partial,,LPL,2026,,0,2026-07-31 09:00:00,1,,6,Red,top,Wenbo,,BILIBILI GAMING,,Yorick,1,,2,1,5,20,9,,,0.1648,12340,,0.1835,253,,12,,7,,,,,,,,,,,,,,,,,,,,,,,,,,,,,,,,,,,,,,,,,,,,,,,,,,,,,,,,,,,,,,,,,,,,,,,,,1,0
lol-game-116566854547769549,partial,,LPL,2026,,0,2026-07-31 09:00:00,1,,7,Red,jng,Xun,,BILIBILI GAMING,,Naafiri,1,,6,0,6,20,9,,,0.1666,14115,,0.2099,246,,9,,10,,,,,,,,,,,,,,,,,,,,,,,,,,,,,,,,,,,,,,,,,,,,,,,,,,,,,,,,,,,,,,,,,,,,,,,,,1,0
lol-game-116566854547769549,partial,,LPL,2026,,0,2026-07-31 09:00:00,1,,8,Red,mid,Knight,,BILIBILI GAMING,,Ryze,1,,6,1,5,20,9,,,0.2247,15815,,0.2352,339,,5,,5,,,,,,,,,,,,,,,,,,,,,,,,,,,,,,,,,,,,,,,,,,,,,,,,,,,,,,,,,,,,,,,,,,,,,,,,,1,0
lol-game-116566854547769549,partial,,LPL,2026,,0,2026-07-31 09:00:00,1,,9,Red,bot,Viper,,BILIBILI GAMING,,Xerath,1,,4,1,10,20,9,,,0.3298,16118,,0.2397,306,,19,,12,,,,,,,,,,,,,,,,,,,,,,,,,,,,,,,,,,,,,,,,,,,,,,,,,,,,,,,,,,,,,,,,,,,,,,,,,1,0
lol-game-116566854547769549,partial,,LPL,2026,,0,2026-07-31 09:00:00,1,,10,Red,sup,ON,,BILIBILI GAMING,,Camille,1,,2,6,7,20,9,,,0.1141,8865,,0.1318,37,,82,,23,,,,,,,,,,,,,,,,,,,,,,,,,,,,,,,,,,,,,,,,,,,,,,,,,,,,,,,,,,,,,,,,,,,,,,,,,1,0
lol-game-116566854547769549,partial,,LPL,2026,,0,2026-07-31 09:00:00,1,,,Red,team,,,BILIBILI GAMING,,,1,,20,9,33,20,9,,,,67253,,,1181,,127,,57,,,,,,,2,1,0,0,0,0,0,0,0,0,0,0,1,0,11,0,,,,,,,,,,,,,,,,,,,,,,,,,,,,,,,,,,,,,,,,,,,,,,,,,,,1,0
lol-game-116566854547769550,partial,,LPL,2026,,0,2026-07-31 10:06:58,2,16.14.794.5912,1,Blue,top,Wenbo,,BILIBILI GAMING,,Jayce,1,1755,5,5,10,26,15,,,0.2284,12890,440.7,0.1949,239,8.17,14,0.48,5,0.17,,,,,,,,,,,,,,,,,,,,,,,,2993,60,3136,63,-143,-3,1,0,2,1,1,1,4844,104,4751,107,93,-3,2,0,3,1,3,2,7634,163,6722,161,912,2,3,2,3,1,5,2,10165,209,9588,197,577,12,4,3,4,3,7,2,1,1
lol-game-116566854547769550,partial,,LPL,2026,,0,2026-07-31 10:06:58,2,16.14.794.5912,2,Blue,jng,Xun,,BILIBILI GAMING,,Lee Sin,1,1755,3,1,17,26,15,,,0.1831,13254,453.1,0.2004,222,7.59,25,0.85,17,0.58,,,,,,,,,,,,,,,,,,,,,,,,3004,61,3206,47,-202,14,0,2,0,1,2,1,4762,105,5266,91,-504,14,0,3,0,2,2,1,7540,143,7195,126,345,17,1,7,0,3,3,2,9775,186,9019,157,756,29,1,9,1,3,5,3,1,1
lol-game-116566854547769550,partial,,LPL,2026,,0,2026-07-31 10:06:58,2,16.14.794.5912,3,Blue,mid,Knight,,BILIBILI GAMING,,Vex,1,1755,6,2,8,26,15,,,0.2408,15247,521.3,0.2306,282,9.64,8,0.27,9,0.31,,,,,,,,,,,,,,,,,,,,,,,,3519,84,3338,80,181,4,1,1,0,1,0,0,5448,137,5102,133,346,4,1,1,0,1,1,0,7858,195,6957,183,901,12,1,1,1,2,1,1,9847,229,9228,226,619,3,2,2,2,3,3,2,1,1
lol-game-116566854547769550,partial,,LPL,2026,,0,2026-07-31 10:06:58,2,16.14.794.5912,4,Blue,bot,Viper,,BILIBILI GAMING,,Mel,1,1755,8,1,8,26,15,,,0.2275,15724,537.6,0.2378,271,9.26,15,0.51,3,0.1,,,,,,,,,,,,,,,,,,,,,,,,3541,80,2766,67,775,13,1,1,0,0,0,0,5910,132,4772,104,1138,28,1,2,0,1,0,0,9549,197,7964,146,1585,51,4,2,0,3,0,2,11844,250,11441,201,403,49,5,3,1,4,0,3,1,1
lol-game-116566854547769550,partial,,LPL,2026,,0,2026-07-31 10:06:58,2,16.14.794.5912,5,Blue,sup,ON,,BILIBILI GAMING,,Pyke,1,1755,4,6,15,26,15,,,0.1203,9013,308.1,0.1363,27,0.92,68,2.32,13,0.44,,,,,,,,,,,,,,,,,,,,,,,,1997,9,1930,10,67,-1,0,1,1,0,1,1,3128,15,3007,24,121,-9,0,2,2,0,1,1,4933,19,4504,29,429,-10,1,6,5,0,5,3,6534,22,5668,30,866,-8,2,8,5,0,7,4,1,1
lol-game-116566854547769550,partial,,LPL,2026,,0,2026-07-31 10:06:58,2,16.14.794.5912,,Blue,team,,,BILIBILI GAMING,,,1,1755,26,15,58,26,15,0.889,1.402,,66128,,,1041,,130,,47,,,,,,,2,1,2,1,0,0,0,1,0,1,0,0,1,0,10,3,2,0,15054,294,14376,267,678,27,3,5,3,3,4,3,24092,493,22898,459,1194,34,4,8,5,5,7,4,37514,717,33342,645,4172,72,10,18,9,9,14,10,48165,896,44944,811,3221,85,14,25,13,13,22,14,1,1
lol-game-116566854547769550,partial,,LPL,2026,,0,2026-07-31 10:06:58,2,16.14.794.5912,6,Red,top,Cube,,Xi'an Team WE,,Malphite,0,1755,4,4,7,15,26,,,0.2752,11703,400.1,0.217,223,7.62,14,0.48,3,0.1,,,,,,,,,,,,,,,,,,,,,,,,3136,63,2993,60,143,3,1,1,1,1,0,2,4751,107,4844,104,-93,3,1,3,2,2,0,3,6722,161,7634,163,-912,-2,1,5,2,3,2,3,9588,197,10165,209,-577,-12,3,7,2,4,3,4,1,1
lol-game-116566854547769550,partial,,LPL,2026,,0,2026-07-31 10:06:58,2,16.14.794.5912,7,Red,jng,Monki,,Xi'an Team WE,,Trundle,0,1755,3,6,6,15,26,,,0.172,10739,367.1,0.1992,182,6.22,6,0.21,14,0.48,,,,,,,,,,,,,,,,,,,,,,,,3206,47,3004,61,202,-14,1,2,1,0,2,0,5266,91,4762,105,504,-14,2,2,1,0,3,0,7195,126,7540,143,-345,-17,3,3,2,1,7,0,9019,157,9775,186,-756,-29,3,5,3,1,9,1,1,1
lol-game-116566854547769550,partial,,LPL,2026,,0,2026-07-31 10:06:58,2,16.14.794.5912,8,Red,mid,Karis,,Xi'an Team WE,,Akali,0,1755,4,4,3,15,26,,,0.2048,11401,389.8,0.2114,261,8.92,8,0.27,4,0.14,,,,,,,,,,,,,,,,,,,,,,,,3338,80,3519,84,-181,-4,1,0,0,1,1,0,5102,133,5448,137,-346,-4,1,1,0,1,1,0,6957,183,7858,195,-901,-12,2,1,1,1,1,1,9228,226,9847,229,-619,-3,3,3,2,2,2,2,1,1
lol-game-116566854547769550,partial,,LPL,2026,,0,2026-07-31 10:06:58,2,16.14.794.5912,9,Red,bot,About,,Xi'an Team WE,,Caitlyn,0,1755,4,5,0,15,26,,,0.2647,13212,451.7,0.245,234,8.0,17,0.58,12,0.41,,,,,,,,,,,,,,,,,,,,,,,,2766,67,3541,80,-775,-13,0,0,0,1,1,0,4772,104,5910,132,-1138,-28,1,0,0,1,2,0,7964,146,9549,197,-1585,-51,3,0,2,4,2,0,11441,201,11844,250,-403,-49,4,0,3,5,3,1,1,1
lol-game-116566854547769550,partial,,LPL,2026,,0,2026-07-31 10:06:58,2,16.14.794.5912,10,Red,sup,Erha,,Xi'an Team WE,,Nautilus,0,1755,0,7,7,15,26,,,0.0833,6864,234.7,0.1273,32,1.09,51,1.74,8,0.27,,,,,,,,,,,,,,,,,,,,,,,,1930,10,1997,9,-67,1,0,1,1,0,1,1,3007,24,3128,15,-121,9,0,1,1,0,2,2,4504,29,4933,19,-429,10,0,5,3,1,6,5,5668,30,6534,22,-866,8,0,7,4,2,8,5,1,1
lol-game-116566854547769550,partial,,LPL,2026,,0,2026-07-31 10:06:58,2,16.14.794.5912,,Red,team,,,Xi'an Team WE,,,0,1755,15,26,23,15,26,0.513,1.402,,53919,,,932,,96,,41,,,,,,,1,2,1,2,0,0,0,0,1,0,0,0,0,1,3,10,0,2,14376,267,15054,294,-678,-27,3,4,3,3,5,3,22898,459,24092,493,-1194,-34,5,7,4,4,8,5,33342,645,37514,717,-4172,-72,9,14,10,10,18,9,44944,811,48165,896,-3221,-85,13,22,14,14,25,13,1,1
lol-game-116566854547769553,partial,,LPL,2026,,0,2026-07-26 11:35:00,1,16.14.794.5912,1,Blue,top,Wenbo,,BILIBILI GAMING,,Ambessa,1,2204,2,5,3,14,14,,,0.1987,14019,381.6,0.1911,314,8.55,9,0.25,6,0.16,,,,,,,,,,,,,,,,,,,,,,,,3641,97,4010,111,-369,-14,0,0,0,0,0,0,5829,148,6532,163,-703,-15,0,0,1,2,1,0,7222,182,8466,205,-1244,-23,0,0,2,3,1,1,9082,244,10264,256,-1182,-12,0,0,2,3,1,1,1,1
lol-game-116566854547769553,partial,,LPL,2026,,0,2026-07-26 11:35:00,1,16.14.794.5912,2,Blue,jng,Xun,,BILIBILI GAMING,,Naafiri,1,2204,6,2,7,14,14,,,0.2177,17197,468.2,0.2345,305,8.3,12,0.33,16,0.44,,,,,,,,,,,,,,,,,,,,,,,,3737,78,3946,73,-209,5,0,2,2,1,2,1,6122,131,5909,108,213,23,1,2,2,2,4,2,8777,181,7558,143,1219,38,2,2,2,2,5,2,10623,228,9298,182,1325,46,2,2,2,2,5,2,1,1
lol-game-116566854547769553,partial,,LPL,2026,,0,2026-07-26 11:35:00,1,16.14.794.5912,3,Blue,mid,Knight,,BILIBILI GAMING,,Anivia,1,2204,0,3,8,14,14,,,0.1368,13538,368.5,0.1846,291,7.92,17,0.46,21,0.57,,,,,,,,,,,,,,,,,,,,,,,,3961,102,4036,103,-75,-1,0,1,0,1,1,0,6027,151,5629,142,398,9,0,2,1,1,3,0,8168,200,7573,208,595,-8,0,3,1,1,3,0,10000,256,9474,268,526,-12,0,3,1,1,3,0,1,1
lol-game-116566854547769553,partial,,LPL,2026,,0,2026-07-26 11:35:00,1,16.14.794.5912,4,Blue,bot,Viper,,BILIBILI GAMING,,Ezreal,1,2204,5,2,7,14,14,,,0.3731,17460,475.3,0.2381,347,9.45,21,0.57,19,0.52,,,,,,,,,,,,,,,,,,,,,,,,4594,101,3925,85,669,16,2,0,0,1,2,1,7080,155,6212,135,868,20,2,0,0,1,2,1,9711,215,8156,190,1555,25,3,1,0,1,3,2,11666,269,10395,254,1271,15,3,1,0,1,3,2,1,1
lol-game-116566854547769553,partial,,LPL,2026,,0,2026-07-26 11:35:00,1,16.14.794.5912,5,Blue,sup,ON,,BILIBILI GAMING,,Karma,1,2204,1,2,13,14,14,,,0.0738,11131,303.0,0.1518,44,1.2,96,2.61,23,0.63,,,,,,,,,,,,,,,,,,,,,,,,2822,10,2854,17,-32,-7,0,2,1,0,3,0,4285,16,4088,24,197,-8,0,3,2,0,5,0,5720,20,5215,29,505,-9,0,5,2,0,6,0,6902,27,6248,30,654,-3,0,5,2,0,6,0,1,1
lol-game-116566854547769553,partial,,LPL,2026,,0,2026-07-26 11:35:00,1,16.14.794.5912,,Blue,team,,,BILIBILI GAMING,,,1,2204,14,14,38,14,14,0.381,0.762,,73345,,,1301,,155,,85,,,,,,,3,1,3,1,0,0,2,0,0,1,0,0,1,1,9,3,2,0,18755,388,18771,389,-16,-1,2,5,3,3,8,2,29343,601,28370,572,973,29,3,7,6,6,15,3,39598,798,36968,775,2630,23,5,11,7,7,18,5,48273,1024,45679,990,2594,34,5,11,7,7,18,5,1,1
lol-game-116566854547769553,partial,,LPL,2026,,0,2026-07-26 11:35:00,1,16.14.794.5912,6,Red,top,Breathe,,Anyone's Legend,,Gnar,0,2204,6,2,4,14,14,,,0.2585,16267,442.8,0.2325,334,9.09,24,0.65,8,0.22,,,,,,,,,,,,,,,,,,,,,,,,4010,111,3641,97,369,14,0,0,0,0,0,0,6532,163,5829,148,703,15,2,1,0,0,0,1,8466,205,7222,182,1244,23,3,1,1,0,0,2,10264,256,9082,244,1182,12,3,1,1,0,0,2,1,1
lol-game-116566854547769553,partial,,LPL,2026,,0,2026-07-26 11:35:00,1,16.14.794.5912,7,Red,jng,Tarzan,,Anyone's Legend,,Vi,0,2204,3,4,9,14,14,,,0.1206,13358,363.6,0.1909,239,6.51,13,0.35,14,0.38,,,,,,,,,,,,,,,,,,,,,,,,3946,73,3737,78,209,-5,1,2,1,0,2,2,5909,108,6122,131,-213,-23,2,4,2,1,2,2,7558,143,8777,181,-1219,-38,2,5,2,2,2,2,9298,182,10623,228,-1325,-46,2,5,2,2,2,2,1,1
lol-game-116566854547769553,partial,,LPL,2026,,0,2026-07-26 11:35:00,1,16.14.794.5912,8,Red,mid,Shanks,,Anyone's Legend,,Ryze,0,2204,3,2,6,14,14,,,0.3071,14760,401.8,0.2109,360,9.8,22,0.6,10,0.27,,,,,,,,,,,,,,,,,,,,,,,,4036,103,3961,102,75,1,1,1,0,0,1,0,5629,142,6027,151,-398,-9,1,3,0,0,2,1,7573,208,8168,200,-595,8,1,3,0,0,3,1,9474,268,10000,256,-526,12,1,3,0,0,3,1,1,1
lol-game-116566854547769553,partial,,LPL,2026,,0,2026-07-26 11:35:00,1,16.14.794.5912,9,Red,bot,Hope,,Anyone's Legend,,Lucian,0,2204,2,4,9,14,14,,,0.2645,16377,445.8,0.2341,357,9.72,22,0.6,16,0.44,,,,,,,,,,,,,,,,,,,,,,,,3925,85,4594,101,-669,-16,1,2,1,2,0,0,6212,135,7080,155,-868,-20,1,2,1,2,0,0,8156,190,9711,215,-1555,-25,1,3,2,3,1,0,10395,254,11666,269,-1271,-15,1,3,2,3,1,0,1,1
lol-game-116566854547769553,partial,,LPL,2026,,0,2026-07-26 11:35:00,1,16.14.794.5912,10,Red,sup,Kael,,Anyone's Legend,,Milio,0,2204,0,2,13,14,14,,,0.0493,9208,250.7,0.1316,34,0.93,93,2.53,19,0.52,,,,,,,,,,,,,,,,,,,,,,,,2854,17,2822,10,32,7,0,3,0,0,2,1,4088,24,4285,16,-197,8,0,5,0,0,3,2,5215,29,5720,20,-505,9,0,6,0,0,5,2,6248,30,6902,27,-654,3,0,6,0,0,5,2,1,1
lol-game-116566854547769553,partial,,LPL,2026,,0,2026-07-26 11:35:00,1,16.14.794.5912,,Red,team,,,Anyone's Legend,,,0,2204,14,14,41,14,14,0.381,0.762,,69970,,,1324,,174,,67,,,,,,,1,3,1,3,1,0,0,0,0,0,0,0,1,1,3,9,0,2,18771,389,18755,388,16,1,3,8,2,2,5,3,28370,572,29343,601,-973,-29,6,15,3,3,7,6,36968,775,39598,798,-2630,-23,7,18,5,5,11,7,45679,990,48273,1024,-2594,-34,7,18,5,5,11,7,1,1
lol-game-116566854547769554,partial,,LPL,2026,,0,2026-07-26 12:37:00,2,16.14.794.5912,1,Blue,top,Wenbo,,BILIBILI GAMING,,Gwen,0,1985,0,4,2,7,17,,,0.259,11851,358.2,0.1978,321,9.7,7,0.21,9,0.27,,,,,,,,,,,,,,,,,,,,,,,,3780,102,4097,105,-317,-3,0,0,1,0,1,0,5281,147,6764,158,-1483,-11,0,0,2,1,1,0,7319,205,8712,220,-1393,-15,0,0,2,1,1,0,9242,263,11025,269,-1783,-6,0,0,2,2,3,0,1,1
lol-game-116566854547769554,partial,,LPL,2026,,0,2026-07-26 12:37:00,2,16.14.794.5912,2,Blue,jng,Xun,,BILIBILI GAMING,,Lee Sin,0,1985,1,5,3,7,17,,,0.0882,11856,358.4,0.1979,256,7.74,19,0.57,11,0.33,,,,,,,,,,,,,,,,,,,,,,,,3740,81,4788,91,-1048,-10,0,1,1,3,0,0,5514,120,6401,128,-887,-8,0,2,2,3,1,0,7395,167,8203,174,-808,-7,0,2,2,3,1,0,9080,206,10587,214,-1507,-8,0,2,3,4,3,0,1,1
lol-game-116566854547769554,partial,,LPL,2026,,0,2026-07-26 12:37:00,2,16.14.794.5912,3,Blue,mid,Knight,,BILIBILI GAMING,,Jayce,0,1985,4,0,3,7,17,,,0.4354,15242,460.7,0.2544,372,11.24,9,0.27,14,0.42,,,,,,,,,,,,,,,,,,,,,,,,4094,110,3688,101,406,9,1,0,0,0,1,0,6308,173,5368,149,940,24,1,1,0,0,2,1,8828,237,6895,194,1933,43,2,1,0,0,2,2,11012,308,9301,247,1711,61,2,1,0,1,4,2,1,1
lol-game-116566854547769554,partial,,LPL,2026,,0,2026-07-26 12:37:00,2,16.14.794.5912,4,Blue,bot,Viper,,BILIBILI GAMING,,Akali,0,1985,1,3,3,7,17,,,0.143,12690,383.6,0.2118,320,9.67,18,0.54,4,0.12,,,,,,,,,,,,,,,,,,,,,,,,3871,116,3550,93,321,23,0,0,0,0,0,0,6061,174,5997,148,64,26,0,0,0,1,0,0,8147,237,7987,202,160,35,0,0,0,1,0,0,9943,284,10540,271,-597,13,0,0,1,1,0,0,1,1
lol-game-116566854547769554,partial,,LPL,2026,,0,2026-07-26 12:37:00,2,16.14.794.5912,5,Blue,sup,ON,,BILIBILI GAMING,,Nautilus,0,1985,1,5,5,7,17,,,0.0745,8274,250.1,0.1381,40,1.21,70,2.12,22,0.66,,,,,,,,,,,,,,,,,,,,,,,,2544,17,2625,18,-81,-1,0,1,1,0,2,1,4021,22,4108,24,-87,-2,1,1,1,0,4,1,5241,30,5280,33,-39,-3,1,1,1,0,4,1,6407,35,6567,37,-160,-2,1,1,2,0,7,1,1,1
lol-game-116566854547769554,partial,,LPL,2026,,0,2026-07-26 12:37:00,2,16.14.794.5912,,Blue,team,,,BILIBILI GAMING,,,0,1985,7,17,16,7,17,0.212,0.725,,59913,,,1309,,123,,60,,,,,,,1,3,1,3,0,0,0,1,0,0,0,0,0,1,2,9,0,2,18029,426,18748,408,-719,18,1,2,3,3,4,1,27185,636,28638,607,-1453,29,2,4,5,5,8,2,36930,876,37077,823,-147,53,3,4,5,5,8,3,45684,1096,48020,1038,-2336,58,3,4,8,8,17,3,1,1
lol-game-116566854547769554,partial,,LPL,2026,,0,2026-07-26 12:37:00,2,16.14.794.5912,6,Red,top,Breathe,,Anyone's Legend,,Yorick,1,1985,5,0,7,17,7,,,0.3256,16351,494.2,0.2422,338,10.22,18,0.54,5,0.15,,,,,,,,,,,,,,,,,,,,,,,,4097,105,3780,102,317,3,0,1,0,0,0,1,6764,158,5281,147,1483,11,1,1,0,0,0,2,8712,220,7319,205,1393,15,1,1,0,0,0,2,11025,269,9242,263,1783,6,2,3,0,0,0,2,1,1
lol-game-116566854547769554,partial,,LPL,2026,,0,2026-07-26 12:37:00,2,16.14.794.5912,7,Red,jng,Tarzan,,Anyone's Legend,,Skarner,1,1985,8,0,8,17,7,,,0.1911,14737,445.5,0.2183,253,7.65,11,0.33,16,0.48,,,,,,,,,,,,,,,,,,,,,,,,4788,91,3740,81,1048,10,3,0,0,0,1,1,6401,128,5514,120,887,8,3,1,0,0,2,2,8203,174,7395,167,808,7,3,1,0,0,2,2,10587,214,9080,206,1507,8,4,3,0,0,2,3,1,1
lol-game-116566854547769554,partial,,LPL,2026,,0,2026-07-26 12:37:00,2,16.14.794.5912,8,Red,mid,Shanks,,Anyone's Legend,,Galio,1,1985,2,3,10,17,7,,,0.2069,12932,390.9,0.1916,300,9.07,14,0.42,4,0.12,,,,,,,,,,,,,,,,,,,,,,,,3688,101,4094,110,-406,-9,0,1,0,1,0,0,5368,149,6308,173,-940,-24,0,2,1,1,1,0,6895,194,8828,237,-1933,-43,0,2,2,2,1,0,9301,247,11012,308,-1711,-61,1,4,2,2,1,0,1,1
lol-game-116566854547769554,partial,,LPL,2026,,0,2026-07-26 12:37:00,2,16.14.794.5912,9,Red,bot,Hope,,Anyone's Legend,,Viktor,1,1985,1,2,7,17,7,,,0.2088,14041,424.4,0.208,316,9.55,24,0.73,7,0.21,,,,,,,,,,,,,,,,,,,,,,,,3550,93,3871,116,-321,-23,0,0,0,0,0,0,5997,148,6061,174,-64,-26,1,0,0,0,0,0,7987,202,8147,237,-160,-35,1,0,0,0,0,0,10540,271,9943,284,597,-13,1,0,0,0,0,1,1,1
lol-game-116566854547769554,partial,,LPL,2026,,0,2026-07-26 12:37:00,2,16.14.794.5912,10,Red,sup,Kael,,Anyone's Legend,,Shen,1,1985,1,2,13,17,7,,,0.0676,9446,285.5,0.1399,43,1.3,84,2.54,26,0.79,,,,,,,,,,,,,,,,,,,,,,,,2625,18,2544,17,81,1,0,2,1,0,1,1,4108,24,4021,22,87,2,0,4,1,1,1,1,5280,33,5241,30,39,3,0,4,1,1,1,1,6567,37,6407,35,160,2,0,7,1,1,1,2,1,1
lol-game-116566854547769554,partial,,LPL,2026,,0,2026-07-26 12:37:00,2,16.14.794.5912,,Red,team,,,Anyone's Legend,,,1,1985,17,7,45,17,7,0.514,0.725,,67507,,,1250,,151,,58,,,,,,,3,1,3,1,0,0,0,1,1,1,0,0,1,0,9,2,2,0,18748,408,18029,426,719,-18,3,4,1,1,2,3,28638,607,27185,636,1453,-29,5,8,2,2,4,5,37077,823,36930,876,147,-53,5,8,3,3,4,5,48020,1038,45684,1096,2336,-58,8,17,3,3,4,8,1,1
lol-game-116566854547769555,partial,,LPL,2026,,0,2026-07-26 13:37:00,3,16.14.794.5912,1,Blue,top,Breathe,,Anyone's Legend,,Olaf,0,1916,2,2,0,10,18,,,0.1433,13178,412.7,0.2266,332,10.4,9,0.28,9,0.28,,,,,,,,,,,,,,,,,,,,,,,,4052,116,3894,110,158,6,0,0,0,0,0,0,6122,175,5851,161,271,14,0,0,0,0,0,0,8153,243,7959,220,194,23,0,0,0,0,0,0,9444,273,10538,270,-1094,3,0,0,1,0,4,0,1,1
lol-game-116566854547769555,partial,,LPL,2026,,0,2026-07-26 13:37:00,3,16.14.794.5912,2,Blue,jng,Tarzan,,Anyone's Legend,,Nasus,0,1916,3,3,3,10,18,,,0.1435,11862,371.5,0.204,214,6.7,8,0.25,14,0.44,,,,,,,,,,,,,,,,,,,,,,,,4017,78,3789,87,228,-9,1,0,0,0,0,0,5643,116,5607,126,36,-10,1,0,1,0,1,0,7989,156,7479,163,510,-7,2,2,1,1,1,2,9212,181,9811,192,-599,-11,2,2,2,1,5,2,1,1
lol-game-116566854547769555,partial,,LPL,2026,,0,2026-07-26 13:37:00,3,16.14.794.5912,3,Blue,mid,Shanks,,Anyone's Legend,,Syndra,0,1916,2,3,6,10,18,,,0.3483,11623,364.0,0.1999,281,8.8,16,0.5,4,0.13,,,,,,,,,,,,,,,,,,,,,,,,3958,98,4088,109,-130,-11,0,2,1,1,0,2,5680,158,5978,171,-298,-13,0,2,1,1,0,2,8330,215,8138,240,192,-25,1,5,1,1,0,3,9791,240,11051,290,-1260,-50,2,5,2,2,4,3,1,1
lol-game-116566854547769555,partial,,LPL,2026,,0,2026-07-26 13:37:00,3,16.14.794.5912,4,Blue,bot,Hope,,Anyone's Legend,,Caitlyn,0,1916,2,4,2,10,18,,,0.2792,13438,420.8,0.2311,294,9.21,18,0.56,11,0.34,,,,,,,,,,,,,,,,,,,,,,,,3775,96,4990,114,-1215,-18,0,0,1,1,1,0,5958,152,8162,180,-2204,-28,0,0,1,3,1,0,9345,206,10525,247,-1180,-41,2,1,1,3,2,1,11117,244,13144,272,-2027,-28,2,2,2,6,3,2,1,1
lol-game-116566854547769555,partial,,LPL,2026,,0,2026-07-26 13:37:00,3,16.14.794.5912,5,Blue,sup,Kael,,Anyone's Legend,,Bard,0,1916,1,6,6,10,18,,,0.0858,8043,251.9,0.1383,35,1.1,70,2.19,21,0.66,,,,,,,,,,,,,,,,,,,,,,,,3025,20,3305,19,-280,1,1,0,1,1,1,0,4056,26,5066,31,-1010,-5,1,0,2,1,3,0,5349,30,6380,37,-1031,-7,1,3,3,1,4,0,6451,32,8232,41,-1781,-9,1,4,4,2,8,0,1,1
lol-game-116566854547769555,partial,,LPL,2026,,0,2026-07-26 13:37:00,3,16.14.794.5912,,Blue,team,,,Anyone's Legend,,,0,1916,10,18,17,10,18,0.313,0.877,,58144,,,1156,,121,,59,,,,,,,0,4,0,4,0,0,0,0,0,0,0,0,0,1,1,9,0,1,18827,408,20066,439,-1239,-31,2,2,3,3,2,2,27459,627,30664,669,-3205,-42,2,2,5,5,5,2,39166,850,40481,907,-1315,-57,6,11,6,6,7,6,46015,970,52776,1065,-6761,-95,7,13,11,11,24,7,1,1
lol-game-116566854547769555,partial,,LPL,2026,,0,2026-07-26 13:37:00,3,16.14.794.5912,6,Red,top,Wenbo,,BILIBILI GAMING,,K'Sante,1,1916,1,1,9,18,10,,,0.1789,13084,409.7,0.194,301,9.43,11,0.34,4,0.13,,,,,,,,,,,,,,,,,,,,,,,,3894,110,4052,116,-158,-6,0,0,0,0,0,0,5851,161,6122,175,-271,-14,0,0,0,0,0,0,7959,220,8153,243,-194,-23,0,0,0,0,0,0,10538,270,9444,273,1094,-3,0,4,0,0,0,1,1,1
lol-game-116566854547769555,partial,,LPL,2026,,0,2026-07-26 13:37:00,3,16.14.794.5912,7,Red,jng,Xun,,BILIBILI GAMING,,Trundle,1,1916,2,2,11,18,10,,,0.1223,12580,393.9,0.1865,216,6.76,11,0.34,15,0.47,,,,,,,,,,,,,,,,,,,,,,,,3789,87,4017,78,-228,9,0,0,0,1,0,0,5607,126,5643,116,-36,10,0,1,0,1,0,1,7479,163,7989,156,-510,7,1,1,2,2,2,1,9811,192,9212,181,599,11,1,5,2,2,2,2,1,1
lol-game-116566854547769555,partial,,LPL,2026,,0,2026-07-26 13:37:00,3,16.14.794.5912,8,Red,mid,Knight,,BILIBILI GAMING,,Cassiopeia,1,1916,5,3,7,18,10,,,0.2721,14194,444.5,0.2104,326,10.21,11,0.34,15,0.47,,,,,,,,,,,,,,,,,,,,,,,,4088,109,3958,98,130,11,1,0,2,0,2,1,5978,171,5680,158,298,13,1,0,2,0,2,1,8138,240,8330,215,-192,25,1,0,3,1,5,1,11051,290,9791,240,1260,50,2,4,3,2,5,2,1,1
lol-game-116566854547769555,partial,,LPL,2026,,0,2026-07-26 13:37:00,3,16.14.794.5912,9,Red,bot,Viper,,BILIBILI GAMING,,Ashe,1,1916,8,3,6,18,10,,,0.2929,17254,540.3,0.2558,337,10.55,20,0.63,13,0.41,,,,,,,,,,,,,,,,,,,,,,,,4990,114,3775,96,1215,18,1,1,0,0,0,1,8162,180,5958,152,2204,28,3,1,0,0,0,1,10525,247,9345,206,1180,41,3,2,1,2,1,1,13144,272,11117,244,2027,28,6,3,2,2,2,2,1,1
lol-game-116566854547769555,partial,,LPL,2026,,0,2026-07-26 13:37:00,3,16.14.794.5912,10,Red,sup,ON,,BILIBILI GAMING,,Seraphine,1,1916,2,1,15,18,10,,,0.1338,10343,323.9,0.1533,44,1.38,76,2.38,25,0.78,,,,,,,,,,,,,,,,,,,,,,,,3305,19,3025,20,280,-1,1,1,0,1,0,1,5066,31,4056,26,1010,5,1,3,0,1,0,2,6380,37,5349,30,1031,7,1,4,0,1,3,3,8232,41,6451,32,1781,9,2,8,0,1,4,4,1,1
lol-game-116566854547769555,partial,,LPL,2026,,0,2026-07-26 13:37:00,3,16.14.794.5912,,Red,team,,,BILIBILI GAMING,,,1,1916,18,10,48,18,10,0.564,0.877,,67455,,,1224,,129,,72,,,,,,,4,0,4,0,0,1,0,0,2,1,0,0,1,0,9,1,1,0,20066,439,18827,408,1239,31,3,2,2,2,2,3,30664,669,27459,627,3205,42,5,5,2,2,2,5,40481,907,39166,850,1315,57,6,7,6,6,11,6,52776,1065,46015,970,6761,95,11,24,7,7,13,11,1,1
lol-game-116566854547769557,partial,,LPL,2026,,0,2026-08-01 12:05:00,1,16.14.794.5912,1,Blue,top,Wenbo,,BILIBILI GAMING,,Ambessa,1,1985,4,2,8,20,10,,,0.316,14298,432.2,0.2095,295,8.92,11,0.33,3,0.09,,,,,,,,,,,,,,,,,,,,,,,,3666,90,3792,86,-126,4,1,0,1,1,0,2,6532,144,5261,125,1271,19,2,0,1,1,0,3,8483,206,7190,186,1293,20,2,0,2,1,1,3,9980,233,8938,222,1042,11,2,4,2,1,1,4,1,1
lol-game-116566854547769557,partial,,LPL,2026,,0,2026-08-01 12:05:00,1,16.14.794.5912,2,Blue,jng,Xun,,BILIBILI GAMING,,Lee Sin,1,1985,5,1,10,20,10,,,0.1954,14309,432.5,0.2097,242,7.31,28,0.85,8,0.24,,,,,,,,,,,,,,,,,,,,,,,,4688,83,4010,86,678,-3,3,1,0,0,2,0,6659,126,5630,123,1029,3,3,2,0,0,3,0,8427,168,7772,160,655,8,3,2,0,1,3,0,10310,199,9693,188,617,11,3,7,1,1,5,2,1,1
lol-game-116566854547769557,partial,,LPL,2026,,0,2026-08-01 12:05:00,1,16.14.794.5912,3,Blue,mid,Knight,,BILIBILI GAMING,,Akali,1,1985,6,0,9,20,10,,,0.2428,15302,462.5,0.2243,310,9.37,6,0.18,9,0.27,,,,,,,,,,,,,,,,,,,,,,,,3780,97,4140,102,-360,-5,0,3,0,1,0,1,5603,149,5850,148,-247,1,0,3,0,2,0,1,8046,216,7425,192,621,24,0,3,0,2,1,1,10580,246,10606,235,-26,11,3,5,0,4,1,1,1,1
lol-game-116566854547769557,partial,,LPL,2026,,0,2026-08-01 12:05:00,1,16.14.794.5912,4,Blue,bot,Viper,,BILIBILI GAMING,,Orianna,1,1985,4,1,9,20,10,,,0.1858,15104,456.5,0.2213,290,8.77,18,0.54,8,0.24,,,,,,,,,,,,,,,,,,,,,,,,3773,112,3975,110,-202,2,0,0,0,0,0,0,5974,160,6486,175,-512,-15,0,0,0,0,0,0,7851,217,8661,237,-810,-20,0,0,0,1,0,0,10452,249,11158,292,-706,-43,2,3,0,1,1,0,1,1
lol-game-116566854547769557,partial,,LPL,2026,,0,2026-08-01 12:05:00,1,16.14.794.5912,5,Blue,sup,ON,,BILIBILI GAMING,,Shen,1,1985,1,6,8,20,10,,,0.06,9223,278.8,0.1352,45,1.36,87,2.63,22,0.66,,,,,,,,,,,,,,,,,,,,,,,,2589,19,2469,15,120,4,0,2,1,0,1,1,3764,29,3535,19,229,10,0,2,2,0,2,1,4876,33,4755,24,121,9,0,2,3,0,4,1,5903,36,6176,25,-273,11,0,3,4,0,5,3,1,1
lol-game-116566854547769557,partial,,LPL,2026,,0,2026-08-01 12:05:00,1,16.14.794.5912,,Blue,team,,,BILIBILI GAMING,,,1,1985,20,10,44,20,10,0.605,0.907,,68236,,,1182,,150,,50,,,,,,,3,2,3,2,0,1,0,2,0,0,0,0,1,1,9,4,2,0,18496,401,18386,399,110,2,4,6,2,2,3,4,28532,608,26762,590,1770,18,5,7,3,3,5,5,37683,840,35803,799,1880,41,5,7,5,5,9,5,47225,963,46571,962,654,1,10,22,7,7,13,10,1,1
lol-game-116566854547769557,partial,,LPL,2026,,0,2026-08-01 12:05:00,1,16.14.794.5912,6,Red,top,Xiaoxu,,Beijing JDG Esports,,Olaf,0,1985,3,6,2,10,20,,,0.2314,12065,364.7,0.2064,288,8.71,19,0.57,3,0.09,,,,,,,,,,,,,,,,,,,,,,,,3792,86,3666,90,126,-4,1,0,2,1,0,1,5261,125,6532,144,-1271,-19,1,0,3,2,0,1,7190,186,8483,206,-1293,-20,1,1,3,2,0,2,8938,222,9980,233,-1042,-11,1,1,4,2,4,2,1,1
lol-game-116566854547769557,partial,,LPL,2026,,0,2026-08-01 12:05:00,1,16.14.794.5912,7,Red,jng,JunJia,,Beijing JDG Esports,,Nocturne,0,1985,1,4,6,10,20,,,0.1781,12204,368.9,0.2088,226,6.83,15,0.45,12,0.36,,,,,,,,,,,,,,,,,,,,,,,,4010,86,4688,83,-678,3,0,2,0,3,1,0,5630,123,6659,126,-1029,-3,0,3,0,3,2,0,7772,160,8427,168,-655,-8,1,3,0,3,2,0,9693,188,10310,199,-617,-11,1,5,2,3,7,1,1,1
lol-game-116566854547769557,partial,,LPL,2026,,0,2026-08-01 12:05:00,1,16.14.794.5912,8,Red,mid,HongQ,,Beijing JDG Esports,,Locke,0,1985,5,3,3,10,20,,,0.2427,12942,391.2,0.2214,266,8.04,12,0.36,7,0.21,,,,,,,,,,,,,,,,,,,,,,,,4140,102,3780,97,360,5,1,0,1,0,3,0,5850,148,5603,149,247,-1,2,0,1,0,3,0,7425,192,8046,216,-621,-24,2,1,1,0,3,0,10606,235,10580,246,26,-11,4,1,1,3,5,0,1,1
lol-game-116566854547769557,partial,,LPL,2026,,0,2026-08-01 12:05:00,1,16.14.794.5912,9,Red,bot,GALA,,Beijing JDG Esports,,Ziggs,0,1985,1,2,2,10,20,,,0.2899,13511,408.4,0.2311,328,9.91,14,0.42,6,0.18,,,,,,,,,,,,,,,,,,,,,,,,3975,110,3773,112,202,-2,0,0,0,0,0,0,6486,175,5974,160,512,15,0,0,0,0,0,0,8661,237,7851,217,810,20,1,0,0,0,0,0,11158,292,10452,249,706,43,1,1,0,2,3,0,1,1
lol-game-116566854547769557,partial,,LPL,2026,,0,2026-08-01 12:05:00,1,16.14.794.5912,10,Red,sup,Vampire,,Beijing JDG Esports,,Alistar,0,1985,0,5,7,10,20,,,0.0578,7740,234.0,0.1324,27,0.82,80,2.42,11,0.33,,,,,,,,,,,,,,,,,,,,,,,,2469,15,2589,19,-120,-4,0,1,1,0,2,1,3535,19,3764,29,-229,-10,0,2,1,0,2,2,4755,24,4876,33,-121,-9,0,4,1,0,2,3,6176,25,5903,36,273,-11,0,5,3,0,3,4,1,1
lol-game-116566854547769557,partial,,LPL,2026,,0,2026-08-01 12:05:00,1,16.14.794.5912,,Red,team,,,Beijing JDG Esports,,,0,1985,10,20,20,10,20,0.302,0.907,,58462,,,1135,,140,,39,,,,,,,2,3,2,3,0,0,0,1,1,0,0,0,1,1,4,9,0,2,18386,399,18496,401,-110,-2,2,3,4,4,6,2,26762,590,28532,608,-1770,-18,3,5,5,5,7,3,35803,799,37683,840,-1880,-41,5,9,5,5,7,5,46571,962,47225,963,-654,-1,7,13,10,10,22,7,1,1
lol-game-116566854547769558,partial,,LPL,2026,,0,2026-08-01 13:07:00,2,16.14.794.5912,1,Blue,top,Wenbo,,BILIBILI GAMING,,K'Sante,1,1858,0,0,5,17,6,,,0.1186,11384,367.6,0.1719,285,9.2,6,0.19,2,0.06,,,,,,,,,,,,,,,,,,,,,,,,4036,110,4512,113,-476,-3,0,0,0,1,1,0,5897,169,6149,167,-252,2,0,0,0,1,1,0,7769,224,8677,232,-908,-8,0,0,0,2,1,0,9592,259,10368,281,-776,-22,0,2,0,2,2,1,1,1
lol-game-116566854547769558,partial,,LPL,2026,,0,2026-08-01 13:07:00,2,16.14.794.5912,2,Blue,jng,Xun,,BILIBILI GAMING,,Jarvan IV,1,1858,2,1,15,17,6,,,0.2416,13526,436.8,0.2043,236,7.62,7,0.23,7,0.23,,,,,,,,,,,,,,,,,,,,,,,,4582,86,4561,90,21,-4,1,5,0,1,2,0,6396,130,5954,119,442,11,1,5,0,1,2,0,8315,157,7877,167,438,-10,1,6,1,1,3,0,10832,199,10508,203,324,-4,1,9,1,2,3,0,1,1
lol-game-116566854547769558,partial,,LPL,2026,,0,2026-08-01 13:07:00,2,16.14.794.5912,3,Blue,mid,Knight,,BILIBILI GAMING,,Cassiopeia,1,1858,8,1,5,17,6,,,0.274,15261,492.8,0.2305,321,10.37,12,0.39,9,0.29,,,,,,,,,,,,,,,,,,,,,,,,5090,111,3855,97,1235,14,4,0,0,0,0,1,6944,171,5498,150,1446,21,4,0,0,0,0,1,9726,241,7099,194,2627,47,4,0,0,0,1,1,12328,292,8933,243,3395,49,5,2,1,0,1,2,1,1
lol-game-116566854547769558,partial,,LPL,2026,,0,2026-08-01 13:07:00,2,16.14.794.5912,4,Blue,bot,Viper,,BILIBILI GAMING,,Xayah,1,1858,5,3,8,17,6,,,0.2928,16742,540.6,0.2528,353,11.4,13,0.42,14,0.45,,,,,,,,,,,,,,,,,,,,,,,,4015,95,3993,93,22,2,0,5,2,1,0,3,6972,165,6477,169,495,-4,0,5,2,1,0,3,9595,243,8540,230,1055,13,0,6,2,1,1,3,13077,298,10302,281,2775,17,2,7,2,1,1,4,1,1
lol-game-116566854547769558,partial,,LPL,2026,,0,2026-08-01 13:07:00,2,16.14.794.5912,5,Blue,sup,ON,,BILIBILI GAMING,,Rakan,1,1858,2,2,13,17,6,,,0.0729,9306,300.5,0.1405,37,1.19,66,2.13,17,0.55,,,,,,,,,,,,,,,,,,,,,,,,3535,22,3014,14,521,8,1,4,1,0,3,2,4648,28,4180,22,468,6,1,4,1,0,3,2,6054,31,5282,28,772,3,2,4,1,0,3,3,7746,36,6437,30,1309,6,2,7,1,0,4,3,1,1
lol-game-116566854547769558,partial,,LPL,2026,,0,2026-08-01 13:07:00,2,16.14.794.5912,,Blue,team,,,BILIBILI GAMING,,,1,1858,17,6,46,17,6,0.549,0.743,,66219,,,1232,,104,,49,,,,,,,2,2,2,2,1,0,0,1,0,0,0,0,1,0,10,0,2,0,21258,424,19935,407,1323,17,6,14,3,3,6,6,30857,663,28258,627,2599,36,6,14,3,3,6,6,41459,896,37475,851,3984,45,7,16,4,4,9,7,53575,1084,46548,1038,7027,46,10,27,5,5,11,10,1,1
lol-game-116566854547769558,partial,,LPL,2026,,0,2026-08-01 13:07:00,2,16.14.794.5912,6,Red,top,Xiaoxu,,Beijing JDG Esports,,Rumble,0,1858,2,3,2,6,17,,,0.3783,11572,373.7,0.2125,305,9.85,15,0.48,0,0.0,,,,,,,,,,,,,,,,,,,,,,,,4512,113,4036,110,476,3,1,1,0,0,0,0,6149,167,5897,169,252,-2,1,1,0,0,0,0,8677,232,7769,224,908,8,2,1,0,0,0,0,10368,281,9592,259,776,22,2,2,1,0,2,0,1,1
lol-game-116566854547769558,partial,,LPL,2026,,0,2026-08-01 13:07:00,2,16.14.794.5912,7,Red,jng,JunJia,,Beijing JDG Esports,,Naafiri,0,1858,3,1,3,6,17,,,0.2365,12590,406.6,0.2312,220,7.1,10,0.32,10,0.32,,,,,,,,,,,,,,,,,,,,,,,,4561,90,4582,86,-21,4,1,2,0,1,5,0,5954,119,6396,130,-442,-11,1,2,0,1,5,0,7877,167,8315,157,-438,10,1,3,0,1,6,1,10508,203,10832,199,-324,4,2,3,0,1,9,1,1,1
lol-game-116566854547769558,partial,,LPL,2026,,0,2026-08-01 13:07:00,2,16.14.794.5912,8,Red,mid,HongQ,,Beijing JDG Esports,,Galio,0,1858,0,3,1,6,17,,,0.072,10513,339.5,0.1931,284,9.17,14,0.45,5,0.16,,,,,,,,,,,,,,,,,,,,,,,,3855,97,5090,111,-1235,-14,0,0,1,4,0,0,5498,150,6944,171,-1446,-21,0,0,1,4,0,0,7099,194,9726,241,-2627,-47,0,1,1,4,0,0,8933,243,12328,292,-3395,-49,0,1,2,5,2,1,1,1
lol-game-116566854547769558,partial,,LPL,2026,,0,2026-08-01 13:07:00,2,16.14.794.5912,9,Red,bot,GALA,,Beijing JDG Esports,,Lucian,0,1858,1,5,2,6,17,,,0.2692,12402,400.5,0.2278,327,10.56,11,0.36,12,0.39,,,,,,,,,,,,,,,,,,,,,,,,3993,93,4015,95,-22,-2,1,0,3,0,5,2,6477,169,6972,165,-495,4,1,0,3,0,5,2,8540,230,9595,243,-1055,-13,1,1,3,0,6,2,10302,281,13077,298,-2775,-17,1,1,4,2,7,2,1,1
lol-game-116566854547769558,partial,,LPL,2026,,0,2026-08-01 13:07:00,2,16.14.794.5912,10,Red,sup,Vampire,,Beijing JDG Esports,,Milio,0,1858,0,5,4,6,17,,,0.0439,7373,238.1,0.1354,31,1.0,64,2.07,18,0.58,,,,,,,,,,,,,,,,,,,,,,,,3014,14,3535,22,-521,-8,0,3,2,1,4,1,4180,22,4648,28,-468,-6,0,3,2,1,4,1,5282,28,6054,31,-772,-3,0,3,3,2,4,1,6437,30,7746,36,-1309,-6,0,4,3,2,7,1,1,1
lol-game-116566854547769558,partial,,LPL,2026,,0,2026-08-01 13:07:00,2,16.14.794.5912,,Red,team,,,Beijing JDG Esports,,,0,1858,6,17,12,6,17,0.194,0.743,,54450,,,1167,,114,,45,,,,,,,2,2,2,2,1,1,0,0,0,0,0,0,0,1,0,10,0,2,19935,407,21258,424,-1323,-17,3,6,6,6,14,3,28258,627,30857,663,-2599,-36,3,6,6,6,14,3,37475,851,41459,896,-3984,-45,4,9,7,7,16,4,46548,1038,53575,1084,-7027,-46,5,11,10,10,27,5,1,1
lol-game-116566854547769561,partial,,LPL,2026,,0,2026-07-29 11:35:00,1,16.14.794.5912,1,Blue,top,Burdol,,LGD GAMING,,Jayce,0,1971,3,2,4,16,25,,,0.329,16104,490.2,0.2289,395,12.02,14,0.43,12,0.37,,,,,,,,,,,,,,,,,,,,,,,,5611,153,5078,137,533,16,0,0,0,0,0,0,7885,211,7711,182,174,29,1,1,0,1,2,0,10405,278,10057,241,348,37,2,2,0,1,2,0,12507,312,12367,274,140,38,3,3,2,1,3,1,1,1
lol-game-116566854547769561,partial,,LPL,2026,,0,2026-07-29 11:35:00,1,16.14.794.5912,2,Blue,jng,Heng,,LGD GAMING,,Nocturne,0,1971,3,7,7,16,25,,,0.2031,14578,443.8,0.2072,267,8.13,13,0.4,14,0.43,,,,,,,,,,,,,,,,,,,,,,,,5723,120,5453,111,270,9,1,3,2,1,4,1,8213,159,7536,148,677,11,2,3,4,2,6,2,10643,208,8894,174,1749,34,3,4,4,2,6,3,12820,246,11733,209,1087,37,3,6,5,3,10,3,1,1
lol-game-116566854547769561,partial,,LPL,2026,,0,2026-07-29 11:35:00,1,16.14.794.5912,3,Blue,mid,Tangyuan,,LGD GAMING,,Syndra,0,1971,4,3,6,16,25,,,0.2268,15756,479.6,0.2239,344,10.47,16,0.49,15,0.46,,,,,,,,,,,,,,,,,,,,,,,,5339,153,6004,151,-665,2,0,4,1,2,2,0,7212,177,8932,192,-1720,-15,1,6,2,3,5,0,8842,223,10553,235,-1711,-12,1,6,2,3,5,0,10902,257,12842,255,-1940,2,2,6,3,5,7,0,1,1
lol-game-116566854547769561,partial,,LPL,2026,,0,2026-07-29 11:35:00,1,16.14.794.5912,4,Blue,bot,Shaoye,,LGD GAMING,,Locke,0,1971,6,7,4,16,25,,,0.1946,15307,466.0,0.2176,305,9.28,16,0.49,10,0.3,,,,,,,,,,,,,,,,,,,,,,,,5897,110,5525,126,372,-16,4,0,1,1,1,0,8239,153,7534,177,705,-24,5,2,2,1,1,1,10053,197,9739,219,314,-22,5,3,3,2,1,1,12092,246,12979,271,-887,-25,5,4,4,3,3,2,1,1
lol-game-116566854547769561,partial,,LPL,2026,,0,2026-07-29 11:35:00,1,16.14.794.5912,5,Blue,sup,Crisp,,LGD GAMING,,Shen,0,1971,0,6,8,16,25,,,0.0465,8614,262.2,0.1224,42,1.28,95,2.89,21,0.64,,,,,,,,,,,,,,,,,,,,,,,,3477,25,4345,22,-868,3,0,4,2,2,4,4,4658,32,6224,29,-1566,3,0,5,3,4,4,6,5817,36,7194,31,-1377,5,0,6,3,4,4,7,6838,37,9592,37,-2754,0,0,7,4,6,6,7,1,1
lol-game-116566854547769561,partial,,LPL,2026,,0,2026-07-29 11:35:00,1,16.14.794.5912,,Blue,team,,,LGD GAMING,,,0,1971,16,25,29,16,25,0.487,1.248,,70359,,,1353,,154,,72,,,,,,,2,4,2,4,0,0,0,1,1,0,0,0,0,2,3,12,0,4,26047,561,26405,547,-358,14,5,11,6,6,11,5,36207,732,37937,728,-1730,4,9,17,11,11,18,9,45760,942,46437,900,-677,42,11,21,12,12,18,11,55159,1098,59513,1046,-4354,52,13,26,18,18,29,13,1,1
lol-game-116566854547769561,partial,,LPL,2026,,0,2026-07-29 11:35:00,1,16.14.794.5912,6,Red,top,Wenbo,,BILIBILI GAMING,,Yorick,1,1971,2,1,3,25,16,,,0.2128,16542,503.6,0.2109,338,10.29,12,0.37,8,0.24,,,,,,,,,,,,,,,,,,,,,,,,5078,137,5611,153,-533,-16,0,0,0,0,0,0,7711,182,7885,211,-174,-29,1,2,0,1,1,0,10057,241,10405,278,-348,-37,1,2,0,2,2,0,12367,274,12507,312,-140,-38,1,3,1,3,3,2,1,1
lol-game-116566854547769561,partial,,LPL,2026,,0,2026-07-29 11:35:00,1,16.14.794.5912,7,Red,jng,Xun,,BILIBILI GAMING,,Naafiri,1,1971,5,3,13,25,16,,,0.1908,15833,482.0,0.2019,273,8.31,12,0.37,12,0.37,,,,,,,,,,,,,,,,,,,,,,,,5453,111,5723,120,-270,-9,1,4,1,1,3,2,7536,148,8213,159,-677,-11,2,6,2,2,3,4,8894,174,10643,208,-1749,-34,2,6,3,3,4,4,11733,209,12820,246,-1087,-37,3,10,3,3,6,5,1,1
lol-game-116566854547769561,partial,,LPL,2026,,0,2026-07-29 11:35:00,1,16.14.794.5912,8,Red,mid,Knight,,BILIBILI GAMING,,Cassiopeia,1,1971,7,1,10,25,16,,,0.2071,16784,510.9,0.214,304,9.25,7,0.21,8,0.24,,,,,,,,,,,,,,,,,,,,,,,,6004,151,5339,153,665,-2,2,2,0,0,4,1,8932,192,7212,177,1720,15,3,5,0,1,6,2,10553,235,8842,223,1711,12,3,5,0,1,6,2,12842,255,10902,257,1940,-2,5,7,0,2,6,3,1,1
lol-game-116566854547769561,partial,,LPL,2026,,0,2026-07-29 11:35:00,1,16.14.794.5912,9,Red,bot,Viper,,BILIBILI GAMING,,Vladimir,1,1971,5,3,5,25,16,,,0.2097,16886,514.0,0.2153,324,9.86,24,0.73,11,0.33,,,,,,,,,,,,,,,,,,,,,,,,5525,126,5897,110,-372,16,1,1,0,4,0,1,7534,177,8239,153,-705,24,1,1,1,5,2,2,9739,219,10053,197,-314,22,2,1,1,5,3,3,12979,271,12092,246,887,25,3,3,2,5,4,4,1,1
lol-game-116566854547769561,partial,,LPL,2026,,0,2026-07-29 11:35:00,1,16.14.794.5912,10,Red,sup,ON,,BILIBILI GAMING,,Camille,1,1971,6,8,11,25,16,,,0.1795,12388,377.1,0.1579,43,1.31,97,2.95,26,0.79,,,,,,,,,,,,,,,,,,,,,,,,4345,22,3477,25,868,-3,2,4,4,0,4,2,6224,29,4658,32,1566,-3,4,4,6,0,5,3,7194,31,5817,36,1377,-5,4,4,7,0,6,3,9592,37,6838,37,2754,0,6,6,7,0,7,4,1,1
lol-game-116566854547769561,partial,,LPL,2026,,0,2026-07-29 11:35:00,1,16.14.794.5912,,Red,team,,,BILIBILI GAMING,,,1,1971,25,16,42,25,16,0.761,1.248,,78433,,,1282,,152,,65,,,,,,,4,2,4,2,0,0,1,0,3,0,0,0,2,0,12,3,4,0,26405,547,26047,561,358,-14,6,11,5,5,11,6,37937,728,36207,732,1730,-4,11,18,9,9,17,11,46437,900,45760,942,677,-42,12,18,11,11,21,12,59513,1046,55159,1098,4354,-52,18,29,13,13,26,18,1,1
lol-game-116566854547769562,partial,,LPL,2026,,0,2026-07-29 12:35:00,2,16.14.794.5912,1,Blue,top,Wenbo,,BILIBILI GAMING,,K'Sante,0,1923,0,1,2,9,17,,,0.1506,9737,303.8,0.1865,261,8.14,8,0.25,2,0.06,,,,,,,,,,,,,,,,,,,,,,,,3643,101,3597,98,46,3,0,0,0,0,0,0,4121,117,4281,114,-160,3,0,0,0,0,0,0,5890,165,6517,177,-627,-12,0,0,0,0,1,0,7858,217,9149,228,-1291,-11,0,1,0,2,1,0,1,1
lol-game-116566854547769562,partial,,LPL,2026,,0,2026-07-29 12:35:00,2,16.14.794.5912,2,Blue,jng,Xun,,BILIBILI GAMING,,Skarner,0,1923,3,4,3,9,17,,,0.2386,10689,333.5,0.2048,202,6.3,13,0.41,12,0.37,,,,,,,,,,,,,,,,,,,,,,,,4055,85,4556,76,-501,9,1,0,1,3,0,0,4523,94,4912,84,-389,10,1,1,1,3,0,1,6781,135,7514,126,-733,9,2,3,2,5,1,1,8909,177,9889,157,-980,20,2,3,3,6,4,1,1,1
lol-game-116566854547769562,partial,,LPL,2026,,0,2026-07-29 12:35:00,2,16.14.794.5912,3,Blue,mid,Knight,,BILIBILI GAMING,,Orianna,0,1923,1,5,3,9,17,,,0.3176,10732,334.9,0.2056,270,8.42,9,0.28,1,0.03,,,,,,,,,,,,,,,,,,,,,,,,4021,111,3604,96,417,15,0,1,0,0,2,1,4521,127,4133,114,388,13,0,1,0,0,2,1,7127,179,6249,161,878,18,1,1,1,1,3,3,8734,220,8845,207,-111,13,1,2,4,2,7,3,1,1
lol-game-116566854547769562,partial,,LPL,2026,,0,2026-07-29 12:35:00,2,16.14.794.5912,4,Blue,bot,Viper,,BILIBILI GAMING,,Yunara,0,1923,4,4,1,9,17,,,0.2152,13809,430.9,0.2645,312,9.73,13,0.41,14,0.44,,,,,,,,,,,,,,,,,,,,,,,,4200,92,3660,90,540,2,1,0,1,0,2,1,5478,116,4484,108,994,8,2,0,1,0,2,1,8240,179,7203,157,1037,22,3,0,2,1,3,1,10706,234,10022,220,684,14,4,0,3,2,4,1,1,1
lol-game-116566854547769562,partial,,LPL,2026,,0,2026-07-29 12:35:00,2,16.14.794.5912,5,Blue,sup,ON,,BILIBILI GAMING,,Lulu,0,1923,1,3,6,9,17,,,0.078,7235,225.7,0.1386,18,0.56,59,1.84,11,0.34,,,,,,,,,,,,,,,,,,,,,,,,2740,7,2695,12,45,-5,0,2,1,0,3,0,3168,9,3131,15,37,-6,0,3,1,0,3,0,4670,11,4356,17,314,-6,1,4,2,0,5,2,5850,15,5800,22,50,-7,1,5,2,0,8,3,1,1
lol-game-116566854547769562,partial,,LPL,2026,,0,2026-07-29 12:35:00,2,16.14.794.5912,,Blue,team,,,BILIBILI GAMING,,,0,1923,9,17,15,9,17,0.281,0.811,,52202,,,1063,,102,,40,,,,,,,1,3,1,3,0,1,0,0,0,0,0,0,0,1,3,8,0,1,18659,396,18112,372,547,24,2,3,3,3,7,2,21811,463,20941,435,870,28,3,5,3,3,7,3,32708,669,31839,638,869,31,7,8,7,7,13,7,42057,863,43705,834,-1648,29,8,11,12,12,24,8,1,1
lol-game-116566854547769562,partial,,LPL,2026,,0,2026-07-29 12:35:00,2,16.14.794.5912,6,Red,top,Burdol,,LGD GAMING,,Ambessa,1,1923,5,0,3,17,9,,,0.243,13942,435.0,0.2297,301,9.39,10,0.31,5,0.16,,,,,,,,,,,,,,,,,,,,,,,,3597,98,3643,101,-46,-3,0,0,0,0,0,0,4281,114,4121,117,160,-3,0,0,0,0,0,0,6517,177,5890,165,627,12,0,1,0,0,0,0,9149,228,7858,217,1291,11,2,1,0,0,1,0,1,1
lol-game-116566854547769562,partial,,LPL,2026,,0,2026-07-29 12:35:00,2,16.14.794.5912,7,Red,jng,Heng,,LGD GAMING,,Lee Sin,1,1923,6,1,9,17,9,,,0.2129,13665,426.4,0.2251,222,6.93,18,0.56,6,0.19,,,,,,,,,,,,,,,,,,,,,,,,4556,76,4055,85,501,-9,3,0,0,1,0,1,4912,84,4523,94,389,-10,3,0,1,1,1,1,7514,126,6781,135,733,-9,5,1,1,2,3,2,9889,157,8909,177,980,-20,6,4,1,2,3,3,1,1
lol-game-116566854547769562,partial,,LPL,2026,,0,2026-07-29 12:35:00,2,16.14.794.5912,8,Red,mid,Tangyuan,,LGD GAMING,,Ryze,1,1923,4,3,9,17,9,,,0.2246,12143,378.9,0.2,254,7.93,13,0.41,6,0.19,,,,,,,,,,,,,,,,,,,,,,,,3604,96,4021,111,-417,-15,0,2,1,0,1,0,4133,114,4521,127,-388,-13,0,2,1,0,1,0,6249,161,7127,179,-878,-18,1,3,3,1,1,1,8845,207,8734,220,111,-13,2,7,3,1,2,4,1,1
lol-game-116566854547769562,partial,,LPL,2026,,0,2026-07-29 12:35:00,2,16.14.794.5912,9,Red,bot,Shaoye,,LGD GAMING,,Varus,1,1923,2,1,7,17,9,,,0.2503,13431,419.1,0.2212,280,8.74,15,0.47,5,0.16,,,,,,,,,,,,,,,,,,,,,,,,3660,90,4200,92,-540,-2,0,2,1,1,0,1,4484,108,5478,116,-994,-8,0,2,1,2,0,1,7203,157,8240,179,-1037,-22,1,3,1,3,0,2,10022,220,10706,234,-684,-14,2,4,1,4,0,3,1,1
lol-game-116566854547769562,partial,,LPL,2026,,0,2026-07-29 12:35:00,2,16.14.794.5912,10,Red,sup,Crisp,,LGD GAMING,,Bard,1,1923,0,4,11,17,9,,,0.0693,7525,234.8,0.124,25,0.78,58,1.81,14,0.44,,,,,,,,,,,,,,,,,,,,,,,,2695,12,2740,7,-45,5,0,3,0,0,2,1,3131,15,3168,9,-37,6,0,3,0,0,3,1,4356,17,4670,11,-314,6,0,5,2,1,4,2,5800,22,5850,15,-50,7,0,8,3,1,5,2,1,1
lol-game-116566854547769562,partial,,LPL,2026,,0,2026-07-29 12:35:00,2,16.14.794.5912,,Red,team,,,LGD GAMING,,,1,1923,17,9,39,17,9,0.53,0.811,,60706,,,1082,,114,,36,,,,,,,3,1,3,1,0,0,0,1,0,2,0,0,1,0,8,3,1,0,18112,372,18659,396,-547,-24,3,7,2,2,3,3,20941,435,21811,463,-870,-28,3,7,3,3,5,3,31839,638,32708,669,-869,-31,7,13,7,7,8,7,43705,834,42057,863,1648,-29,12,24,8,8,11,12,1,1
lol-game-116566854547769563,partial,,LPL,2026,,0,2026-07-29 13:35:00,3,16.14.794.5912,1,Blue,top,Burdol,,LGD GAMING,,Rumble,0,1655,1,1,5,9,17,,,0.2915,10613,384.8,0.208,262,9.5,17,0.62,7,0.25,,,,,,,,,,,,,,,,,,,,,,,,4313,111,4279,106,34,5,0,2,0,0,0,1,6129,152,6251,149,-122,3,1,3,0,1,1,1,8418,213,7992,205,426,8,1,4,0,1,1,1,9905,250,10000,236,-95,14,1,4,1,2,1,1,1,1
lol-game-116566854547769563,partial,,LPL,2026,,0,2026-07-29 13:35:00,3,16.14.794.5912,2,Blue,jng,Heng,,LGD GAMING,,Vi,0,1655,3,6,5,9,17,,,0.1326,10570,383.2,0.2071,168,6.09,10,0.36,10,0.36,,,,,,,,,,,,,,,,,,,,,,,,4657,75,4637,107,20,-32,2,1,2,0,1,0,7107,111,6939,135,168,-24,3,3,3,2,2,1,8694,139,9141,182,-447,-43,3,4,4,2,4,1,10251,168,10847,211,-596,-43,3,5,4,2,4,1,1,1
lol-game-116566854547769563,partial,,LPL,2026,,0,2026-07-29 13:35:00,3,16.14.794.5912,3,Blue,mid,Tangyuan,,LGD GAMING,,Annie,0,1655,1,5,4,9,17,,,0.2692,9086,329.4,0.178,209,7.58,12,0.44,5,0.18,,,,,,,,,,,,,,,,,,,,,,,,4137,92,4833,135,-696,-43,1,1,0,0,0,0,5544,125,7216,192,-1672,-67,1,3,2,0,0,0,6960,164,10497,241,-3537,-77,1,3,4,4,0,0,8512,201,13497,296,-4985,-95,1,4,4,4,1,0,1,1
lol-game-116566854547769563,partial,,LPL,2026,,0,2026-07-29 13:35:00,3,16.14.794.5912,4,Blue,bot,Shaoye,,LGD GAMING,,Jhin,0,1655,3,3,3,9,17,,,0.1687,12860,466.2,0.252,277,10.04,15,0.54,8,0.29,,,,,,,,,,,,,,,,,,,,,,,,4685,107,6841,143,-2156,-36,0,1,1,3,0,0,7238,166,9112,192,-1874,-26,0,3,1,3,2,1,9546,218,11561,242,-2015,-24,1,3,2,4,3,2,11886,267,13805,292,-1919,-25,2,3,2,4,3,3,1,1
lol-game-116566854547769563,partial,,LPL,2026,,0,2026-07-29 13:35:00,3,16.14.794.5912,5,Blue,sup,Crisp,,LGD GAMING,,Seraphine,0,1655,1,2,6,9,17,,,0.138,7904,286.5,0.1549,39,1.41,64,2.32,11,0.4,,,,,,,,,,,,,,,,,,,,,,,,3265,26,3518,15,-253,11,0,2,0,0,3,2,5102,32,5173,23,-71,9,1,3,0,0,6,3,6272,37,6731,26,-459,11,1,4,1,0,10,3,7321,39,8170,28,-849,11,1,5,1,0,11,3,1,1
lol-game-116566854547769563,partial,,LPL,2026,,0,2026-07-29 13:35:00,3,16.14.794.5912,,Blue,team,,,LGD GAMING,,,0,1655,9,17,23,9,17,0.326,0.943,,51033,,,955,,118,,41,,,,,,,0,4,0,4,0,0,0,0,0,0,0,0,0,2,1,10,0,3,21057,411,24108,506,-3051,-95,3,7,3,3,4,3,31120,586,34691,691,-3571,-105,6,15,6,6,11,6,39890,771,45922,896,-6032,-125,7,18,11,11,18,7,47875,925,56319,1063,-8444,-138,8,21,12,12,20,8,1,1
lol-game-116566854547769563,partial,,LPL,2026,,0,2026-07-29 13:35:00,3,16.14.794.5912,6,Red,top,Wenbo,,BILIBILI GAMING,,Aurora,1,1655,2,1,1,17,9,,,0.1593,11664,422.9,0.1816,250,9.06,11,0.4,10,0.36,,,,,,,,,,,,,,,,,,,,,,,,4279,106,4313,111,-34,-5,0,0,1,0,2,0,6251,149,6129,152,122,-3,1,1,1,1,3,0,7992,205,8418,213,-426,-8,1,1,1,1,4,0,10000,236,9905,250,95,-14,2,1,1,1,4,1,1,1
lol-game-116566854547769563,partial,,LPL,2026,,0,2026-07-29 13:35:00,3,16.14.794.5912,7,Red,jng,Xun,,BILIBILI GAMING,,Poppy,1,1655,2,1,6,17,9,,,0.1937,11867,430.2,0.1848,220,7.98,14,0.51,10,0.36,,,,,,,,,,,,,,,,,,,,,,,,4637,107,4657,75,-20,32,0,1,0,2,1,2,6939,135,7107,111,-168,24,2,2,1,3,3,3,9141,182,8694,139,447,43,2,4,1,3,4,4,10847,211,10251,168,596,43,2,4,1,3,5,4,1,1
lol-game-116566854547769563,partial,,LPL,2026,,0,2026-07-29 13:35:00,3,16.14.794.5912,8,Red,mid,Knight,,BILIBILI GAMING,,Akali,1,1655,9,0,1,17,9,,,0.277,16030,581.1,0.2496,307,11.13,5,0.18,8,0.29,,,,,,,,,,,,,,,,,,,,,,,,4833,135,4137,92,696,43,0,0,0,1,1,0,7216,192,5544,125,1672,67,0,0,0,1,3,2,10497,241,6960,164,3537,77,4,0,0,1,3,4,13497,296,8512,201,4985,95,4,1,0,1,4,4,1,1
lol-game-116566854547769563,partial,,LPL,2026,,0,2026-07-29 13:35:00,3,16.14.794.5912,9,Red,bot,Viper,,BILIBILI GAMING,,Caitlyn,1,1655,4,3,5,17,9,,,0.2658,15356,556.7,0.2391,314,11.38,20,0.73,10,0.36,,,,,,,,,,,,,,,,,,,,,,,,6841,143,4685,107,2156,36,3,0,0,0,1,1,9112,192,7238,166,1874,26,3,2,1,0,3,1,11561,242,9546,218,2015,24,4,3,2,1,3,2,13805,292,11886,267,1919,25,4,3,3,2,3,2,1,1
lol-game-116566854547769563,partial,,LPL,2026,,0,2026-07-29 13:35:00,3,16.14.794.5912,10,Red,sup,ON,,BILIBILI GAMING,,Lux,1,1655,0,4,13,17,9,,,0.1042,9310,337.5,0.145,34,1.23,58,2.1,12,0.44,,,,,,,,,,,,,,,,,,,,,,,,3518,15,3265,26,253,-11,0,3,2,0,2,0,5173,23,5102,32,71,-9,0,6,3,1,3,0,6731,26,6272,37,459,-11,0,10,3,1,4,1,8170,28,7321,39,849,-11,0,11,3,1,5,1,1,1
lol-game-116566854547769563,partial,,LPL,2026,,0,2026-07-29 13:35:00,3,16.14.794.5912,,Red,team,,,BILIBILI GAMING,,,1,1655,17,9,26,17,9,0.616,0.943,,64227,,,1125,,108,,50,,,,,,,4,0,4,0,0,2,1,0,0,1,0,0,2,0,10,1,3,0,24108,506,21057,411,3051,95,3,4,3,3,7,3,34691,691,31120,586,3571,105,6,11,6,6,15,6,45922,896,39890,771,6032,125,11,18,7,7,18,11,56319,1063,47875,925,8444,138,12,20,8,8,21,12,1,1
lol-game-116566854547769565,partial,,LPL,2026,,0,2026-07-24 12:25:00,1,16.14.794.5912,1,Blue,top,Wenbo,,BILIBILI GAMING,,Ambessa,0,2073,2,5,4,15,17,,,0.1692,12099,350.2,0.1723,236,6.83,12,0.35,5,0.14,,,,,,,,,,,,,,,,,,,,,,,,4343,94,4569,111,-226,-17,1,1,0,0,0,1,6175,139,6787,149,-612,-10,1,1,1,2,0,1,7361,160,9416,179,-2055,-19,1,2,2,5,0,2,8659,190,10892,212,-2233,-22,1,3,2,5,1,3,1,1
lol-game-116566854547769565,partial,,LPL,2026,,0,2026-07-24 12:25:00,1,16.14.794.5912,2,Blue,jng,Xun,,BILIBILI GAMING,,Jarvan IV,0,2073,4,3,9,15,17,,,0.1539,14005,405.4,0.1994,254,7.35,11,0.32,12,0.35,,,,,,,,,,,,,,,,,,,,,,,,4860,92,4871,112,-11,-20,2,1,0,0,1,0,6842,136,6777,150,65,-14,2,2,0,0,4,1,8677,168,8947,177,-270,-9,2,6,2,1,6,2,10280,202,10602,203,-322,-1,2,7,3,2,7,2,1,1
lol-game-116566854547769565,partial,,LPL,2026,,0,2026-07-24 12:25:00,1,16.14.794.5912,3,Blue,mid,Knight,,BILIBILI GAMING,,Cassiopeia,0,2073,2,3,7,15,17,,,0.2095,13785,399.0,0.1963,314,9.09,8,0.23,20,0.58,,,,,,,,,,,,,,,,,,,,,,,,4523,121,4985,131,-462,-10,0,2,1,1,0,0,6154,160,7215,190,-1061,-30,0,2,2,1,2,0,8793,211,9563,239,-770,-28,1,5,2,1,5,0,10828,253,11512,279,-684,-26,2,5,2,2,6,0,1,1
lol-game-116566854547769565,partial,,LPL,2026,,0,2026-07-24 12:25:00,1,16.14.794.5912,4,Blue,bot,Viper,,BILIBILI GAMING,,Lucian,0,2073,7,2,6,15,17,,,0.3984,20369,589.6,0.2901,433,12.53,23,0.67,20,0.58,,,,,,,,,,,,,,,,,,,,,,,,5358,134,4560,99,798,35,0,2,0,0,0,1,8455,206,7127,166,1328,40,1,2,0,1,1,1,11991,272,9242,214,2749,58,4,3,0,1,5,1,14167,332,11625,270,2542,62,4,4,1,2,6,1,1,1
lol-game-116566854547769565,partial,,LPL,2026,,0,2026-07-24 12:25:00,1,16.14.794.5912,5,Blue,sup,ON,,BILIBILI GAMING,,Milio,0,2073,0,4,14,15,17,,,0.069,9963,288.4,0.1419,32,0.93,96,2.78,20,0.58,,,,,,,,,,,,,,,,,,,,,,,,3121,16,3042,15,79,1,0,2,0,0,0,1,4562,19,4175,20,387,-1,0,3,1,0,1,1,5910,23,5425,24,485,-1,0,7,2,0,5,3,7000,28,6818,26,182,2,0,8,3,0,8,3,1,1
lol-game-116566854547769565,partial,,LPL,2026,,0,2026-07-24 12:25:00,1,16.14.794.5912,,Blue,team,,,BILIBILI GAMING,,,0,2073,15,17,40,15,17,0.434,0.926,,70221,,,1269,,150,,77,,,,,,,3,3,3,3,2,0,0,0,0,1,0,0,1,1,5,8,0,1,22205,457,22027,468,178,-11,3,8,1,1,1,3,32188,660,32081,675,107,-15,4,10,4,4,8,4,42732,834,42593,833,139,1,8,23,8,8,21,8,50934,1005,51449,990,-515,15,9,27,11,11,28,9,1,1
lol-game-116566854547769565,partial,,LPL,2026,,0,2026-07-24 12:25:00,1,16.14.794.5912,6,Red,top,Zdz,,EDWARD GAMING,,Vayne,1,2073,9,3,1,17,15,,,0.2311,17512,506.9,0.243,305,8.83,20,0.58,17,0.49,,,,,,,,,,,,,,,,,,,,,,,,4569,111,4343,94,226,17,0,0,1,1,1,0,6787,149,6175,139,612,10,2,0,1,1,1,1,9416,179,7361,160,2055,19,5,0,2,1,2,2,10892,212,8659,190,2233,22,5,1,3,1,3,2,1,1
lol-game-116566854547769565,partial,,LPL,2026,,0,2026-07-24 12:25:00,1,16.14.794.5912,7,Red,jng,Xiaohao,,EDWARD GAMING,,Lee Sin,1,2073,2,4,9,17,15,,,0.1578,13993,405.0,0.1942,257,7.44,24,0.69,16,0.46,,,,,,,,,,,,,,,,,,,,,,,,4871,112,4860,92,11,20,0,1,0,2,1,0,6777,150,6842,136,-65,14,0,4,1,2,2,0,8947,177,8677,168,270,9,1,6,2,2,6,2,10602,203,10280,202,322,1,2,7,2,2,7,3,1,1
lol-game-116566854547769565,partial,,LPL,2026,,0,2026-07-24 12:25:00,1,16.14.794.5912,8,Red,mid,BuLLDoG,,EDWARD GAMING,,Syndra,1,2073,3,1,8,17,15,,,0.2658,14895,431.1,0.2067,344,9.96,22,0.64,6,0.17,,,,,,,,,,,,,,,,,,,,,,,,4985,131,4523,121,462,10,1,0,0,0,2,1,7215,190,6154,160,1061,30,1,2,0,0,2,2,9563,239,8793,211,770,28,1,5,0,1,5,2,11512,279,10828,253,684,26,2,6,0,2,5,2,1,1
lol-game-116566854547769565,partial,,LPL,2026,,0,2026-07-24 12:25:00,1,16.14.794.5912,9,Red,bot,Leave,,EDWARD GAMING,,Ziggs,1,2073,3,2,7,17,15,,,0.3021,16117,466.5,0.2237,341,9.87,14,0.41,4,0.12,,,,,,,,,,,,,,,,,,,,,,,,4560,99,5358,134,-798,-35,0,0,1,0,2,0,7127,166,8455,206,-1328,-40,1,1,1,1,2,0,9242,214,11991,272,-2749,-58,1,5,1,4,3,0,11625,270,14167,332,-2542,-62,2,6,1,4,4,1,1,1
lol-game-116566854547769565,partial,,LPL,2026,,0,2026-07-24 12:25:00,1,16.14.794.5912,10,Red,sup,Parukia,,EDWARD GAMING,,Rell,1,2073,0,5,11,17,15,,,0.0432,9540,276.1,0.1324,29,0.84,95,2.75,16,0.46,,,,,,,,,,,,,,,,,,,,,,,,3042,15,3121,16,-79,-1,0,0,1,0,2,0,4175,20,4562,19,-387,1,0,1,1,0,3,1,5425,24,5910,23,-485,1,0,5,3,0,7,2,6818,26,7000,28,-182,-2,0,8,3,0,8,3,1,1
lol-game-116566854547769565,partial,,LPL,2026,,0,2026-07-24 12:25:00,1,16.14.794.5912,,Red,team,,,EDWARD GAMING,,,1,2073,17,15,36,17,15,0.492,0.926,,72057,,,1276,,175,,59,,,,,,,3,3,3,3,2,0,1,0,0,0,0,0,1,1,8,5,1,0,22027,468,22205,457,-178,11,1,1,3,3,8,1,32081,675,32188,660,-107,15,4,8,4,4,10,4,42593,833,42732,834,-139,-1,8,21,8,8,23,8,51449,990,50934,1005,515,-15,11,28,9,9,27,11,1,1
lol-game-116566854547769566,partial,,LPL,2026,,0,2026-07-24 13:25:00,2,16.14.794.5912,1,Blue,top,Zdz,,EDWARD GAMING,,Rumble,0,1975,10,7,2,20,28,,,0.2699,13918,422.8,0.2108,247,7.5,17,0.52,4,0.12,,,,,,,,,,,,,,,,,,,,,,,,4680,105,3712,99,968,6,1,1,0,0,0,1,6518,147,5611,145,907,2,2,1,0,0,1,1,8668,167,8957,195,-289,-28,4,1,2,3,2,1,11111,194,12988,233,-1877,-39,8,2,5,9,4,2,1,1
lol-game-116566854547769566,partial,,LPL,2026,,0,2026-07-24 13:25:00,2,16.14.794.5912,2,Blue,jng,Xiaohao,,EDWARD GAMING,,Wukong,0,1975,5,4,9,20,28,,,0.1501,13647,414.6,0.2067,220,6.68,16,0.49,11,0.33,,,,,,,,,,,,,,,,,,,,,,,,4151,80,3988,90,163,-10,1,1,0,0,1,1,6198,127,6165,137,33,-10,1,2,0,0,3,1,8229,156,7755,160,474,-4,2,5,1,0,6,3,11444,185,9390,183,2054,2,4,7,2,0,8,5,1,1
lol-game-116566854547769566,partial,,LPL,2026,,0,2026-07-24 13:25:00,2,16.14.794.5912,3,Blue,mid,BuLLDoG,,EDWARD GAMING,,Taliyah,0,1975,2,5,11,20,28,,,0.2564,13266,403.0,0.2009,304,9.24,25,0.76,9,0.27,,,,,,,,,,,,,,,,,,,,,,,,3990,112,4388,125,-398,-13,0,1,0,0,0,0,5715,157,6956,183,-1241,-26,0,1,1,2,0,0,8474,208,10133,228,-1659,-20,2,3,2,5,3,1,10480,241,12603,261,-2123,-20,2,8,4,6,8,2,1,1
lol-game-116566854547769566,partial,,LPL,2026,,0,2026-07-24 13:25:00,2,16.14.794.5912,4,Blue,bot,Leave,,EDWARD GAMING,,Varus,0,1975,2,6,13,20,28,,,0.2643,16669,506.4,0.2524,318,9.66,15,0.46,10,0.3,,,,,,,,,,,,,,,,,,,,,,,,4155,98,5129,120,-974,-22,1,1,1,1,0,0,7044,146,7546,180,-502,-34,1,2,2,1,0,0,9302,187,10955,236,-1653,-49,1,6,4,3,3,1,12870,232,14006,275,-1136,-43,2,10,5,5,7,3,1,1
lol-game-116566854547769566,partial,,LPL,2026,,0,2026-07-24 13:25:00,2,16.14.794.5912,5,Blue,sup,Parukia,,EDWARD GAMING,,Nautilus,0,1975,1,6,13,20,28,,,0.0593,8533,259.2,0.1292,40,1.22,80,2.43,19,0.58,,,,,,,,,,,,,,,,,,,,,,,,3023,20,2908,15,115,5,0,3,0,0,1,1,4131,26,4006,20,125,6,0,4,0,0,1,2,5455,30,5301,23,154,7,0,9,2,0,4,3,6783,33,6902,30,-119,3,1,10,4,0,9,5,1,1
lol-game-116566854547769566,partial,,LPL,2026,,0,2026-07-24 13:25:00,2,16.14.794.5912,,Blue,team,,,EDWARD GAMING,,,0,1975,20,28,48,20,28,0.608,1.458,,66033,,,1129,,153,,53,,,,,,,2,3,2,3,1,0,0,1,0,0,0,0,0,2,2,10,0,1,19999,415,20125,449,-126,-34,3,7,1,1,2,3,29606,603,30284,665,-678,-62,4,10,3,3,5,4,40128,748,43101,842,-2973,-94,9,24,11,11,18,9,52688,885,55889,982,-3201,-97,17,37,20,20,36,17,1,1
lol-game-116566854547769566,partial,,LPL,2026,,0,2026-07-24 13:25:00,2,16.14.794.5912,6,Red,top,Wenbo,,BILIBILI GAMING,,Yorick,1,1975,10,2,6,28,20,,,0.2574,18566,564.0,0.2403,323,9.81,10,0.3,6,0.18,,,,,,,,,,,,,,,,,,,,,,,,3712,99,4680,105,-968,-6,0,0,1,1,1,0,5611,145,6518,147,-907,-2,0,1,1,2,1,0,8957,195,8668,167,289,28,3,2,1,4,1,2,12988,233,11111,194,1877,39,9,4,2,8,2,5,1,1
lol-game-116566854547769566,partial,,LPL,2026,,0,2026-07-24 13:25:00,2,16.14.794.5912,7,Red,jng,Xun,,BILIBILI GAMING,,Nocturne,1,1975,0,8,11,28,20,,,0.0907,12446,378.1,0.1611,233,7.08,8,0.24,5,0.15,,,,,,,,,,,,,,,,,,,,,,,,3988,90,4151,80,-163,10,0,1,1,1,1,0,6165,137,6198,127,-33,10,0,3,1,1,2,0,7755,160,8229,156,-474,4,0,6,3,2,5,1,9390,183,11444,185,-2054,-2,0,8,5,4,7,2,1,1
lol-game-116566854547769566,partial,,LPL,2026,,0,2026-07-24 13:25:00,2,16.14.794.5912,8,Red,mid,Knight,,BILIBILI GAMING,,Ryze,1,1975,9,2,10,28,20,,,0.2413,16595,504.2,0.2148,313,9.51,7,0.21,17,0.52,,,,,,,,,,,,,,,,,,,,,,,,4388,125,3990,112,398,13,0,0,0,0,1,0,6956,183,5715,157,1241,26,2,0,0,0,1,1,10133,228,8474,208,1659,20,5,3,1,2,3,2,12603,261,10480,241,2123,20,6,8,2,2,8,4,1,1
lol-game-116566854547769566,partial,,LPL,2026,,0,2026-07-24 13:25:00,2,16.14.794.5912,9,Red,bot,Viper,,BILIBILI GAMING,,Ezreal,1,1975,9,3,9,28,20,,,0.3453,19740,599.7,0.2555,348,10.57,20,0.61,11,0.33,,,,,,,,,,,,,,,,,,,,,,,,5129,120,4155,98,974,22,1,0,0,1,1,1,7546,180,7044,146,502,34,1,0,0,1,2,2,10955,236,9302,187,1653,49,3,3,1,1,6,4,14006,275,12870,232,1136,43,5,7,3,2,10,5,1,1
lol-game-116566854547769566,partial,,LPL,2026,,0,2026-07-24 13:25:00,2,16.14.794.5912,10,Red,sup,ON,,BILIBILI GAMING,,Bard,1,1975,0,5,16,28,20,,,0.0653,9905,300.9,0.1282,39,1.18,87,2.64,27,0.82,,,,,,,,,,,,,,,,,,,,,,,,2908,15,3023,20,-115,-5,0,1,1,0,3,0,4006,20,4131,26,-125,-6,0,1,2,0,4,0,5301,23,5455,30,-154,-7,0,4,3,0,9,2,6902,30,6783,33,119,-3,0,9,5,1,10,4,1,1
lol-game-116566854547769566,partial,,LPL,2026,,0,2026-07-24 13:25:00,2,16.14.794.5912,,Red,team,,,BILIBILI GAMING,,,1,1975,28,20,52,28,20,0.851,1.458,,77252,,,1256,,132,,66,,,,,,,3,2,3,2,0,0,0,2,0,1,0,0,2,0,10,2,1,0,20125,449,19999,415,126,34,1,2,3,3,7,1,30284,665,29606,603,678,62,3,5,4,4,10,3,43101,842,40128,748,2973,94,11,18,9,9,24,11,55889,982,52688,885,3201,97,20,36,17,17,37,20,1,1
lol-game-116566854547769567,partial,,LPL,2026,,0,2026-07-24 14:25:00,3,16.14.794.5912,1,Blue,top,Wenbo,,BILIBILI GAMING,,Renekton,1,1716,3,0,10,21,10,,,0.2224,13177,460.7,0.1952,284,9.93,13,0.45,5,0.17,,,,,,,,,,,,,,,,,,,,,,,,4410,111,4270,95,140,16,0,3,0,1,1,2,6543,168,5892,145,651,23,1,3,0,1,1,2,8482,228,7995,218,487,10,1,3,0,1,1,2,11167,256,9518,255,1649,1,2,6,0,1,1,4,1,1
lol-game-116566854547769567,partial,,LPL,2026,,0,2026-07-24 14:25:00,3,16.14.794.5912,2,Blue,jng,Xun,,BILIBILI GAMING,,Trundle,1,1716,3,1,15,21,10,,,0.117,14005,489.7,0.2074,238,8.32,12,0.42,14,0.49,,,,,,,,,,,,,,,,,,,,,,,,5244,108,5009,104,235,4,1,4,1,1,1,1,7295,148,7226,150,69,-2,1,6,1,1,3,1,9697,195,9190,174,507,21,1,8,1,3,3,2,12567,224,10665,201,1902,23,3,11,1,3,4,3,1,1
lol-game-116566854547769567,partial,,LPL,2026,,0,2026-07-24 14:25:00,3,16.14.794.5912,3,Blue,mid,Knight,,BILIBILI GAMING,,Akali,1,1716,12,4,6,21,10,,,0.297,15769,551.4,0.2336,262,9.16,4,0.14,11,0.38,,,,,,,,,,,,,,,,,,,,,,,,6130,111,4927,108,1203,3,6,0,2,1,1,2,8461,151,7384,151,1077,0,7,1,3,3,1,3,11239,210,9113,204,2126,6,9,1,3,3,2,4,14010,246,11271,237,2739,9,11,2,4,4,2,4,1,1
lol-game-116566854547769567,partial,,LPL,2026,,0,2026-07-24 14:25:00,3,16.14.794.5912,4,Blue,bot,Viper,,BILIBILI GAMING,,Xerath,1,1716,3,3,6,21,10,,,0.2713,15492,541.7,0.2294,311,10.87,22,0.77,2,0.07,,,,,,,,,,,,,,,,,,,,,,,,5310,130,5512,138,-202,-8,0,0,0,1,1,0,7609,186,7640,201,-31,-15,0,0,1,1,1,0,9367,228,10023,267,-656,-39,0,1,3,1,3,0,11972,267,11935,317,37,-50,0,5,3,1,3,1,1,1
lol-game-116566854547769567,partial,,LPL,2026,,0,2026-07-24 14:25:00,3,16.14.794.5912,5,Blue,sup,ON,,BILIBILI GAMING,,Seraphine,1,1716,0,2,13,21,10,,,0.0922,9075,317.3,0.1344,58,2.03,80,2.8,25,0.87,,,,,,,,,,,,,,,,,,,,,,,,3795,32,3322,14,473,18,0,5,1,0,2,2,5012,38,4236,18,776,20,0,6,1,0,2,3,6214,49,5373,24,841,25,0,6,1,0,2,3,7991,54,6448,26,1543,28,0,10,1,0,3,4,1,1
lol-game-116566854547769567,partial,,LPL,2026,,0,2026-07-24 14:25:00,3,16.14.794.5912,,Blue,team,,,BILIBILI GAMING,,,1,1716,21,10,50,21,10,0.734,1.084,,67518,,,1153,,131,,57,,,,,,,3,1,3,1,0,2,1,0,0,0,0,0,1,0,9,0,1,0,24889,492,23040,459,1849,33,7,12,4,4,6,7,34920,691,32378,665,2542,26,9,16,6,6,8,9,44999,910,41694,887,3305,23,11,19,8,8,11,11,57707,1047,49837,1036,7870,11,16,34,9,9,13,16,1,1
lol-game-116566854547769567,partial,,LPL,2026,,0,2026-07-24 14:25:00,3,16.14.794.5912,6,Red,top,Zdz,,EDWARD GAMING,,Olaf,0,1716,1,5,1,10,21,,,0.3072,10837,378.9,0.194,288,10.07,14,0.49,5,0.17,,,,,,,,,,,,,,,,,,,,,,,,4270,95,4410,111,-140,-16,1,1,2,0,3,0,5892,145,6543,168,-651,-23,1,1,2,1,3,0,7995,218,8482,228,-487,-10,1,1,2,1,3,0,9518,255,11167,256,-1649,-1,1,1,4,2,6,0,1,1
lol-game-116566854547769567,partial,,LPL,2026,,0,2026-07-24 14:25:00,3,16.14.794.5912,7,Red,jng,Xiaohao,,EDWARD GAMING,,Vi,0,1716,3,4,5,10,21,,,0.1799,11860,414.7,0.2123,223,7.8,12,0.42,14,0.49,,,,,,,,,,,,,,,,,,,,,,,,5009,104,5244,108,-235,-4,1,1,1,1,4,1,7226,150,7295,148,-69,2,1,3,1,1,6,1,9190,174,9697,195,-507,-21,3,3,2,1,8,1,10665,201,12567,224,-1902,-23,3,4,3,3,11,1,1,1
lol-game-116566854547769567,partial,,LPL,2026,,0,2026-07-24 14:25:00,3,16.14.794.5912,8,Red,mid,BuLLDoG,,EDWARD GAMING,,Locke,0,1716,5,5,2,10,21,,,0.2878,12565,439.3,0.2249,255,8.92,13,0.45,8,0.28,,,,,,,,,,,,,,,,,,,,,,,,4927,108,6130,111,-1203,-3,1,1,2,6,0,2,7384,151,8461,151,-1077,0,3,1,3,7,1,3,9113,204,11239,210,-2126,-6,3,2,4,9,1,3,11271,237,14010,246,-2739,-9,4,2,4,11,2,4,1,1
lol-game-116566854547769567,partial,,LPL,2026,,0,2026-07-24 14:25:00,3,16.14.794.5912,9,Red,bot,Leave,,EDWARD GAMING,,Mel,0,1716,1,2,3,10,21,,,0.1712,13416,469.1,0.2402,353,12.34,13,0.45,6,0.21,,,,,,,,,,,,,,,,,,,,,,,,5512,138,5310,130,202,8,1,1,0,0,0,0,7640,201,7609,186,31,15,1,1,0,0,0,1,10023,267,9367,228,656,39,1,3,0,0,1,3,11935,317,11972,267,-37,50,1,3,1,0,5,3,1,1
lol-game-116566854547769567,partial,,LPL,2026,,0,2026-07-24 14:25:00,3,16.14.794.5912,10,Red,sup,Parukia,,EDWARD GAMING,,Alistar,0,1716,0,5,4,10,21,,,0.0539,7180,251.0,0.1285,26,0.91,92,3.22,12,0.42,,,,,,,,,,,,,,,,,,,,,,,,3322,14,3795,32,-473,-18,0,2,2,0,5,1,4236,18,5012,38,-776,-20,0,2,3,0,6,1,5373,24,6214,49,-841,-25,0,2,3,0,6,1,6448,26,7991,54,-1543,-28,0,3,4,0,10,1,1,1
lol-game-116566854547769567,partial,,LPL,2026,,0,2026-07-24 14:25:00,3,16.14.794.5912,,Red,team,,,EDWARD GAMING,,,0,1716,10,21,15,10,21,0.35,1.084,,55858,,,1145,,144,,45,,,,,,,1,3,1,3,0,0,0,0,1,0,0,0,0,1,0,9,0,1,23040,459,24889,492,-1849,-33,4,6,7,7,12,4,32378,665,34920,691,-2542,-26,6,8,9,9,16,6,41694,887,44999,910,-3305,-23,8,11,11,11,19,8,49837,1036,57707,1047,-7870,-11,9,13,16,16,34,9,1,1
lol-game-116566854547769569,partial,,LPL,2026,,0,2026-07-23 12:55:00,1,16.14.794.5912,1,Blue,top,Keshi,,THUNDER TALK GAMING,,Jayce,0,1597,6,5,2,11,31,,,0.3522,15069,566.1,0.2748,269,10.11,12,0.45,6,0.23,,,,,,,,,,,,,,,,,,,,,,,,6018,139,4707,110,1311,29,0,0,0,1,0,0,8740,200,6640,169,2100,31,1,1,0,1,0,0,11658,233,8526,198,3132,35,3,2,1,1,1,1,14180,265,12393,227,1787,38,5,2,4,5,3,2,1,1
lol-game-116566854547769569,partial,,LPL,2026,,0,2026-07-23 12:55:00,1,16.14.794.5912,2,Blue,jng,Junhao,,THUNDER TALK GAMING,,Xin Zhao,0,1597,0,6,4,11,31,,,0.1515,9823,369.1,0.1791,207,7.78,11,0.41,21,0.79,,,,,,,,,,,,,,,,,,,,,,,,4328,87,5293,121,-965,-34,0,0,2,0,5,1,6109,134,7033,153,-924,-19,0,0,2,0,7,1,7807,170,9603,201,-1796,-31,0,2,3,1,10,1,9449,200,12244,217,-2795,-17,0,4,5,2,20,2,1,1
lol-game-116566854547769569,partial,,LPL,2026,,0,2026-07-23 12:55:00,1,16.14.794.5912,3,Blue,mid,Heru,,THUNDER TALK GAMING,,Akali,0,1597,1,6,5,11,31,,,0.1769,9995,375.5,0.1822,214,8.04,13,0.49,3,0.11,,,,,,,,,,,,,,,,,,,,,,,,4617,125,5193,132,-576,-7,0,2,1,1,3,1,6172,166,7817,184,-1645,-18,0,2,2,3,3,2,7602,192,11381,237,-3779,-45,0,4,3,7,4,3,9466,208,15581,295,-6115,-87,1,4,6,13,9,3,1,1
lol-game-116566854547769569,partial,,LPL,2026,,0,2026-07-23 12:55:00,1,16.14.794.5912,4,Blue,bot,Ahn,,THUNDER TALK GAMING,,Ziggs,0,1597,4,7,2,11,31,,,0.2792,13276,498.8,0.2421,258,9.69,14,0.53,3,0.11,,,,,,,,,,,,,,,,,,,,,,,,5605,116,5083,132,522,-16,2,0,2,1,3,0,8681,166,7575,192,1106,-26,3,0,2,1,4,0,10948,223,9853,250,1095,-27,4,0,3,1,7,0,12689,243,13209,290,-520,-47,4,2,6,3,16,0,1,1
lol-game-116566854547769569,partial,,LPL,2026,,0,2026-07-23 12:55:00,1,16.14.794.5912,5,Blue,sup,Feather,,THUNDER TALK GAMING,,Nautilus,0,1597,0,7,4,11,31,,,0.0402,6681,251.0,0.1218,27,1.01,67,2.52,12,0.45,,,,,,,,,,,,,,,,,,,,,,,,3090,16,4451,19,-1361,-3,0,2,1,3,3,0,4107,21,5735,22,-1628,-1,0,2,2,3,5,1,5199,25,7051,28,-1852,-3,0,3,3,3,8,2,6396,27,9541,31,-3145,-4,0,4,6,4,15,3,1,1
lol-game-116566854547769569,partial,,LPL,2026,,0,2026-07-23 12:55:00,1,16.14.794.5912,,Blue,team,,,THUNDER TALK GAMING,,,0,1597,11,31,17,11,31,0.413,1.578,,54844,,,975,,117,,45,,,,,,,1,4,1,4,0,0,0,0,0,1,0,0,0,1,2,11,0,3,23658,483,24727,514,-1069,-31,2,4,6,6,14,2,33809,687,34800,720,-991,-33,4,5,8,8,19,4,43214,843,46414,914,-3200,-71,7,11,13,13,30,7,52180,943,62968,1060,-10788,-117,10,16,27,27,63,10,1,1
lol-game-116566854547769569,partial,,LPL,2026,,0,2026-07-23 12:55:00,1,16.14.794.5912,6,Red,top,Wenbo,,BILIBILI GAMING,,Yorick,1,1597,5,2,7,31,11,,,0.2384,13500,507.2,0.1959,236,8.87,11,0.41,3,0.11,,,,,,,,,,,,,,,,,,,,,,,,4707,110,6018,139,-1311,-29,1,0,0,0,0,0,6640,169,8740,200,-2100,-31,1,0,0,1,1,0,8526,198,11658,233,-3132,-35,1,1,1,3,2,1,12393,227,14180,265,-1787,-38,5,3,2,5,2,4,1,1
lol-game-116566854547769569,partial,,LPL,2026,,0,2026-07-23 12:55:00,1,16.14.794.5912,7,Red,jng,Xun,,BILIBILI GAMING,,Jarvan IV,1,1597,3,3,23,31,11,,,0.1686,13452,505.4,0.1953,227,8.53,10,0.38,15,0.56,,,,,,,,,,,,,,,,,,,,,,,,5293,121,4328,87,965,34,0,5,1,0,0,2,7033,153,6109,134,924,19,0,7,1,0,0,2,9603,201,7807,170,1796,31,1,10,1,0,2,3,12244,217,9449,200,2795,17,2,20,2,0,4,5,1,1
lol-game-116566854547769569,partial,,LPL,2026,,0,2026-07-23 12:55:00,1,16.14.794.5912,8,Red,mid,Knight,,BILIBILI GAMING,,Ryze,1,1597,16,3,10,31,11,,,0.3589,17379,652.9,0.2522,307,11.53,12,0.45,3,0.11,,,,,,,,,,,,,,,,,,,,,,,,5193,132,4617,125,576,7,1,3,1,0,2,1,7817,184,6172,166,1645,18,3,3,2,0,2,2,11381,237,7602,192,3779,45,7,4,3,0,4,3,15581,295,9466,208,6115,87,13,9,3,1,4,6,1,1
lol-game-116566854547769569,partial,,LPL,2026,,0,2026-07-23 12:55:00,1,16.14.794.5912,9,Red,bot,Viper,,BILIBILI GAMING,,Cassiopeia,1,1597,3,0,17,31,11,,,0.1719,14348,539.1,0.2083,305,11.46,18,0.68,9,0.34,,,,,,,,,,,,,,,,,,,,,,,,5083,132,5605,116,-522,16,1,3,0,2,0,2,7575,192,8681,166,-1106,26,1,4,0,3,0,2,9853,250,10948,223,-1095,27,1,7,0,4,0,3,13209,290,12689,243,520,47,3,16,0,4,2,6,1,1
lol-game-116566854547769569,partial,,LPL,2026,,0,2026-07-23 12:55:00,1,16.14.794.5912,10,Red,sup,ON,,BILIBILI GAMING,,Shen,1,1597,4,3,18,31,11,,,0.0622,10217,383.9,0.1483,31,1.16,69,2.59,15,0.56,,,,,,,,,,,,,,,,,,,,,,,,4451,19,3090,16,1361,3,3,3,0,0,2,1,5735,22,4107,21,1628,1,3,5,1,0,2,2,7051,28,5199,25,1852,3,3,8,2,0,3,3,9541,31,6396,27,3145,4,4,15,3,0,4,6,1,1
lol-game-116566854547769569,partial,,LPL,2026,,0,2026-07-23 12:55:00,1,16.14.794.5912,,Red,team,,,BILIBILI GAMING,,,1,1597,31,11,75,31,11,1.165,1.578,,68896,,,1106,,120,,45,,,,,,,4,1,4,1,0,0,1,1,0,2,0,0,1,0,11,2,3,0,24727,514,23658,483,1069,31,6,14,2,2,4,6,34800,720,33809,687,991,33,8,19,4,4,5,8,46414,914,43214,843,3200,71,13,30,7,7,11,13,62968,1060,52180,943,10788,117,27,63,10,10,16,27,1,1
lol-game-116566854547769570,partial,,LPL,2026,,0,2026-07-23 13:47:00,2,16.14.794.5912,1,Blue,top,Wenbo,,BILIBILI GAMING,,Rumble,0,1628,1,4,4,11,23,,,0.2436,9215,339.6,0.1803,225,8.29,12,0.44,1,0.04,,,,,,,,,,,,,,,,,,,,,,,,3776,86,4342,111,-566,-25,1,1,1,0,3,1,5337,133,6700,172,-1363,-39,1,2,1,0,3,1,7306,191,8842,230,-1536,-39,1,3,2,0,4,2,8695,215,10662,270,-1967,-55,1,4,3,1,4,3,1,1
lol-game-116566854547769570,partial,,LPL,2026,,0,2026-07-23 13:47:00,2,16.14.794.5912,2,Blue,jng,Xun,,BILIBILI GAMING,,Vi,0,1628,2,6,6,11,23,,,0.2118,9953,366.8,0.1948,179,6.6,9,0.33,12,0.44,,,,,,,,,,,,,,,,,,,,,,,,4046,83,5397,92,-1351,-9,0,3,0,4,2,1,5820,131,8335,144,-2515,-13,0,3,2,6,5,1,7209,155,10827,198,-3618,-43,0,4,3,6,6,1,9614,176,13366,235,-3752,-59,2,6,4,8,8,1,1,1
lol-game-116566854547769570,partial,,LPL,2026,,0,2026-07-23 13:47:00,2,16.14.794.5912,3,Blue,mid,Knight,,BILIBILI GAMING,,Locke,0,1628,5,3,2,11,23,,,0.2393,12031,443.4,0.2354,246,9.07,6,0.22,4,0.15,,,,,,,,,,,,,,,,,,,,,,,,4088,101,3997,96,91,5,1,0,1,1,2,0,6246,150,6269,138,-23,12,2,0,2,2,5,1,7967,200,7866,169,101,31,2,0,2,3,5,1,11309,230,9048,171,2261,59,5,2,3,3,10,3,1,1
lol-game-116566854547769570,partial,,LPL,2026,,0,2026-07-23 13:47:00,2,16.14.794.5912,4,Blue,bot,Viper,,BILIBILI GAMING,,Jhin,0,1628,2,4,4,11,23,,,0.2272,12791,471.4,0.2503,294,10.84,15,0.55,8,0.29,,,,,,,,,,,,,,,,,,,,,,,,4267,118,3921,106,346,12,0,1,1,0,2,0,6477,169,6986,157,-509,12,0,1,2,1,5,0,9397,240,9947,221,-550,19,1,1,2,1,6,0,12200,282,12476,256,-276,26,2,4,3,3,7,1,1,1
lol-game-116566854547769570,partial,,LPL,2026,,0,2026-07-23 13:47:00,2,16.14.794.5912,5,Blue,sup,ON,,BILIBILI GAMING,,Alistar,0,1628,1,6,6,11,23,,,0.0781,7109,262.0,0.1391,30,1.11,65,2.4,10,0.37,,,,,,,,,,,,,,,,,,,,,,,,3060,14,3230,12,-170,2,1,2,3,1,4,1,4311,22,4898,15,-587,7,1,3,4,2,8,1,5318,25,6358,18,-1040,7,1,3,4,3,9,1,6707,29,7543,21,-836,8,1,6,5,3,12,3,1,1
lol-game-116566854547769570,partial,,LPL,2026,,0,2026-07-23 13:47:00,2,16.14.794.5912,,Blue,team,,,BILIBILI GAMING,,,0,1628,11,23,22,11,23,0.405,1.253,,51099,,,974,,107,,35,,,,,,,1,3,1,3,0,0,0,0,1,0,0,0,0,1,2,7,0,1,19237,402,20887,417,-1650,-15,3,7,6,6,13,3,28191,605,33188,626,-4997,-21,4,9,11,11,26,4,37197,811,43840,836,-6643,-25,5,11,13,13,30,5,48525,932,53095,953,-4570,-21,11,22,18,18,41,11,1,1
lol-game-116566854547769570,partial,,LPL,2026,,0,2026-07-23 13:47:00,2,16.14.794.5912,6,Red,top,Keshi,,THUNDER TALK GAMING,,Ambessa,1,1628,2,3,5,23,11,,,0.1889,12277,452.5,0.2014,292,10.76,11,0.41,6,0.22,,,,,,,,,,,,,,,,,,,,,,,,4342,111,3776,86,566,25,0,3,1,1,1,1,6700,172,5337,133,1363,39,0,3,1,1,2,1,8842,230,7306,191,1536,39,0,4,2,1,3,2,10662,270,8695,215,1967,55,1,4,3,1,4,3,1,1
lol-game-116566854547769570,partial,,LPL,2026,,0,2026-07-23 13:47:00,2,16.14.794.5912,7,Red,jng,Junhao,,THUNDER TALK GAMING,,Lee Sin,1,1628,9,1,12,23,11,,,0.2902,15040,554.3,0.2468,249,9.18,21,0.77,14,0.52,,,,,,,,,,,,,,,,,,,,,,,,5397,92,4046,83,1351,9,4,2,1,0,3,0,8335,144,5820,131,2515,13,6,5,1,0,3,2,10827,198,7209,155,3618,43,6,6,1,0,4,3,13366,235,9614,176,3752,59,8,8,1,2,6,4,1,1
lol-game-116566854547769570,partial,,LPL,2026,,0,2026-07-23 13:47:00,2,16.14.794.5912,8,Red,mid,Heru,,THUNDER TALK GAMING,,Annie,1,1628,4,3,12,23,11,,,0.216,10296,379.5,0.1689,172,6.34,12,0.44,8,0.29,,,,,,,,,,,,,,,,,,,,,,,,3997,96,4088,101,-91,-5,1,2,0,1,0,1,6269,138,6246,150,23,-12,2,5,1,2,0,2,7866,169,7967,200,-101,-31,3,5,1,2,0,2,9048,171,11309,230,-2261,-59,3,10,3,5,2,3,1,1
lol-game-116566854547769570,partial,,LPL,2026,,0,2026-07-23 13:47:00,2,16.14.794.5912,9,Red,bot,Ahn,,THUNDER TALK GAMING,,Sivir,1,1628,5,1,10,23,11,,,0.2158,14744,543.4,0.2419,274,10.1,14,0.52,10,0.37,,,,,,,,,,,,,,,,,,,,,,,,3921,106,4267,118,-346,-12,0,2,0,0,1,1,6986,157,6477,169,509,-12,1,5,0,0,1,2,9947,221,9397,240,550,-19,1,6,0,1,1,2,12476,256,12200,282,276,-26,3,7,1,2,4,3,1,1
lol-game-116566854547769570,partial,,LPL,2026,,0,2026-07-23 13:47:00,2,16.14.794.5912,10,Red,sup,Feather,,THUNDER TALK GAMING,,Bard,1,1628,3,3,16,23,11,,,0.0891,8588,316.5,0.1409,25,0.92,64,2.36,18,0.66,,,,,,,,,,,,,,,,,,,,,,,,3230,12,3060,14,170,-2,1,4,1,1,2,3,4898,15,4311,22,587,-7,2,8,1,1,3,4,6358,18,5318,25,1040,-7,3,9,1,1,3,4,7543,21,6707,29,836,-8,3,12,3,1,6,5,1,1
lol-game-116566854547769570,partial,,LPL,2026,,0,2026-07-23 13:47:00,2,16.14.794.5912,,Red,team,,,THUNDER TALK GAMING,,,1,1628,23,11,55,23,11,0.848,1.253,,60945,,,1012,,122,,56,,,,,,,3,1,3,1,1,0,1,0,1,0,0,0,1,0,7,2,1,0,20887,417,19237,402,1650,15,6,13,3,3,7,6,33188,626,28191,605,4997,21,11,26,4,4,9,11,43840,836,37197,811,6643,25,13,30,5,5,11,13,53095,953,48525,932,4570,21,18,41,11,11,22,18,1,1
lol-game-116566854547769571,partial,,LPL,2026,,0,2026-07-23 14:45:00,3,16.14.794.5912,1,Blue,top,Keshi,,THUNDER TALK GAMING,,Twisted Fate,0,1386,4,4,2,13,27,,,0.2566,12704,550.0,0.2238,268,11.6,16,0.69,5,0.22,,,,,,,,,,,,,,,,,,,,,,,,7208,163,5911,135,1297,28,2,0,0,1,2,0,9927,209,8017,172,1910,37,4,0,2,1,6,1,11512,243,9877,211,1635,32,4,1,3,1,8,1,,,,,,,,,,,,,1,1
lol-game-116566854547769571,partial,,LPL,2026,,0,2026-07-23 14:45:00,3,16.14.794.5912,2,Blue,jng,Junhao,,THUNDER TALK GAMING,,Qiyana,0,1386,3,4,6,13,27,,,0.2871,13148,569.2,0.2316,230,9.96,11,0.48,8,0.35,,,,,,,,,,,,,,,,,,,,,,,,7165,123,7952,141,-787,-18,1,3,3,6,2,0,9633,170,11846,178,-2213,-8,2,4,3,11,2,0,12097,208,14098,218,-2001,-10,3,5,3,11,6,1,,,,,,,,,,,,,1,1
lol-game-116566854547769571,partial,,LPL,2026,,0,2026-07-23 14:45:00,3,16.14.794.5912,3,Blue,mid,Heru,,THUNDER TALK GAMING,,Syndra,0,1386,3,7,1,13,27,,,0.1778,11242,486.7,0.1981,255,11.04,11,0.48,9,0.39,,,,,,,,,,,,,,,,,,,,,,,,6226,159,7312,163,-1086,-4,1,1,4,2,1,2,8351,193,9407,226,-1056,-33,2,1,5,2,3,2,10055,240,11663,276,-1608,-36,2,1,6,2,7,2,,,,,,,,,,,,,1,1
lol-game-116566854547769571,partial,,LPL,2026,,0,2026-07-23 14:45:00,3,16.14.794.5912,4,Blue,bot,Ahn,,THUNDER TALK GAMING,,Varus,0,1386,2,6,3,13,27,,,0.2086,12435,538.3,0.2191,264,11.43,17,0.74,7,0.3,,,,,,,,,,,,,,,,,,,,,,,,6387,155,7601,159,-1214,-4,1,1,3,2,3,2,8495,200,9695,196,-1200,4,1,2,4,2,6,3,11756,255,13205,235,-1449,20,2,2,5,6,7,3,,,,,,,,,,,,,1,1
lol-game-116566854547769571,partial,,LPL,2026,,0,2026-07-23 14:45:00,3,16.14.794.5912,5,Blue,sup,Feather,,THUNDER TALK GAMING,,Leona,0,1386,1,6,7,13,27,,,0.07,7234,313.2,0.1274,27,1.17,65,2.81,8,0.35,,,,,,,,,,,,,,,,,,,,,,,,4248,23,5451,19,-1203,4,1,3,2,1,10,2,5564,24,6545,24,-981,0,1,5,3,1,10,4,6561,26,8374,30,-1813,-4,1,6,5,2,12,5,,,,,,,,,,,,,1,1
lol-game-116566854547769571,partial,,LPL,2026,,0,2026-07-23 14:45:00,3,16.14.794.5912,,Blue,team,,,THUNDER TALK GAMING,,,0,1386,13,27,19,13,27,0.563,1.732,,56763,,,1044,,120,,37,,,,,,,0,4,0,4,0,0,0,0,0,0,0,0,0,1,1,8,0,1,31234,623,34227,617,-2993,6,6,8,12,12,18,6,41970,796,45510,796,-3540,0,10,12,17,17,27,10,51981,972,57217,970,-5236,2,12,15,22,22,40,12,,,,,,,,,,,,,1,1
lol-game-116566854547769571,partial,,LPL,2026,,0,2026-07-23 14:45:00,3,16.14.794.5912,6,Red,top,Wenbo,,BILIBILI GAMING,,K'Sante,1,1386,1,2,13,27,13,,,0.0902,11217,485.6,0.1706,219,9.48,9,0.39,9,0.39,,,,,,,,,,,,,,,,,,,,,,,,5911,135,7208,163,-1297,-28,1,2,0,2,0,0,8017,172,9927,209,-1910,-37,1,6,1,4,0,2,9877,211,11512,243,-1635,-32,1,8,1,4,1,3,,,,,,,,,,,,,1,1
lol-game-116566854547769571,partial,,LPL,2026,,0,2026-07-23 14:45:00,3,16.14.794.5912,7,Red,jng,Xun,,BILIBILI GAMING,,Naafiri,1,1386,12,1,9,27,13,,,0.2324,15898,688.2,0.2417,234,10.13,11,0.48,10,0.43,,,,,,,,,,,,,,,,,,,,,,,,7952,141,7165,123,787,18,6,2,0,1,3,3,11846,178,9633,170,2213,8,11,2,0,2,4,3,14098,218,12097,208,2001,10,11,6,1,3,5,3,,,,,,,,,,,,,1,1
lol-game-116566854547769571,partial,,LPL,2026,,0,2026-07-23 14:45:00,3,16.14.794.5912,8,Red,mid,Knight,,BILIBILI GAMING,,Ahri,1,1386,5,2,7,27,13,,,0.1703,14078,609.4,0.2141,305,13.2,6,0.26,14,0.61,,,,,,,,,,,,,,,,,,,,,,,,7312,163,6226,159,1086,4,2,1,2,1,1,4,9407,226,8351,193,1056,33,2,3,2,2,1,5,11663,276,10055,240,1608,36,2,7,2,2,1,6,,,,,,,,,,,,,1,1
lol-game-116566854547769571,partial,,LPL,2026,,0,2026-07-23 14:45:00,3,16.14.794.5912,9,Red,bot,Viper,,BILIBILI GAMING,,Xerath,1,1386,7,3,10,27,13,,,0.3395,15045,651.3,0.2288,251,10.87,16,0.69,2,0.09,,,,,,,,,,,,,,,,,,,,,,,,7601,159,6387,155,1214,4,2,3,2,1,1,3,9695,196,8495,200,1200,-4,2,6,3,1,2,4,13205,235,11756,255,1449,-20,6,7,3,2,2,5,,,,,,,,,,,,,1,1
lol-game-116566854547769571,partial,,LPL,2026,,0,2026-07-23 14:45:00,3,16.14.794.5912,10,Red,sup,ON,,BILIBILI GAMING,,Camille,1,1386,2,5,16,27,13,,,0.1677,9525,412.3,0.1448,31,1.34,77,3.33,19,0.82,,,,,,,,,,,,,,,,,,,,,,,,5451,19,4248,23,1203,-4,1,10,2,1,3,2,6545,24,5564,24,981,0,1,10,4,1,5,3,8374,30,6561,26,1813,4,2,12,5,1,6,5,,,,,,,,,,,,,1,1
lol-game-116566854547769571,partial,,LPL,2026,,0,2026-07-23 14:45:00,3,16.14.794.5912,,Red,team,,,BILIBILI GAMING,,,1,1386,27,13,55,27,13,1.169,1.732,,65763,,,1040,,119,,54,,,,,,,4,0,4,0,0,0,1,0,1,2,0,0,1,0,8,1,1,0,34227,617,31234,623,2993,-6,12,18,6,6,8,12,45510,796,41970,796,3540,0,17,27,10,10,12,17,57217,970,51981,972,5236,-2,22,40,12,12,15,22,,,,,,,,,,,,,1,1
lol-game-116566854547769573,partial,,LPL,2026,,0,2026-07-22 11:55:00,1,16.14.794.5912,1,Blue,top,ZUIAN,,TOP ESPORTS,,K'Sante,1,1869,4,1,3,17,11,,,0.0925,12756,409.5,0.2002,262,8.41,12,0.39,3,0.1,,,,,,,,,,,,,,,,,,,,,,,,3554,102,3903,110,-349,-8,0,0,0,0,0,0,4952,143,5760,167,-808,-24,0,0,0,0,0,0,6963,189,7954,223,-991,-34,1,0,0,0,0,0,9206,233,10122,268,-916,-35,2,0,0,0,0,0,1,1
lol-game-116566854547769573,partial,,LPL,2026,,0,2026-07-22 11:55:00,1,16.14.794.5912,2,Blue,jng,Tian,,TOP ESPORTS,,Jarvan IV,1,1869,0,4,12,17,11,,,0.1213,12127,389.3,0.1904,238,7.64,10,0.32,21,0.67,,,,,,,,,,,,,,,,,,,,,,,,3771,88,3576,78,195,10,0,2,1,0,1,1,5751,141,5935,121,-184,20,0,3,1,0,3,1,7326,166,8189,173,-863,-7,0,5,1,0,3,2,9266,210,10675,225,-1409,-15,0,6,2,0,4,2,1,1
lol-game-116566854547769573,partial,,LPL,2026,,0,2026-07-22 11:55:00,1,16.14.794.5912,3,Blue,mid,Creme,,TOP ESPORTS,,Ahri,1,1869,2,3,9,17,11,,,0.2652,12506,401.5,0.1963,259,8.31,8,0.26,15,0.48,,,,,,,,,,,,,,,,,,,,,,,,4081,100,3460,89,621,11,1,1,1,0,3,0,5380,133,5210,125,170,8,1,2,2,1,3,0,7668,178,6595,162,1073,16,2,3,2,1,3,2,9574,230,7942,189,1632,41,2,4,2,1,4,2,1,1
lol-game-116566854547769573,partial,,LPL,2026,,0,2026-07-22 11:55:00,1,16.14.794.5912,4,Blue,bot,JackeyLove,,TOP ESPORTS,,Ezreal,1,1869,10,1,3,17,11,,,0.4345,17541,563.1,0.2753,328,10.53,9,0.29,12,0.39,,,,,,,,,,,,,,,,,,,,,,,,3811,91,4161,87,-350,4,1,1,1,2,1,1,6238,143,6460,136,-222,7,2,1,1,3,1,2,8845,209,8756,203,89,6,3,1,1,3,1,2,11208,275,11179,255,29,20,3,2,1,4,1,3,1,1
lol-game-116566854547769573,partial,,LPL,2026,,0,2026-07-22 11:55:00,1,16.14.794.5912,5,Blue,sup,Zhuo,,TOP ESPORTS,,Karma,1,1869,1,2,11,17,11,,,0.0865,8775,281.7,0.1377,30,0.96,54,1.73,11,0.35,,,,,,,,,,,,,,,,,,,,,,,,2412,10,2759,13,-347,-3,0,2,0,1,2,0,3491,19,4084,22,-593,-3,0,3,1,1,4,0,4845,24,5198,25,-353,-1,0,5,1,1,4,0,5890,25,6352,27,-462,-2,0,6,1,1,5,0,1,1
lol-game-116566854547769573,partial,,LPL,2026,,0,2026-07-22 11:55:00,1,16.14.794.5912,,Blue,team,,,TOP ESPORTS,,,1,1869,17,11,38,17,11,0.546,0.899,,63705,,,1117,,93,,62,,,,,,,3,1,3,1,0,2,0,1,0,0,0,0,1,0,10,3,2,0,17629,391,17859,377,-230,14,2,6,3,3,7,2,25812,579,27449,571,-1637,8,3,9,5,5,11,3,35647,766,36692,786,-1045,-20,6,14,5,5,11,6,45144,973,46270,964,-1126,9,7,18,6,6,14,7,1,1
lol-game-116566854547769573,partial,,LPL,2026,,0,2026-07-22 11:55:00,1,16.14.794.5912,6,Red,top,Cube,,Xi'an Team WE,,Gnar,0,1869,0,2,1,11,17,,,0.1644,11557,371.0,0.2007,291,9.34,16,0.51,1,0.03,,,,,,,,,,,,,,,,,,,,,,,,3903,110,3554,102,349,8,0,0,0,0,0,0,5760,167,4952,143,808,24,0,0,0,0,0,0,7954,223,6963,189,991,34,0,0,0,1,0,0,10122,268,9206,233,916,35,0,0,0,2,0,0,1,1
lol-game-116566854547769573,partial,,LPL,2026,,0,2026-07-22 11:55:00,1,16.14.794.5912,7,Red,jng,Monki,,Xi'an Team WE,,Jayce,0,1869,1,4,8,11,17,,,0.2612,13400,430.2,0.2327,260,8.35,10,0.32,18,0.58,,,,,,,,,,,,,,,,,,,,,,,,3576,78,3771,88,-195,-10,0,1,1,0,2,1,5935,121,5751,141,184,-20,0,3,1,0,3,1,8189,173,7326,166,863,7,0,3,2,0,5,1,10675,225,9266,210,1409,15,0,4,2,0,6,2,1,1
lol-game-116566854547769573,partial,,LPL,2026,,0,2026-07-22 11:55:00,1,16.14.794.5912,8,Red,mid,Karis,,Xi'an Team WE,,Aurora,0,1869,2,4,5,11,17,,,0.2114,9831,315.6,0.1707,204,6.55,16,0.51,3,0.1,,,,,,,,,,,,,,,,,,,,,,,,3460,89,4081,100,-621,-11,0,3,0,1,1,1,5210,125,5380,133,-170,-8,1,3,0,1,2,2,6595,162,7668,178,-1073,-16,1,3,2,2,3,2,7942,189,9574,230,-1632,-41,1,4,2,2,4,2,1,1
lol-game-116566854547769573,partial,,LPL,2026,,0,2026-07-22 11:55:00,1,16.14.794.5912,9,Red,bot,About,,Xi'an Team WE,,Lucian,0,1869,7,5,1,11,17,,,0.3119,14682,471.3,0.255,302,9.7,19,0.61,10,0.32,,,,,,,,,,,,,,,,,,,,,,,,4161,87,3811,91,350,-4,2,1,1,1,1,1,6460,136,6238,143,222,-7,3,1,2,2,1,1,8756,203,8845,209,-89,-6,3,1,2,3,1,1,11179,255,11208,275,-29,-20,4,1,3,3,2,1,1,1
lol-game-116566854547769573,partial,,LPL,2026,,0,2026-07-22 11:55:00,1,16.14.794.5912,10,Red,sup,Erha,,Xi'an Team WE,,Milio,0,1869,1,2,10,11,17,,,0.0511,8108,260.3,0.1408,31,1.0,62,1.99,12,0.39,,,,,,,,,,,,,,,,,,,,,,,,2759,13,2412,10,347,3,1,2,0,0,2,0,4084,22,3491,19,593,3,1,4,0,0,3,1,5198,25,4845,24,353,1,1,4,0,0,5,1,6352,27,5890,25,462,2,1,5,0,0,6,1,1,1
lol-game-116566854547769573,partial,,LPL,2026,,0,2026-07-22 11:55:00,1,16.14.794.5912,,Red,team,,,Xi'an Team WE,,,0,1869,11,17,25,11,17,0.353,0.899,,57578,,,1088,,123,,44,,,,,,,1,3,1,3,0,0,0,0,0,1,0,0,0,1,3,10,0,2,17859,377,17629,391,230,-14,3,7,2,2,6,3,27449,571,25812,579,1637,-8,5,11,3,3,9,5,36692,786,35647,766,1045,20,5,11,6,6,14,5,46270,964,45144,973,1126,-9,6,14,7,7,18,6,1,1
lol-game-116566854547769574,partial,,LPL,2026,,0,2026-07-22 12:55:00,2,16.14.794.5912,1,Blue,top,ZUIAN,,TOP ESPORTS,,Ambessa,1,1501,8,0,14,42,15,,,0.2214,14789,591.2,0.2195,291,11.63,13,0.52,3,0.12,,,,,,,,,,,,,,,,,,,,,,,,6147,148,4201,112,1946,36,2,3,0,0,1,1,9702,200,5540,141,4162,59,6,6,0,0,1,3,12180,241,7710,197,4470,44,7,9,0,0,1,4,14787,291,9294,221,5493,70,8,14,0,1,2,6,1,1
lol-game-116566854547769574,partial,,LPL,2026,,0,2026-07-22 12:55:00,2,16.14.794.5912,2,Blue,jng,Tian,,TOP ESPORTS,,Lee Sin,1,1501,7,4,22,42,15,,,0.1692,13640,545.2,0.2024,194,7.75,19,0.76,6,0.24,,,,,,,,,,,,,,,,,,,,,,,,6282,99,5332,110,950,-11,4,6,1,1,4,3,8701,131,7932,141,769,-10,5,11,2,4,6,6,11865,180,10612,186,1253,-6,7,16,3,5,6,8,13638,194,12481,231,1157,-37,7,22,4,5,8,10,1,1
lol-game-116566854547769574,partial,,LPL,2026,,0,2026-07-22 12:55:00,2,16.14.794.5912,3,Blue,mid,Creme,,TOP ESPORTS,,Sylas,1,1501,13,3,17,42,15,,,0.2355,13831,552.9,0.2052,194,7.75,13,0.52,7,0.28,,,,,,,,,,,,,,,,,,,,,,,,5283,106,5528,110,-245,-4,1,8,2,3,3,3,8321,138,8704,159,-383,-21,5,12,3,5,5,4,10546,175,10376,192,170,-17,7,13,3,5,5,6,13829,194,12225,215,1604,-21,13,17,3,6,5,8,1,1
lol-game-116566854547769574,partial,,LPL,2026,,0,2026-07-22 12:55:00,2,16.14.794.5912,4,Blue,bot,JackeyLove,,TOP ESPORTS,,Xerath,1,1501,11,3,14,42,15,,,0.2638,15646,625.4,0.2322,261,10.43,12,0.48,6,0.24,,,,,,,,,,,,,,,,,,,,,,,,6565,118,6069,110,496,8,4,4,2,3,3,2,9474,161,8000,149,1474,12,5,9,3,3,5,4,12238,216,9747,183,2491,33,6,12,3,3,5,5,15644,261,10832,198,4812,63,11,14,3,3,6,9,1,1
lol-game-116566854547769574,partial,,LPL,2026,,0,2026-07-22 12:55:00,2,16.14.794.5912,5,Blue,sup,Zhuo,,TOP ESPORTS,,Camille,1,1501,3,5,20,42,15,,,0.1101,9481,379.0,0.1407,39,1.56,55,2.2,23,0.92,,,,,,,,,,,,,,,,,,,,,,,,4200,20,3820,15,380,5,1,5,2,0,7,3,6409,26,5203,18,1206,8,2,12,4,0,12,6,7900,36,6505,20,1395,16,3,13,4,0,12,7,9478,39,7654,23,1824,16,3,20,5,0,14,9,1,1
lol-game-116566854547769574,partial,,LPL,2026,,0,2026-07-22 12:55:00,2,16.14.794.5912,,Blue,team,,,TOP ESPORTS,,,1,1501,42,15,87,42,15,1.679,2.278,,67387,,,979,,112,,45,,,,,,,3,1,3,1,0,0,0,0,1,2,0,0,0,0,9,2,1,0,28477,491,24950,457,3527,34,12,26,7,7,18,12,42607,656,35379,608,7228,48,23,50,12,12,29,23,54729,848,44950,778,9779,70,30,63,13,13,29,30,67376,979,52486,888,14890,91,42,87,15,15,35,42,1,1
lol-game-116566854547769574,partial,,LPL,2026,,0,2026-07-22 12:55:00,2,16.14.794.5912,6,Red,top,Cube,,Xi'an Team WE,,Rumble,0,1501,1,6,2,15,42,,,0.2139,9296,371.6,0.1771,221,8.83,13,0.52,2,0.08,,,,,,,,,,,,,,,,,,,,,,,,4201,112,6147,148,-1946,-36,0,1,1,2,3,0,5540,141,9702,200,-4162,-59,0,1,3,6,6,0,7710,197,12180,241,-4470,-44,0,1,4,7,9,0,9294,221,14787,291,-5493,-70,1,2,6,8,14,0,1,1
lol-game-116566854547769574,partial,,LPL,2026,,0,2026-07-22 12:55:00,2,16.14.794.5912,7,Red,jng,Monki,,Xi'an Team WE,,Graves,0,1501,5,10,8,15,42,,,0.2532,12483,499.0,0.2378,231,9.23,12,0.48,10,0.4,,,,,,,,,,,,,,,,,,,,,,,,5332,110,6282,99,-950,11,1,4,3,4,6,1,7932,141,8701,131,-769,10,4,6,6,5,11,2,10612,186,11865,180,-1253,6,5,6,8,7,16,3,12481,231,13638,194,-1157,37,5,8,10,7,22,4,1,1
lol-game-116566854547769574,partial,,LPL,2026,,0,2026-07-22 12:55:00,2,16.14.794.5912,8,Red,mid,Karis,,Xi'an Team WE,,Ryze,0,1501,6,8,5,15,42,,,0.2734,12227,488.8,0.2329,215,8.59,14,0.56,6,0.24,,,,,,,,,,,,,,,,,,,,,,,,5528,110,5283,106,245,4,3,3,3,1,8,2,8704,159,8321,138,383,21,5,5,4,5,12,3,10376,192,10546,175,-170,17,5,5,6,7,13,3,12225,215,13829,194,-1604,21,6,5,8,13,17,3,1,1
lol-game-116566854547769574,partial,,LPL,2026,,0,2026-07-22 12:55:00,2,16.14.794.5912,9,Red,bot,About,,Xi'an Team WE,,Syndra,0,1501,3,9,6,15,42,,,0.1754,10834,433.1,0.2064,198,7.91,16,0.64,2,0.08,,,,,,,,,,,,,,,,,,,,,,,,6069,110,6565,118,-496,-8,3,3,2,4,4,2,8000,149,9474,161,-1474,-12,3,5,4,5,9,3,9747,183,12238,216,-2491,-33,3,5,5,6,12,3,10832,198,15644,261,-4812,-63,3,6,9,11,14,3,1,1
lol-game-116566854547769574,partial,,LPL,2026,,0,2026-07-22 12:55:00,2,16.14.794.5912,10,Red,sup,Erha,,Xi'an Team WE,,Leona,0,1501,0,9,14,15,42,,,0.0842,7657,306.1,0.1459,23,0.92,61,2.44,12,0.48,,,,,,,,,,,,,,,,,,,,,,,,3820,15,4200,20,-380,-5,0,7,3,1,5,2,5203,18,6409,26,-1206,-8,0,12,6,2,12,4,6505,20,7900,36,-1395,-16,0,12,7,3,13,4,7654,23,9478,39,-1824,-16,0,14,9,3,20,5,1,1
lol-game-116566854547769574,partial,,LPL,2026,,0,2026-07-22 12:55:00,2,16.14.794.5912,,Red,team,,,Xi'an Team WE,,,0,1501,15,42,35,15,42,0.6,2.278,,52497,,,888,,116,,32,,,,,,,1,3,1,3,0,0,1,0,0,0,0,0,0,0,2,9,0,1,24950,457,28477,491,-3527,-34,7,18,12,12,26,7,35379,608,42607,656,-7228,-48,12,29,23,23,50,12,44950,778,54729,848,-9779,-70,13,29,30,30,63,13,52486,888,67376,979,-14890,-91,15,35,42,42,87,15,1,1
lol-game-116566854547769577,partial,,LPL,2026,,0,2026-07-29 09:15:00,1,16.14.794.5912,1,Blue,top,Breathe,,Anyone's Legend,,Yorick,1,2145,3,0,7,13,4,,,0.2202,14643,409.6,0.2085,337,9.43,17,0.48,9,0.25,,,,,,,,,,,,,,,,,,,,,,,,4457,124,4516,126,-59,-2,0,0,0,0,0,0,6257,179,7799,191,-1542,-12,0,0,0,0,0,0,8332,232,9647,231,-1315,1,0,0,0,1,1,1,9621,252,10313,242,-692,10,1,2,0,1,2,2,1,1
lol-game-116566854547769577,partial,,LPL,2026,,0,2026-07-29 09:15:00,1,16.14.794.5912,2,Blue,jng,Tarzan,,Anyone's Legend,,Jarvan IV,1,2145,1,0,12,13,4,,,0.2167,15044,420.8,0.2142,315,8.81,13,0.36,23,0.64,,,,,,,,,,,,,,,,,,,,,,,,4403,108,4086,92,317,16,0,0,0,0,0,0,6277,154,6063,143,214,11,0,0,0,0,0,0,8908,197,7570,176,1338,21,1,1,0,0,1,1,10178,228,8220,185,1958,43,1,4,0,0,2,2,1,1
lol-game-116566854547769577,partial,,LPL,2026,,0,2026-07-29 09:15:00,1,16.14.794.5912,3,Blue,mid,Shanks,,Anyone's Legend,,Galio,1,2145,1,1,9,13,4,,,0.1267,13425,375.5,0.1912,322,9.01,18,0.5,11,0.31,,,,,,,,,,,,,,,,,,,,,,,,4065,116,4530,135,-465,-19,0,0,0,0,0,0,5957,169,6351,193,-394,-24,0,0,0,0,0,0,7776,212,8014,241,-238,-29,0,2,1,0,0,0,8863,235,8856,262,7,-27,0,5,1,0,1,0,1,1
lol-game-116566854547769577,partial,,LPL,2026,,0,2026-07-29 09:15:00,1,16.14.794.5912,4,Blue,bot,Hope,,Anyone's Legend,,Viktor,1,2145,7,0,4,13,4,,,0.3753,18140,507.4,0.2583,377,10.55,22,0.62,12,0.34,,,,,,,,,,,,,,,,,,,,,,,,4643,119,4232,121,411,-2,0,0,0,0,0,0,6772,183,6467,180,305,3,0,0,0,0,0,0,9262,233,8785,237,477,-4,1,1,0,1,1,0,11111,254,9798,255,1313,-1,3,2,0,2,1,0,1,1
lol-game-116566854547769577,partial,,LPL,2026,,0,2026-07-29 09:15:00,1,16.14.794.5912,5,Blue,sup,Kael,,Anyone's Legend,,Shen,1,2145,1,3,10,13,4,,,0.0611,8972,251.0,0.1278,45,1.26,90,2.52,26,0.73,,,,,,,,,,,,,,,,,,,,,,,,2654,22,2766,25,-112,-3,0,0,0,0,0,0,3623,26,3763,32,-140,-6,0,0,0,0,0,0,4825,31,4944,39,-119,-8,0,1,1,0,1,0,5508,31,5524,40,-16,-9,0,4,2,0,2,1,1,1
lol-game-116566854547769577,partial,,LPL,2026,,0,2026-07-29 09:15:00,1,16.14.794.5912,,Blue,team,,,Anyone's Legend,,,1,2145,13,4,42,13,4,0.364,0.476,,70224,,,1396,,160,,81,,,,,,,3,2,3,2,0,0,0,0,2,1,0,0,0,1,9,1,1,0,20222,489,20130,499,92,-10,0,0,0,0,0,0,28886,711,30443,739,-1557,-28,0,0,0,0,0,0,39103,905,38960,924,143,-19,2,5,2,2,4,2,45281,1000,42711,984,2570,16,5,17,3,3,8,5,1,1
lol-game-116566854547769577,partial,,LPL,2026,,0,2026-07-29 09:15:00,1,16.14.794.5912,6,Red,top,ZUIAN,,TOP ESPORTS,,Jayce,0,2145,1,3,2,4,13,,,0.3339,14527,406.3,0.2381,343,9.59,15,0.42,6,0.17,,,,,,,,,,,,,,,,,,,,,,,,4516,126,4457,124,59,2,0,0,0,0,0,0,7799,191,6257,179,1542,12,0,0,0,0,0,0,9647,231,8332,232,1315,-1,1,1,1,0,0,0,10313,242,9621,252,692,-10,1,2,2,1,2,0,1,1
lol-game-116566854547769577,partial,,LPL,2026,,0,2026-07-29 09:15:00,1,16.14.794.5912,7,Red,jng,Tian,,TOP ESPORTS,,Lee Sin,0,2145,0,5,2,4,13,,,0.1134,11282,315.6,0.185,240,6.71,19,0.53,14,0.39,,,,,,,,,,,,,,,,,,,,,,,,4086,92,4403,108,-317,-16,0,0,0,0,0,0,6063,143,6277,154,-214,-11,0,0,0,0,0,0,7570,176,8908,197,-1338,-21,0,1,1,1,1,0,8220,185,10178,228,-1958,-43,0,2,2,1,4,0,1,1
lol-game-116566854547769577,partial,,LPL,2026,,0,2026-07-29 09:15:00,1,16.14.794.5912,8,Red,mid,Creme,,TOP ESPORTS,,Ryze,0,2145,0,1,2,4,13,,,0.3618,12888,360.5,0.2113,357,9.99,20,0.56,12,0.34,,,,,,,,,,,,,,,,,,,,,,,,4530,135,4065,116,465,19,0,0,0,0,0,0,6351,193,5957,169,394,24,0,0,0,0,0,0,8014,241,7776,212,238,29,0,0,0,0,2,1,8856,262,8863,235,-7,27,0,1,0,0,5,1,1,1
lol-game-116566854547769577,partial,,LPL,2026,,0,2026-07-29 09:15:00,1,16.14.794.5912,9,Red,bot,JackeyLove,,TOP ESPORTS,,Cassiopeia,0,2145,3,1,1,4,13,,,0.1623,14293,399.8,0.2343,353,9.87,15,0.42,11,0.31,,,,,,,,,,,,,,,,,,,,,,,,4232,121,4643,119,-411,2,0,0,0,0,0,0,6467,180,6772,183,-305,-3,0,0,0,0,0,0,8785,237,9262,233,-477,4,1,1,0,1,1,0,9798,255,11111,254,-1313,1,2,1,0,3,2,0,1,1
lol-game-116566854547769577,partial,,LPL,2026,,0,2026-07-29 09:15:00,1,16.14.794.5912,10,Red,sup,Zhuo,,TOP ESPORTS,,Alistar,0,2145,0,3,3,4,13,,,0.0285,8010,224.1,0.1313,47,1.31,94,2.63,23,0.64,,,,,,,,,,,,,,,,,,,,,,,,2766,25,2654,22,112,3,0,0,0,0,0,0,3763,32,3623,26,140,6,0,0,0,0,0,0,4944,39,4825,31,119,8,0,1,0,0,1,1,5524,40,5508,31,16,9,0,2,1,0,4,2,1,1
lol-game-116566854547769577,partial,,LPL,2026,,0,2026-07-29 09:15:00,1,16.14.794.5912,,Red,team,,,TOP ESPORTS,,,0,2145,4,13,10,4,13,0.112,0.476,,61000,,,1340,,163,,66,,,,,,,2,3,2,3,1,0,0,0,1,0,0,0,1,0,1,9,0,1,20130,499,20222,489,-92,10,0,0,0,0,0,0,30443,739,28886,711,1557,28,0,0,0,0,0,0,38960,924,39103,905,-143,19,2,4,2,2,5,2,42711,984,45281,1000,-2570,-16,3,8,5,5,17,3,1,1
lol-game-116566854547769578,partial,,LPL,2026,,0,2026-07-29 10:15:01,2,16.14.794.5912,1,Blue,top,Breathe,,Anyone's Legend,,Gnar,1,1884,7,2,6,29,13,,,0.24,14428,459.5,0.2045,278,8.85,15,0.48,6,0.19,,,,,,,,,,,,,,,,,,,,,,,,3288,89,3702,88,-414,1,0,0,1,1,0,0,5541,142,5021,126,520,16,1,1,1,1,0,2,8319,210,6666,165,1653,45,2,4,1,1,0,4,10894,235,10523,215,371,20,4,5,2,4,3,5,1,1
lol-game-116566854547769578,partial,,LPL,2026,,0,2026-07-29 10:15:01,2,16.14.794.5912,2,Blue,jng,Tarzan,,Anyone's Legend,,Naafiri,1,1884,11,1,13,29,13,,,0.2233,17105,544.7,0.2425,297,9.46,10,0.32,8,0.25,,,,,,,,,,,,,,,,,,,,,,,,4251,87,3347,76,904,11,2,0,0,0,0,0,6856,128,4969,113,1887,15,3,5,0,0,0,1,10248,169,6343,140,3905,29,8,7,0,0,0,4,13423,226,8162,172,5261,54,10,10,1,0,3,6,1,1
lol-game-116566854547769578,partial,,LPL,2026,,0,2026-07-29 10:15:01,2,16.14.794.5912,3,Blue,mid,Shanks,,Anyone's Legend,,Sylas,1,1884,4,4,10,29,13,,,0.2078,13547,431.4,0.192,275,8.76,11,0.35,11,0.35,,,,,,,,,,,,,,,,,,,,,,,,3231,86,3536,103,-305,-17,0,0,0,0,0,0,5588,130,5099,150,489,-20,2,2,1,0,0,1,8238,178,6663,198,1575,-20,3,5,1,0,0,3,10670,214,8653,221,2017,-7,4,7,3,1,5,5,1,1
lol-game-116566854547769578,partial,,LPL,2026,,0,2026-07-29 10:15:01,2,16.14.794.5912,4,Blue,bot,Hope,,Anyone's Legend,,Ziggs,1,1884,6,4,13,29,13,,,0.2819,16410,522.6,0.2326,291,9.27,17,0.54,3,0.1,,,,,,,,,,,,,,,,,,,,,,,,3843,85,3833,93,10,-8,0,3,1,1,0,2,7202,140,6631,157,571,-17,2,4,1,2,0,3,10012,182,9214,210,798,-28,4,7,2,3,0,4,12351,208,14348,245,-1997,-37,5,10,4,7,2,5,1,1
lol-game-116566854547769578,partial,,LPL,2026,,0,2026-07-29 10:15:01,2,16.14.794.5912,5,Blue,sup,Kael,,Anyone's Legend,,Rell,1,1884,1,2,20,29,13,,,0.047,9055,288.4,0.1284,31,0.99,78,2.48,9,0.29,,,,,,,,,,,,,,,,,,,,,,,,2733,15,2352,12,381,3,1,2,0,0,1,2,4167,22,3611,21,556,1,1,7,0,0,2,3,5656,25,4888,27,768,-2,1,14,0,0,3,4,7123,26,7037,37,86,-11,1,15,2,0,11,4,1,1
lol-game-116566854547769578,partial,,LPL,2026,,0,2026-07-29 10:15:01,2,16.14.794.5912,,Blue,team,,,Anyone's Legend,,,1,1884,29,13,62,29,13,0.924,1.338,,70545,,,1172,,131,,37,,,,,,,2,3,2,3,2,0,0,0,0,0,0,0,2,0,10,2,2,0,17346,362,16770,372,576,-10,3,5,2,2,1,4,29354,562,25331,567,4023,-5,9,19,3,3,2,10,42473,764,33774,740,8699,24,18,37,4,4,3,19,54461,909,48723,890,5738,19,24,47,12,12,24,25,1,1
lol-game-116566854547769578,partial,,LPL,2026,,0,2026-07-29 10:15:01,2,16.14.794.5912,6,Red,top,ZUIAN,,TOP ESPORTS,,Olaf,0,1884,4,6,3,13,29,,,0.2063,13092,416.9,0.2152,275,8.76,12,0.38,3,0.1,,,,,,,,,,,,,,,,,,,,,,,,3702,88,3288,89,414,-1,1,0,0,0,0,1,5021,126,5541,142,-520,-16,1,0,2,1,1,1,6666,165,8319,210,-1653,-45,1,0,4,2,4,1,10523,215,10894,235,-371,-20,4,3,5,4,5,2,1,1
lol-game-116566854547769578,partial,,LPL,2026,,0,2026-07-29 10:15:01,2,16.14.794.5912,7,Red,jng,Tian,,TOP ESPORTS,,Nocturne,0,1884,0,7,4,13,29,,,0.1077,10070,320.7,0.1656,206,6.56,14,0.45,21,0.67,,,,,,,,,,,,,,,,,,,,,,,,3347,76,4251,87,-904,-11,0,0,0,2,0,0,4969,113,6856,128,-1887,-15,0,0,1,3,5,0,6343,140,10248,169,-3905,-29,0,0,4,8,7,0,8162,172,13423,226,-5261,-54,0,3,6,10,10,1,1,1
lol-game-116566854547769578,partial,,LPL,2026,,0,2026-07-29 10:15:01,2,16.14.794.5912,8,Red,mid,Creme,,TOP ESPORTS,,Syndra,0,1884,2,6,5,13,29,,,0.2491,11879,378.3,0.1953,304,9.68,15,0.48,7,0.22,,,,,,,,,,,,,,,,,,,,,,,,3536,103,3231,86,305,17,0,0,0,0,0,0,5099,150,5588,130,-489,20,0,0,1,2,2,1,6663,198,8238,178,-1575,20,0,0,3,3,5,1,8653,221,10670,214,-2017,7,1,5,5,4,7,3,1,1
lol-game-116566854547769578,partial,,LPL,2026,,0,2026-07-29 10:15:01,2,16.14.794.5912,9,Red,bot,JackeyLove,,TOP ESPORTS,,Lucian,0,1884,7,6,3,13,29,,,0.3916,17276,550.2,0.284,316,10.06,12,0.38,21,0.67,,,,,,,,,,,,,,,,,,,,,,,,3833,93,3843,85,-10,8,1,0,2,0,3,1,6631,157,7202,140,-571,17,2,0,3,2,4,1,9214,210,10012,182,-798,28,3,0,4,4,7,2,14348,245,12351,208,1997,37,7,2,5,5,10,4,1,1
lol-game-116566854547769578,partial,,LPL,2026,,0,2026-07-29 10:15:01,2,16.14.794.5912,10,Red,sup,Zhuo,,TOP ESPORTS,,Milio,0,1884,0,5,12,13,29,,,0.0453,8508,271.0,0.1399,39,1.24,58,1.85,16,0.51,,,,,,,,,,,,,,,,,,,,,,,,2352,12,2733,15,-381,-3,0,1,2,1,2,0,3611,21,4167,22,-556,-1,0,2,3,1,7,0,4888,27,5656,25,-768,2,0,3,4,1,14,0,7037,37,7123,26,-86,11,0,11,4,1,15,2,1,1
lol-game-116566854547769578,partial,,LPL,2026,,0,2026-07-29 10:15:01,2,16.14.794.5912,,Red,team,,,TOP ESPORTS,,,0,1884,13,29,27,13,29,0.414,1.338,,60825,,,1140,,111,,68,,,,,,,3,2,3,2,1,1,0,1,0,0,0,0,0,2,2,10,0,2,16770,372,17346,362,-576,10,2,1,4,3,5,2,25331,567,29354,562,-4023,5,3,2,10,9,19,3,33774,740,42473,764,-8699,-24,4,3,19,18,37,4,48723,890,54461,909,-5738,-19,12,24,25,24,47,12,1,1
lol-game-116566854547769581,partial,,LPL,2026,,0,2026-08-02 12:15:00,1,16.14.794.5912,1,Blue,top,Xiaoxu,,Beijing JDG Esports,,Yorick,0,1899,1,6,2,8,27,,,0.2112,11918,376.6,0.2027,276,8.72,18,0.57,3,0.09,,,,,,,,,,,,,,,,,,,,,,,,3845,105,3790,101,55,4,0,0,0,0,0,0,5750,159,6099,159,-349,0,0,0,1,1,0,0,7600,198,9136,196,-1536,2,0,1,3,5,0,0,9165,230,10902,232,-1737,-2,0,1,4,7,1,1,1,1
lol-game-116566854547769581,partial,,LPL,2026,,0,2026-08-02 12:15:00,1,16.14.794.5912,2,Blue,jng,JunJia,,Beijing JDG Esports,,Jarvan IV,0,1899,1,9,2,8,27,,,0.1213,9724,307.2,0.1654,171,5.4,14,0.44,7,0.22,,,,,,,,,,,,,,,,,,,,,,,,3744,86,3560,76,184,10,0,0,0,0,0,0,5395,124,5853,122,-458,2,0,0,2,1,2,0,7207,145,8499,172,-1292,-27,1,1,4,2,7,1,8499,160,10422,208,-1923,-48,1,1,5,2,9,1,1,1
lol-game-116566854547769581,partial,,LPL,2026,,0,2026-08-02 12:15:00,1,16.14.794.5912,3,Blue,mid,HongQ,,Beijing JDG Esports,,Viktor,0,1899,1,4,3,8,27,,,0.3186,13030,411.7,0.2216,331,10.46,22,0.7,12,0.38,,,,,,,,,,,,,,,,,,,,,,,,4057,118,3763,105,294,13,0,0,0,0,0,0,5797,172,6065,162,-268,10,0,0,1,1,2,0,8333,209,8960,219,-627,-10,1,1,3,2,7,0,10345,266,11463,257,-1118,9,1,1,3,4,7,0,1,1
lol-game-116566854547769581,partial,,LPL,2026,,0,2026-08-02 12:15:00,1,16.14.794.5912,4,Blue,bot,GALA,,Beijing JDG Esports,,Ezreal,0,1899,5,2,2,8,27,,,0.2924,15943,503.7,0.2711,297,9.38,13,0.41,7,0.22,,,,,,,,,,,,,,,,,,,,,,,,3948,85,4452,114,-504,-29,2,0,1,1,0,1,6048,133,7591,169,-1543,-36,2,0,1,3,1,1,8374,190,10729,221,-2355,-31,2,1,1,4,5,1,12157,262,12840,274,-683,-12,3,1,1,4,8,1,1,1
lol-game-116566854547769581,partial,,LPL,2026,,0,2026-08-02 12:15:00,1,16.14.794.5912,5,Blue,sup,Vampire,,Beijing JDG Esports,,Shen,0,1899,0,6,5,8,27,,,0.0564,8190,258.8,0.1393,38,1.2,93,2.94,18,0.57,,,,,,,,,,,,,,,,,,,,,,,,2752,16,2737,23,15,-7,0,2,0,0,1,1,3992,27,4137,30,-145,-3,0,2,1,0,5,1,5264,31,5644,34,-380,-3,0,3,2,0,11,2,6671,35,6834,36,-163,-1,0,4,4,0,14,2,1,1
lol-game-116566854547769581,partial,,LPL,2026,,0,2026-08-02 12:15:00,1,16.14.794.5912,,Blue,team,,,Beijing JDG Esports,,,0,1899,8,27,14,8,27,0.253,1.106,,58805,,,1113,,160,,47,,,,,,,0,4,0,4,0,0,0,0,0,0,0,0,0,1,2,9,0,1,18346,410,18302,419,44,-9,2,2,1,1,1,2,26982,615,29745,642,-2763,-27,2,2,6,6,10,2,36778,773,42968,842,-6190,-69,4,7,13,13,30,4,46837,953,52461,1007,-5624,-54,5,8,17,17,39,5,1,1
lol-game-116566854547769581,partial,,LPL,2026,,0,2026-08-02 12:15:00,1,16.14.794.5912,6,Red,top,ZUIAN,,TOP ESPORTS,,Rumble,1,1899,8,2,5,27,8,,,0.2649,14419,455.6,0.2079,307,9.7,21,0.66,3,0.09,,,,,,,,,,,,,,,,,,,,,,,,3790,101,3845,105,-55,-4,0,0,0,0,0,0,6099,159,5750,159,349,0,1,0,0,0,0,1,9136,196,7600,198,1536,-2,5,0,0,0,1,3,10902,232,9165,230,1737,2,7,1,1,0,1,4,1,1
lol-game-116566854547769581,partial,,LPL,2026,,0,2026-08-02 12:15:00,1,16.14.794.5912,7,Red,jng,Tian,,TOP ESPORTS,,Vi,1,1899,4,1,16,27,8,,,0.1688,14334,452.9,0.2067,263,8.31,11,0.35,8,0.25,,,,,,,,,,,,,,,,,,,,,,,,3560,76,3744,86,-184,-10,0,0,0,0,0,0,5853,122,5395,124,458,-2,1,2,0,0,0,2,8499,172,7207,145,1292,27,2,7,1,1,1,4,10422,208,8499,160,1923,48,2,9,1,1,1,5,1,1
lol-game-116566854547769581,partial,,LPL,2026,,0,2026-08-02 12:15:00,1,16.14.794.5912,8,Red,mid,Creme,,TOP ESPORTS,,Cassiopeia,1,1899,8,0,12,27,8,,,0.215,15711,496.4,0.2265,301,9.51,14,0.44,11,0.35,,,,,,,,,,,,,,,,,,,,,,,,3763,105,4057,118,-294,-13,0,0,0,0,0,0,6065,162,5797,172,268,-10,1,2,0,0,0,1,8960,219,8333,209,627,10,2,7,0,1,1,3,11463,257,10345,266,1118,-9,4,7,0,1,1,3,1,1
lol-game-116566854547769581,partial,,LPL,2026,,0,2026-08-02 12:15:00,1,16.14.794.5912,9,Red,bot,JackeyLove,,TOP ESPORTS,,Varus,1,1899,7,2,10,27,8,,,0.3059,15923,503.1,0.2296,306,9.67,12,0.38,11,0.35,,,,,,,,,,,,,,,,,,,,,,,,4452,114,3948,85,504,29,1,0,1,2,0,1,7591,169,6048,133,1543,36,3,1,1,2,0,1,10729,221,8374,190,2355,31,4,5,1,2,1,1,12840,274,12157,262,683,12,4,8,1,3,1,1,1,1
lol-game-116566854547769581,partial,,LPL,2026,,0,2026-08-02 12:15:00,1,16.14.794.5912,10,Red,sup,Zhuo,,TOP ESPORTS,,Nautilus,1,1899,0,3,19,27,8,,,0.0454,8975,283.6,0.1294,39,1.23,77,2.43,17,0.54,,,,,,,,,,,,,,,,,,,,,,,,2737,23,2752,16,-15,7,0,1,1,0,2,0,4137,30,3992,27,145,3,0,5,1,0,2,1,5644,34,5264,31,380,3,0,11,2,0,3,2,6834,36,6671,35,163,1,0,14,2,0,4,4,1,1
lol-game-116566854547769581,partial,,LPL,2026,,0,2026-08-02 12:15:00,1,16.14.794.5912,,Red,team,,,TOP ESPORTS,,,1,1899,27,8,62,27,8,0.853,1.106,,69362,,,1216,,135,,50,,,,,,,4,0,4,0,0,0,0,2,1,1,0,0,1,0,9,2,1,0,18302,419,18346,410,-44,9,1,1,2,2,2,1,29745,642,26982,615,2763,27,6,10,2,2,2,6,42968,842,36778,773,6190,69,13,30,4,4,7,13,52461,1007,46837,953,5624,54,17,39,5,5,8,17,1,1
lol-game-116566854547769582,partial,,LPL,2026,,0,2026-08-02 13:15:00,2,16.14.794.5912,1,Blue,top,ZUIAN,,TOP ESPORTS,,Olaf,1,1714,5,3,2,13,15,,,0.2215,13547,474.2,0.2154,266,9.31,8,0.28,10,0.35,,,,,,,,,,,,,,,,,,,,,,,,6045,130,4237,107,1808,23,2,1,0,0,0,2,8332,187,6228,172,2104,15,2,1,0,0,0,2,10226,247,8059,231,2167,16,2,1,0,0,0,3,11443,254,10473,263,970,-9,3,1,2,1,6,3,1,1
lol-game-116566854547769582,partial,,LPL,2026,,0,2026-08-02 13:15:00,2,16.14.794.5912,2,Blue,jng,Tian,,TOP ESPORTS,,Lee Sin,1,1714,3,0,4,13,15,,,0.1998,14931,522.7,0.2374,294,10.29,21,0.74,11,0.39,,,,,,,,,,,,,,,,,,,,,,,,5785,125,5441,116,344,9,0,2,0,1,1,1,8123,180,7046,151,1077,29,0,2,0,1,1,1,10173,226,8648,183,1525,43,0,3,0,1,1,1,13040,271,11586,201,1454,70,3,3,0,3,6,2,1,1
lol-game-116566854547769582,partial,,LPL,2026,,0,2026-08-02 13:15:00,2,16.14.794.5912,3,Blue,mid,Creme,,TOP ESPORTS,,Syndra,1,1714,2,2,3,13,15,,,0.2149,12793,447.8,0.2034,292,10.22,15,0.53,13,0.46,,,,,,,,,,,,,,,,,,,,,,,,5533,143,5532,130,1,13,1,0,0,2,1,0,7468,196,7392,177,76,19,1,0,0,2,1,0,9234,238,9515,235,-281,3,1,1,0,2,1,0,10652,263,12668,259,-2016,4,1,2,2,6,5,1,1,1
lol-game-116566854547769582,partial,,LPL,2026,,0,2026-08-02 13:15:00,2,16.14.794.5912,4,Blue,bot,JackeyLove,,TOP ESPORTS,,Ziggs,1,1714,3,5,5,13,15,,,0.3216,13406,469.3,0.2132,242,8.47,10,0.35,5,0.18,,,,,,,,,,,,,,,,,,,,,,,,5741,120,5745,144,-4,-24,1,1,1,0,3,0,7994,170,7887,209,107,-39,1,1,1,0,3,0,10350,218,9721,261,629,-43,2,1,1,0,3,0,12139,236,12202,294,-63,-58,3,3,3,1,9,1,1,1
lol-game-116566854547769582,partial,,LPL,2026,,0,2026-08-02 13:15:00,2,16.14.794.5912,5,Blue,sup,Zhuo,,TOP ESPORTS,,Alistar,1,1714,0,5,6,13,15,,,0.0422,8209,287.4,0.1305,24,0.84,69,2.42,9,0.32,,,,,,,,,,,,,,,,,,,,,,,,3620,15,3610,21,10,-6,0,3,2,0,3,1,4702,18,4790,29,-88,-11,0,3,2,0,3,1,5840,19,5877,33,-37,-14,0,3,2,0,3,1,6947,22,7222,36,-275,-14,0,4,4,0,8,3,1,1
lol-game-116566854547769582,partial,,LPL,2026,,0,2026-08-02 13:15:00,2,16.14.794.5912,,Blue,team,,,TOP ESPORTS,,,1,1714,13,15,20,13,15,0.455,0.98,,62886,,,1118,,123,,48,,,,,,,4,1,4,1,0,0,0,3,0,1,0,0,1,0,10,3,1,0,26724,533,24565,518,2159,15,4,7,3,3,8,4,36619,751,33343,738,3276,13,4,7,3,3,8,4,45823,948,41820,943,4003,5,5,9,3,3,8,5,54221,1046,54151,1053,70,-7,10,13,11,11,34,10,1,1
lol-game-116566854547769582,partial,,LPL,2026,,0,2026-08-02 13:15:00,2,16.14.794.5912,6,Red,top,Xiaoxu,,Beijing JDG Esports,,Gnar,0,1714,1,3,9,15,13,,,0.2221,11925,417.4,0.1942,293,10.26,16,0.56,5,0.18,,,,,,,,,,,,,,,,,,,,,,,,4237,107,6045,130,-1808,-23,0,0,2,2,1,0,6228,172,8332,187,-2104,-15,0,0,2,2,1,0,8059,231,10226,247,-2167,-16,0,0,3,2,1,0,10473,263,11443,254,-970,9,1,6,3,3,1,2,1,1
lol-game-116566854547769582,partial,,LPL,2026,,0,2026-08-02 13:15:00,2,16.14.794.5912,7,Red,jng,JunJia,,Beijing JDG Esports,,Nocturne,0,1714,3,3,10,15,13,,,0.1759,12920,452.3,0.2104,227,7.95,14,0.49,14,0.49,,,,,,,,,,,,,,,,,,,,,,,,5441,116,5785,125,-344,-9,1,1,1,0,2,0,7046,151,8123,180,-1077,-29,1,1,1,0,2,0,8648,183,10173,226,-1525,-43,1,1,1,0,3,0,11586,201,13040,271,-1454,-70,3,6,2,3,3,0,1,1
lol-game-116566854547769582,partial,,LPL,2026,,0,2026-08-02 13:15:00,2,16.14.794.5912,8,Red,mid,HongQ,,Beijing JDG Esports,,Ryze,0,1714,7,2,7,15,13,,,0.2301,14383,503.5,0.2342,286,10.01,27,0.95,9,0.32,,,,,,,,,,,,,,,,,,,,,,,,5532,130,5533,143,-1,-13,2,1,0,1,0,0,7392,177,7468,196,-76,-19,2,1,0,1,0,0,9515,235,9234,238,281,-3,2,1,0,1,1,0,12668,259,10652,263,2016,-4,6,5,1,1,2,2,1,1
lol-game-116566854547769582,partial,,LPL,2026,,0,2026-08-02 13:15:00,2,16.14.794.5912,9,Red,bot,GALA,,Beijing JDG Esports,,Ashe,0,1714,3,2,11,15,13,,,0.2346,13813,483.5,0.2249,308,10.78,14,0.49,10,0.35,,,,,,,,,,,,,,,,,,,,,,,,5745,144,5741,120,4,24,0,3,0,1,1,1,7887,209,7994,170,-107,39,0,3,0,1,1,1,9721,261,10350,218,-629,43,0,3,0,2,1,1,12202,294,12139,236,63,58,1,9,1,3,3,3,1,1
lol-game-116566854547769582,partial,,LPL,2026,,0,2026-08-02 13:15:00,2,16.14.794.5912,10,Red,sup,Vampire,,Beijing JDG Esports,,Seraphine,0,1714,1,3,11,15,13,,,0.1373,8372,293.1,0.1363,37,1.3,72,2.52,18,0.63,,,,,,,,,,,,,,,,,,,,,,,,3610,21,3620,15,-10,6,0,3,1,0,3,2,4790,29,4702,18,88,11,0,3,1,0,3,2,5877,33,5840,19,37,14,0,3,1,0,3,2,7222,36,6947,22,275,14,0,8,3,0,4,4,1,1
lol-game-116566854547769582,partial,,LPL,2026,,0,2026-08-02 13:15:00,2,16.14.794.5912,,Red,team,,,Beijing JDG Esports,,,0,1714,15,13,48,15,13,0.525,0.98,,61413,,,1151,,143,,56,,,,,,,1,4,1,4,1,0,0,0,0,0,0,0,0,1,3,10,0,1,24565,518,26724,533,-2159,-15,3,8,4,4,7,3,33343,738,36619,751,-3276,-13,3,8,4,4,7,3,41820,943,45823,948,-4003,-5,3,8,5,5,9,3,54151,1053,54221,1046,-70,7,11,34,10,10,13,11,1,1
lol-game-116566854547769585,partial,,LPL,2026,,0,2026-08-01 09:15:00,1,16.14.794.5912,1,Blue,top,ZUIAN,,TOP ESPORTS,,Rumble,0,1377,1,3,2,4,12,,,0.2674,8731,380.4,0.1956,209,9.11,13,0.57,3,0.13,,,,,,,,,,,,,,,,,,,,,,,,4209,112,4911,125,-702,-13,0,0,2,1,0,0,5757,152,6836,161,-1079,-9,0,2,2,1,1,0,8160,201,8577,210,-417,-9,1,2,2,1,1,1,,,,,,,,,,,,,1,1
lol-game-116566854547769585,partial,,LPL,2026,,0,2026-08-01 09:15:00,1,16.14.794.5912,2,Blue,jng,Tian,,TOP ESPORTS,,Jarvan IV,0,1377,0,3,2,4,12,,,0.1366,9218,401.7,0.2065,205,8.93,8,0.35,12,0.52,,,,,,,,,,,,,,,,,,,,,,,,4598,110,5854,97,-1256,13,0,0,1,3,1,0,6540,149,8621,151,-2081,-2,0,2,2,4,2,0,8468,192,10354,187,-1886,5,0,2,2,4,2,0,,,,,,,,,,,,,1,1
lol-game-116566854547769585,partial,,LPL,2026,,0,2026-08-01 09:15:00,1,16.14.794.5912,3,Blue,mid,Creme,,TOP ESPORTS,,Orianna,0,1377,3,1,1,4,12,,,0.3633,11060,481.9,0.2477,268,11.68,11,0.48,10,0.44,,,,,,,,,,,,,,,,,,,,,,,,4910,134,4662,125,248,9,0,0,0,0,1,0,7702,201,7140,179,562,22,2,0,0,1,1,0,10204,245,8548,220,1656,25,3,1,0,1,1,1,,,,,,,,,,,,,1,1
lol-game-116566854547769585,partial,,LPL,2026,,0,2026-08-01 09:15:00,1,16.14.794.5912,4,Blue,bot,JackeyLove,,TOP ESPORTS,,Jhin,0,1377,0,1,1,4,12,,,0.154,9898,431.3,0.2217,269,11.72,9,0.39,7,0.31,,,,,,,,,,,,,,,,,,,,,,,,4824,131,5246,137,-422,-6,0,0,0,0,0,0,6609,180,7614,195,-1005,-15,0,1,0,0,2,1,8873,244,10200,262,-1327,-18,0,1,0,0,2,1,,,,,,,,,,,,,1,1
lol-game-116566854547769585,partial,,LPL,2026,,0,2026-08-01 09:15:00,1,16.14.794.5912,5,Blue,sup,Zhuo,,TOP ESPORTS,,Nautilus,0,1377,0,4,0,4,12,,,0.0786,5735,249.9,0.1285,29,1.26,56,2.44,9,0.39,,,,,,,,,,,,,,,,,,,,,,,,2897,18,3333,16,-436,2,0,0,1,0,2,0,3878,22,4521,18,-643,4,0,0,2,0,4,1,5068,26,5518,21,-450,5,0,0,2,0,4,1,,,,,,,,,,,,,1,1
lol-game-116566854547769585,partial,,LPL,2026,,0,2026-08-01 09:15:00,1,16.14.794.5912,,Blue,team,,,TOP ESPORTS,,,0,1377,4,12,6,4,12,0.174,0.697,,44642,,,980,,97,,41,,,,,,,2,2,2,2,0,1,1,0,0,0,0,0,0,1,2,7,0,1,21438,505,24006,500,-2568,5,0,0,4,4,4,0,30486,704,34732,704,-4246,0,2,5,6,6,10,2,40773,908,43197,900,-2424,8,4,6,6,6,10,4,,,,,,,,,,,,,1,1
lol-game-116566854547769585,partial,,LPL,2026,,0,2026-08-01 09:15:00,1,16.14.794.5912,6,Red,top,Burdol,,LGD GAMING,,Gnar,1,1377,2,1,3,12,4,,,0.1583,10255,446.8,0.1908,234,10.2,10,0.44,7,0.31,,,,,,,,,,,,,,,,,,,,,,,,4911,125,4209,112,702,13,1,0,0,0,0,2,6836,161,5757,152,1079,9,1,1,0,0,2,2,8577,210,8160,201,417,9,1,1,1,1,2,2,,,,,,,,,,,,,1,1
lol-game-116566854547769585,partial,,LPL,2026,,0,2026-08-01 09:15:00,1,16.14.794.5912,7,Red,jng,Heng,,LGD GAMING,,Naafiri,1,1377,6,0,6,12,4,,,0.294,13097,570.7,0.2437,215,9.37,8,0.35,6,0.26,,,,,,,,,,,,,,,,,,,,,,,,5854,97,4598,110,1256,-13,3,1,0,0,0,1,8621,151,6540,149,2081,2,4,2,0,0,2,2,10354,187,8468,192,1886,-5,4,2,0,0,2,2,,,,,,,,,,,,,1,1
lol-game-116566854547769585,partial,,LPL,2026,,0,2026-08-01 09:15:00,1,16.14.794.5912,8,Red,mid,Tangyuan,,LGD GAMING,,Akali,1,1377,2,1,3,12,4,,,0.2029,10740,468.0,0.1998,246,10.72,12,0.52,8,0.35,,,,,,,,,,,,,,,,,,,,,,,,4662,125,4910,134,-248,-9,0,1,0,0,0,0,7140,179,7702,201,-562,-22,1,1,0,2,0,0,8548,220,10204,245,-1656,-25,1,1,1,3,1,0,,,,,,,,,,,,,1,1
lol-game-116566854547769585,partial,,LPL,2026,,0,2026-08-01 09:15:00,1,16.14.794.5912,9,Red,bot,Shaoye,,LGD GAMING,,Corki,1,1377,2,1,4,12,4,,,0.2885,12678,552.4,0.2359,294,12.81,14,0.61,9,0.39,,,,,,,,,,,,,,,,,,,,,,,,5246,137,4824,131,422,6,0,0,0,0,0,0,7614,195,6609,180,1005,15,0,2,1,0,1,0,10200,262,8873,244,1327,18,0,2,1,0,1,0,,,,,,,,,,,,,1,1
lol-game-116566854547769585,partial,,LPL,2026,,0,2026-08-01 09:15:00,1,16.14.794.5912,10,Red,sup,Crisp,,LGD GAMING,,Shen,1,1377,0,1,9,12,4,,,0.0563,6981,304.2,0.1299,22,0.96,68,2.96,8,0.35,,,,,,,,,,,,,,,,,,,,,,,,3333,16,2897,18,436,-2,0,2,0,0,0,1,4521,18,3878,22,643,-4,0,4,1,0,0,2,5518,21,5068,26,450,-5,0,4,1,0,0,2,,,,,,,,,,,,,1,1
lol-game-116566854547769585,partial,,LPL,2026,,0,2026-08-01 09:15:00,1,16.14.794.5912,,Red,team,,,LGD GAMING,,,1,1377,12,4,25,12,4,0.523,0.697,,53751,,,1011,,112,,38,,,,,,,2,2,2,2,0,1,0,0,1,0,0,0,1,0,7,2,1,0,24006,500,21438,505,2568,-5,4,4,0,0,0,4,34732,704,30486,704,4246,0,6,10,2,2,5,6,43197,900,40773,908,2424,-8,6,10,4,4,6,6,,,,,,,,,,,,,1,1
lol-game-116566854547769586,partial,,LPL,2026,,0,2026-08-01 10:05:00,2,16.14.794.5912,1,Blue,top,Burdol,,LGD GAMING,,Ambessa,0,1305,1,3,1,8,9,,,0.2493,8986,413.1,0.2027,205,9.43,15,0.69,2,0.09,,,,,,,,,,,,,,,,,,,,,,,,5011,118,6913,144,-1902,-26,1,0,1,3,0,1,6731,156,9589,195,-2858,-39,1,1,2,5,0,2,8640,200,11685,246,-3045,-46,1,1,2,5,0,2,,,,,,,,,,,,,1,1
lol-game-116566854547769586,partial,,LPL,2026,,0,2026-08-01 10:05:00,2,16.14.794.5912,2,Blue,jng,Heng,,LGD GAMING,,Dr. Mundo,0,1305,3,4,2,8,9,,,0.2039,9302,427.7,0.2098,149,6.85,8,0.37,5,0.23,,,,,,,,,,,,,,,,,,,,,,,,5326,96,4824,109,502,-13,2,1,2,0,1,1,7523,124,6761,150,762,-26,3,1,3,0,3,1,8808,143,8717,192,91,-49,3,1,4,0,4,1,,,,,,,,,,,,,1,1
lol-game-116566854547769586,partial,,LPL,2026,,0,2026-08-01 10:05:00,2,16.14.794.5912,3,Blue,mid,Tangyuan,,LGD GAMING,,Ryze,0,1305,2,0,3,8,9,,,0.1805,9133,419.9,0.206,228,10.48,13,0.6,4,0.18,,,,,,,,,,,,,,,,,,,,,,,,5509,132,5424,145,85,-13,2,2,0,0,0,1,7137,180,7669,193,-532,-13,2,2,0,0,2,1,8752,222,10056,229,-1304,-7,2,2,0,1,2,1,,,,,,,,,,,,,1,1
lol-game-116566854547769586,partial,,LPL,2026,,0,2026-08-01 10:05:00,2,16.14.794.5912,4,Blue,bot,Shaoye,,LGD GAMING,,Kog'Maw,0,1305,1,2,3,8,9,,,0.2864,10497,482.6,0.2368,261,12.0,12,0.55,9,0.41,,,,,,,,,,,,,,,,,,,,,,,,5527,143,5862,140,-335,3,0,3,2,2,0,2,7510,198,8154,210,-644,-12,0,3,2,2,0,2,9595,256,10513,262,-918,-6,0,3,2,2,1,2,,,,,,,,,,,,,1,1
lol-game-116566854547769586,partial,,LPL,2026,,0,2026-08-01 10:05:00,2,16.14.794.5912,5,Blue,sup,Crisp,,LGD GAMING,,Lulu,0,1305,1,0,3,8,9,,,0.08,6409,294.7,0.1446,31,1.43,44,2.02,6,0.28,,,,,,,,,,,,,,,,,,,,,,,,3765,26,3527,22,238,4,1,2,0,0,2,1,4837,28,4834,26,3,2,1,2,0,0,4,1,6035,31,6239,29,-204,2,1,2,0,0,5,1,,,,,,,,,,,,,1,1
lol-game-116566854547769586,partial,,LPL,2026,,0,2026-08-01 10:05:00,2,16.14.794.5912,,Blue,team,,,LGD GAMING,,,0,1305,8,9,12,8,9,0.368,0.782,,44327,,,874,,92,,26,,,,,,,0,4,0,4,0,0,0,0,0,0,0,0,0,1,2,10,0,2,25138,515,26550,560,-1412,-45,6,8,5,5,3,6,33738,686,37007,774,-3269,-88,7,9,7,7,9,7,41830,852,47210,958,-5380,-106,7,9,8,8,12,7,,,,,,,,,,,,,1,1
lol-game-116566854547769586,partial,,LPL,2026,,0,2026-08-01 10:05:00,2,16.14.794.5912,6,Red,top,ZUIAN,,TOP ESPORTS,,Olaf,1,1305,5,2,1,9,8,,,0.1598,13212,607.4,0.2493,274,12.6,12,0.55,5,0.23,,,,,,,,,,,,,,,,,,,,,,,,6913,144,5011,118,1902,26,3,0,1,1,0,1,9589,195,6731,156,2858,39,5,0,2,1,1,2,11685,246,8640,200,3045,46,5,0,2,1,1,2,,,,,,,,,,,,,1,1
lol-game-116566854547769586,partial,,LPL,2026,,0,2026-08-01 10:05:00,2,16.14.794.5912,7,Red,jng,Tian,,TOP ESPORTS,,Skarner,1,1305,0,2,4,9,8,,,0.1032,9826,451.8,0.1854,209,9.61,12,0.55,10,0.46,,,,,,,,,,,,,,,,,,,,,,,,4824,109,5326,96,-502,13,0,1,1,2,1,2,6761,150,7523,124,-762,26,0,3,1,3,1,3,8717,192,8808,143,-91,49,0,4,1,3,1,4,,,,,,,,,,,,,1,1
lol-game-116566854547769586,partial,,LPL,2026,,0,2026-08-01 10:05:00,2,16.14.794.5912,8,Red,mid,Creme,,TOP ESPORTS,,Syndra,1,1305,2,1,2,9,8,,,0.3693,11277,518.5,0.2128,241,11.08,13,0.6,5,0.23,,,,,,,,,,,,,,,,,,,,,,,,5424,145,5509,132,-85,13,0,0,1,2,2,0,7669,193,7137,180,532,13,0,2,1,2,2,0,10056,229,8752,222,1304,7,1,2,1,2,2,0,,,,,,,,,,,,,1,1
lol-game-116566854547769586,partial,,LPL,2026,,0,2026-08-01 10:05:00,2,16.14.794.5912,9,Red,bot,JackeyLove,,TOP ESPORTS,,Lucian,1,1305,2,2,1,9,8,,,0.3119,11576,532.2,0.2184,276,12.69,12,0.55,7,0.32,,,,,,,,,,,,,,,,,,,,,,,,5862,140,5527,143,335,-3,2,0,2,0,3,2,8154,210,7510,198,644,12,2,0,2,0,3,2,10513,262,9595,256,918,6,2,1,2,0,3,2,,,,,,,,,,,,,1,1
lol-game-116566854547769586,partial,,LPL,2026,,0,2026-08-01 10:05:00,2,16.14.794.5912,10,Red,sup,Zhuo,,TOP ESPORTS,,Milio,1,1305,0,1,6,9,8,,,0.0558,7110,326.9,0.1341,30,1.38,44,2.02,9,0.41,,,,,,,,,,,,,,,,,,,,,,,,3527,22,3765,26,-238,-4,0,2,1,1,2,0,4834,26,4837,28,-3,-2,0,4,1,1,2,0,6239,29,6035,31,204,-2,0,5,1,1,2,0,,,,,,,,,,,,,1,1
lol-game-116566854547769586,partial,,LPL,2026,,0,2026-08-01 10:05:00,2,16.14.794.5912,,Red,team,,,TOP ESPORTS,,,1,1305,9,8,14,9,8,0.414,0.782,,53001,,,1030,,93,,36,,,,,,,4,0,4,0,0,0,1,0,1,2,0,0,1,0,10,2,2,0,26550,560,25138,515,1412,45,5,3,6,6,8,5,37007,774,33738,686,3269,88,7,9,7,7,9,7,47210,958,41830,852,5380,106,8,12,7,7,9,8,,,,,,,,,,,,,1,1
lol-game-116566854547769587,partial,,LPL,2026,,0,2026-08-01 10:55:00,3,16.14.794.5912,1,Blue,top,ZUIAN,,TOP ESPORTS,,K'Sante,1,1846,3,1,6,20,10,,,0.1209,13651,443.7,0.2022,282,9.17,10,0.33,3,0.1,,,,,,,,,,,,,,,,,,,,,,,,4285,115,4076,114,209,1,1,0,0,0,0,1,6091,169,6304,170,-213,-1,1,0,0,1,1,1,8699,213,8149,219,550,-6,2,2,0,1,2,1,10822,261,9903,274,919,-13,3,4,0,1,2,1,1,1
lol-game-116566854547769587,partial,,LPL,2026,,0,2026-08-01 10:55:00,3,16.14.794.5912,2,Blue,jng,Tian,,TOP ESPORTS,,Pantheon,1,1846,8,2,7,20,10,,,0.2622,15322,498.0,0.2269,257,8.35,11,0.36,12,0.39,,,,,,,,,,,,,,,,,,,,,,,,3827,80,3760,90,67,-10,0,1,0,0,0,0,6133,114,5154,113,979,1,2,3,1,0,2,2,8311,157,7477,165,834,-8,3,3,2,1,2,2,10869,204,8985,197,1884,7,4,5,2,1,2,2,1,1
lol-game-116566854547769587,partial,,LPL,2026,,0,2026-08-01 10:55:00,3,16.14.794.5912,3,Blue,mid,Creme,,TOP ESPORTS,,Cassiopeia,1,1846,2,2,13,20,10,,,0.2097,12377,402.3,0.1833,271,8.81,15,0.49,9,0.29,,,,,,,,,,,,,,,,,,,,,,,,4047,119,3667,102,380,17,0,1,0,0,0,0,5786,153,5677,131,109,22,1,3,1,2,3,0,7863,197,7200,173,663,24,2,5,1,2,4,1,9696,237,8567,214,1129,23,2,8,1,2,4,2,1,1
lol-game-116566854547769587,partial,,LPL,2026,,0,2026-08-01 10:55:00,3,16.14.794.5912,4,Blue,bot,JackeyLove,,TOP ESPORTS,,Ashe,1,1846,6,3,12,20,10,,,0.346,17006,552.7,0.2519,332,10.79,13,0.42,16,0.52,,,,,,,,,,,,,,,,,,,,,,,,4322,120,3795,109,527,11,0,0,0,0,0,0,6801,165,6831,153,-30,12,1,3,2,2,3,1,9090,222,8829,204,261,18,1,6,2,2,4,2,11706,279,10642,258,1064,21,2,7,2,2,4,3,1,1
lol-game-116566854547769587,partial,,LPL,2026,,0,2026-08-01 10:55:00,3,16.14.794.5912,5,Blue,sup,Zhuo,,TOP ESPORTS,,Seraphine,1,1846,1,2,16,20,10,,,0.0611,9165,297.9,0.1357,37,1.2,64,2.08,16,0.52,,,,,,,,,,,,,,,,,,,,,,,,2584,20,2411,18,173,2,0,0,0,0,0,0,3901,23,3856,24,45,-1,0,4,1,0,5,1,5156,26,4894,26,262,0,0,7,1,0,6,2,6529,33,6059,31,470,2,0,10,1,0,6,3,1,1
lol-game-116566854547769587,partial,,LPL,2026,,0,2026-08-01 10:55:00,3,16.14.794.5912,,Blue,team,,,TOP ESPORTS,,,1,1846,20,10,54,20,10,0.65,0.975,,67521,,,1179,,113,,56,,,,,,,3,1,3,1,2,0,1,0,0,0,0,0,1,0,11,1,2,0,19065,454,17709,433,1356,21,1,2,0,0,0,1,28712,624,27822,591,890,33,5,13,5,5,14,5,39119,815,36549,787,2570,28,8,23,6,6,18,8,49622,1014,44156,974,5466,40,11,34,6,6,18,11,1,1
lol-game-116566854547769587,partial,,LPL,2026,,0,2026-08-01 10:55:00,3,16.14.794.5912,6,Red,top,Burdol,,LGD GAMING,,Jayce,0,1846,2,3,5,10,20,,,0.3702,12149,394.9,0.2169,292,9.49,10,0.33,5,0.16,,,,,,,,,,,,,,,,,,,,,,,,4076,114,4285,115,-209,-1,0,0,1,1,0,0,6304,170,6091,169,213,1,1,1,1,1,0,0,8149,219,8699,213,-550,6,1,2,1,2,2,0,9903,274,10822,261,-919,13,1,2,1,3,4,0,1,1
lol-game-116566854547769587,partial,,LPL,2026,,0,2026-08-01 10:55:00,3,16.14.794.5912,7,Red,jng,Heng,,LGD GAMING,,Trundle,0,1846,1,3,5,10,20,,,0.1067,10608,344.8,0.1894,221,7.18,9,0.29,10,0.33,,,,,,,,,,,,,,,,,,,,,,,,3760,90,3827,80,-67,10,0,0,0,0,1,0,5154,113,6133,114,-979,-1,0,2,2,2,3,1,7477,165,8311,157,-834,8,1,2,2,3,3,2,8985,197,10869,204,-1884,-7,1,2,2,4,5,2,1,1
lol-game-116566854547769587,partial,,LPL,2026,,0,2026-08-01 10:55:00,3,16.14.794.5912,8,Red,mid,Tangyuan,,LGD GAMING,,Galio,0,1846,2,4,4,10,20,,,0.1599,10769,350.0,0.1923,261,8.48,12,0.39,3,0.1,,,,,,,,,,,,,,,,,,,,,,,,3667,102,4047,119,-380,-17,0,0,0,0,1,0,5677,131,5786,153,-109,-22,2,3,0,1,3,1,7200,173,7863,197,-663,-24,2,4,1,2,5,1,8567,214,9696,237,-1129,-23,2,4,2,2,8,1,1,1
lol-game-116566854547769587,partial,,LPL,2026,,0,2026-08-01 10:55:00,3,16.14.794.5912,9,Red,bot,Shaoye,,LGD GAMING,,Mel,0,1846,5,5,5,10,20,,,0.3172,15068,489.8,0.269,299,9.72,17,0.55,10,0.33,,,,,,,,,,,,,,,,,,,,,,,,3795,109,4322,120,-527,-11,0,0,0,0,0,0,6831,153,6801,165,30,-12,2,3,1,1,3,2,8829,204,9090,222,-261,-18,2,4,2,1,6,2,10642,258,11706,279,-1064,-21,2,4,3,2,7,2,1,1
lol-game-116566854547769587,partial,,LPL,2026,,0,2026-08-01 10:55:00,3,16.14.794.5912,10,Red,sup,Crisp,,LGD GAMING,,Rell,0,1846,0,5,9,10,20,,,0.046,7414,241.0,0.1324,35,1.14,65,2.11,16,0.52,,,,,,,,,,,,,,,,,,,,,,,,2411,18,2584,20,-173,-2,0,0,0,0,0,0,3856,24,3901,23,-45,1,0,5,1,0,4,1,4894,26,5156,26,-262,0,0,6,2,0,7,1,6059,31,6529,33,-470,-2,0,6,3,0,10,1,1,1
lol-game-116566854547769587,partial,,LPL,2026,,0,2026-08-01 10:55:00,3,16.14.794.5912,,Red,team,,,LGD GAMING,,,0,1846,10,20,28,10,20,0.325,0.975,,56008,,,1108,,113,,44,,,,,,,1,3,1,3,0,0,0,0,0,1,0,0,0,1,1,11,0,2,17709,433,19065,454,-1356,-21,0,0,1,1,2,0,27822,591,28712,624,-890,-33,5,14,5,5,13,5,36549,787,39119,815,-2570,-28,6,18,8,8,23,6,44156,974,49622,1014,-5466,-40,6,18,11,11,34,6,1,1
lol-game-116566854547769589,partial,,LPL,2026,,0,2026-08-05 11:00:00,1,,1,Blue,top,Zdz,,TOP ESPORTS,,Gnar,0,,3,4,1,7,23,,,,12702,,0.2356,276,,0,,0,,,,,,,,,,,,,,,,,,,,,,,,,,,,,,,,,,,,,,,,,,,,,,,,,,,,,,,,,,,,,,,,,,,,,,,,,1,0
lol-game-116566854547769589,partial,,LPL,2026,,0,2026-08-05 11:00:00,1,,2,Blue,jng,Jiejie,,TOP ESPORTS,,Jarvan IV,0,,2,6,4,7,23,,,,10726,,0.199,182,,0,,0,,,,,,,,,,,,,,,,,,,,,,,,,,,,,,,,,,,,,,,,,,,,,,,,,,,,,,,,,,,,,,,,,,,,,,,,,1,0
lol-game-116566854547769589,partial,,LPL,2026,,0,2026-08-05 11:00:00,1,,3,Blue,mid,BuLLDoG,,TOP ESPORTS,,Ryze,0,,0,3,1,7,23,,,,10143,,0.1882,278,,0,,0,,,,,,,,,,,,,,,,,,,,,,,,,,,,,,,,,,,,,,,,,,,,,,,,,,,,,,,,,,,,,,,,,,,,,,,,,1,0
lol-game-116566854547769589,partial,,LPL,2026,,0,2026-08-05 11:00:00,1,,4,Blue,bot,Leave,,TOP ESPORTS,,Ezreal,0,,2,5,3,7,23,,,,13317,,0.247,317,,0,,0,,,,,,,,,,,,,,,,,,,,,,,,,,,,,,,,,,,,,,,,,,,,,,,,,,,,,,,,,,,,,,,,,,,,,,,,,1,0
lol-game-116566854547769589,partial,,LPL,2026,,0,2026-08-05 11:00:00,1,,5,Blue,sup,Parukia,,TOP ESPORTS,,Rell,0,,0,5,6,7,23,,,,7018,,0.1302,22,,0,,0,,,,,,,,,,,,,,,,,,,,,,,,,,,,,,,,,,,,,,,,,,,,,,,,,,,,,,,,,,,,,,,,,,,,,,,,,1,0
lol-game-116566854547769589,partial,,LPL,2026,,0,2026-08-05 11:00:00,1,,,Blue,team,,,TOP ESPORTS,,,0,,7,23,15,7,23,,,,53906,,,1075,,0,,0,,,,,,,0,4,0,0,0,0,0,0,0,0,0,0,0,1,2,9,,,,,,,,,,,,,,,,,,,,,,,,,,,,,,,,,,,,,,,,,,,,,,,,,,,1,0
lol-game-116566854547769589,partial,,LPL,2026,,0,2026-08-05 11:00:00,1,,6,Red,top,ZUIAN,,EDWARD GAMING,,Rumble,0,,3,1,10,23,7,,,,13077,,0.1954,265,,0,,0,,,,,,,,,,,,,,,,,,,,,,,,,,,,,,,,,,,,,,,,,,,,,,,,,,,,,,,,,,,,,,,,,,,,,,,,,1,0
lol-game-116566854547769589,partial,,LPL,2026,,0,2026-08-05 11:00:00,1,,7,Red,jng,Tian,,EDWARD GAMING,,Vi,0,,8,0,12,23,7,,,,15819,,0.2364,270,,0,,0,,,,,,,,,,,,,,,,,,,,,,,,,,,,,,,,,,,,,,,,,,,,,,,,,,,,,,,,,,,,,,,,,,,,,,,,,1,0
lol-game-116566854547769589,partial,,LPL,2026,,0,2026-08-05 11:00:00,1,,8,Red,mid,Creme,,EDWARD GAMING,,Ahri,0,,6,2,8,23,7,,,,13644,,0.2039,304,,0,,0,,,,,,,,,,,,,,,,,,,,,,,,,,,,,,,,,,,,,,,,,,,,,,,,,,,,,,,,,,,,,,,,,,,,,,,,,1,0
lol-game-116566854547769589,partial,,LPL,2026,,0,2026-08-05 11:00:00,1,,9,Red,bot,JackeyLove,,EDWARD GAMING,,Varus,0,,6,2,12,23,7,,,,16389,,0.2449,320,,0,,0,,,,,,,,,,,,,,,,,,,,,,,,,,,,,,,,,,,,,,,,,,,,,,,,,,,,,,,,,,,,,,,,,,,,,,,,,1,0
lol-game-116566854547769589,partial,,LPL,2026,,0,2026-08-05 11:00:00,1,,10,Red,sup,Zhuo,,EDWARD GAMING,,Nautilus,0,,0,2,15,23,7,,,,7980,,0.1193,30,,0,,0,,,,,,,,,,,,,,,,,,,,,,,,,,,,,,,,,,,,,,,,,,,,,,,,,,,,,,,,,,,,,,,,,,,,,,,,,1,0
lol-game-116566854547769589,partial,,LPL,2026,,0,2026-08-05 11:00:00,1,,,Red,team,,,EDWARD GAMING,,,0,,23,7,57,23,7,,,,66909,,,1189,,0,,0,,,,,,,4,0,0,0,0,0,0,0,0,0,0,0,1,0,9,2,,,,,,,,,,,,,,,,,,,,,,,,,,,,,,,,,,,,,,,,,,,,,,,,,,,1,0
lol-game-116566854547769590,partial,,LPL,2026,,0,2026-08-05 13:35:00,2,16.15.800.8073,1,Blue,top,ZUIAN,,TOP ESPORTS,,Renekton,1,2034,5,3,5,21,9,,,0.2057,16481,486.2,0.2125,322,9.5,16,0.47,10,0.29,,,,,,,,,,,,,,,,,,,,,,,,5747,157,4922,132,825,25,0,1,0,0,0,1,7232,199,6573,176,659,23,0,2,1,0,1,2,8538,231,8572,222,-34,9,0,2,2,1,2,2,11565,276,10316,258,1249,18,1,2,2,1,2,3,1,1
lol-game-116566854547769590,partial,,LPL,2026,,0,2026-08-05 13:35:00,2,16.15.800.8073,2,Blue,jng,Tian,,TOP ESPORTS,,Skarner,1,2034,1,0,13,21,9,,,0.186,14906,439.7,0.1922,290,8.55,11,0.32,14,0.41,,,,,,,,,,,,,,,,,,,,,,,,5473,122,5885,134,-412,-12,0,2,0,1,1,0,7032,155,7994,172,-962,-17,0,4,0,2,2,0,8556,192,9458,197,-902,-5,0,4,0,2,4,1,10672,234,11419,240,-747,-6,0,6,0,2,4,1,1,1
lol-game-116566854547769590,partial,,LPL,2026,,0,2026-08-05 13:35:00,2,16.15.800.8073,3,Blue,mid,Creme,,TOP ESPORTS,,Viktor,1,2034,4,2,10,21,9,,,0.246,15099,445.4,0.1947,298,8.79,20,0.59,14,0.41,,,,,,,,,,,,,,,,,,,,,,,,5799,142,5390,158,409,-16,1,1,0,0,0,0,7714,184,7328,198,386,-14,2,2,2,1,1,1,9369,230,9680,262,-311,-32,2,3,2,2,1,1,10780,256,11315,296,-535,-40,2,4,2,2,1,2,1,1
lol-game-116566854547769590,partial,,LPL,2026,,0,2026-08-05 13:35:00,2,16.15.800.8073,4,Blue,bot,JackeyLove,,TOP ESPORTS,,Lucian,1,2034,10,4,4,21,9,,,0.3027,20301,598.8,0.2618,403,11.89,14,0.41,20,0.59,,,,,,,,,,,,,,,,,,,,,,,,5976,151,7198,159,-1222,-8,1,1,3,2,0,0,8440,201,9971,219,-1531,-18,3,1,3,3,1,0,11247,264,11917,268,-670,-4,5,1,4,3,3,0,14315,328,14417,335,-102,-7,6,1,4,3,3,0,1,1
lol-game-116566854547769590,partial,,LPL,2026,,0,2026-08-05 13:35:00,2,16.15.800.8073,5,Blue,sup,Zhuo,,TOP ESPORTS,,Milio,1,2034,1,0,16,21,9,,,0.0595,10767,317.6,0.1388,47,1.39,87,2.57,20,0.59,,,,,,,,,,,,,,,,,,,,,,,,4021,31,3912,21,109,10,1,1,0,0,3,2,5208,36,5254,26,-46,10,1,3,0,0,5,3,6468,39,6311,28,157,11,1,5,0,0,6,4,7628,42,7469,33,159,9,1,6,0,0,6,4,1,1
lol-game-116566854547769590,partial,,LPL,2026,,0,2026-08-05 13:35:00,2,16.15.800.8073,,Blue,team,,,TOP ESPORTS,,,1,2034,21,9,48,21,9,0.619,0.885,,77554,,,1360,,148,,78,,,,,,,3,3,3,3,0,0,0,0,3,0,0,0,1,0,10,3,2,0,27016,603,27307,604,-291,-1,3,6,3,3,4,3,35626,775,37120,791,-1494,-16,6,12,6,6,10,6,44178,956,45938,977,-1760,-21,8,15,8,8,16,8,54960,1136,54936,1162,24,-26,10,19,8,8,16,10,1,1
lol-game-116566854547769590,partial,,LPL,2026,,0,2026-08-05 13:35:00,2,16.15.800.8073,6,Red,top,Zdz,,EDWARD GAMING,,Aatrox,0,2034,1,6,2,9,21,,,0.212,13086,386.0,0.1893,314,9.26,21,0.62,7,0.21,,,,,,,,,,,,,,,,,,,,,,,,4922,132,5747,157,-825,-25,0,0,1,0,1,0,6573,176,7232,199,-659,-23,0,1,2,0,2,1,8572,222,8538,231,34,-9,1,2,2,0,2,2,10316,258,11565,276,-1249,-18,1,2,3,1,2,2,1,1
lol-game-116566854547769590,partial,,LPL,2026,,0,2026-08-05 13:35:00,2,16.15.800.8073,7,Red,jng,Jiejie,,EDWARD GAMING,,Dr. Mundo,0,2034,2,3,5,9,21,,,0.1707,13732,405.1,0.1987,282,8.32,13,0.38,22,0.65,,,,,,,,,,,,,,,,,,,,,,,,5885,134,5473,122,412,12,1,1,0,0,2,0,7994,172,7032,155,962,17,2,2,0,0,4,0,9458,197,8556,192,902,5,2,4,1,0,4,0,11419,240,10672,234,747,6,2,4,1,0,6,0,1,1
lol-game-116566854547769590,partial,,LPL,2026,,0,2026-08-05 13:35:00,2,16.15.800.8073,8,Red,mid,BuLLDoG,,EDWARD GAMING,,Syndra,0,2034,2,6,2,9,21,,,0.191,13437,396.4,0.1944,327,9.65,23,0.68,10,0.29,,,,,,,,,,,,,,,,,,,,,,,,5390,158,5799,142,-409,16,0,0,0,1,1,0,7328,198,7714,184,-386,14,1,1,1,2,2,2,9680,262,9369,230,311,32,2,1,1,2,3,2,11315,296,10780,256,535,40,2,1,2,2,4,2,1,1
lol-game-116566854547769590,partial,,LPL,2026,,0,2026-08-05 13:35:00,2,16.15.800.8073,9,Red,bot,Leave,,EDWARD GAMING,,Ziggs,0,2034,4,1,3,9,21,,,0.3555,19321,569.9,0.2795,444,13.1,19,0.56,6,0.18,,,,,,,,,,,,,,,,,,,,,,,,7198,159,5976,151,1222,8,2,0,0,1,1,3,9971,219,8440,201,1531,18,3,1,0,3,1,3,11917,268,11247,264,670,4,3,3,0,5,1,4,14417,335,14315,328,102,7,3,3,0,6,1,4,1,1
lol-game-116566854547769590,partial,,LPL,2026,,0,2026-08-05 13:35:00,2,16.15.800.8073,10,Red,sup,Parukia,,EDWARD GAMING,,Camille,0,2034,0,5,7,9,21,,,0.0709,9547,281.6,0.1381,44,1.3,95,2.8,26,0.77,,,,,,,,,,,,,,,,,,,,,,,,3912,21,4021,31,-109,-10,0,3,2,1,1,0,5254,26,5208,36,46,-10,0,5,3,1,3,0,6311,28,6468,39,-157,-11,0,6,4,1,5,0,7469,33,7628,42,-159,-9,0,6,4,1,6,0,1,1
lol-game-116566854547769590,partial,,LPL,2026,,0,2026-08-05 13:35:00,2,16.15.800.8073,,Red,team,,,EDWARD GAMING,,,0,2034,9,21,19,9,21,0.265,0.885,,69123,,,1411,,171,,71,,,,,,,3,3,3,3,1,0,0,1,1,0,0,0,0,1,3,10,0,2,27307,604,27016,603,291,1,3,4,3,3,6,3,37120,791,35626,775,1494,16,6,10,6,6,12,6,45938,977,44178,956,1760,21,8,16,8,8,15,8,54936,1162,54960,1136,-24,26,8,16,10,10,19,8,1,1
lol-game-116566854547769593,partial,,LPL,2026,,0,2026-07-25 12:17:00,1,16.14.794.5912,1,Blue,top,Keshi,,THUNDER TALK GAMING,,Ambessa,0,2284,7,4,3,20,22,,,0.219,17922,470.8,0.2403,389,10.22,11,0.29,5,0.13,,,,,,,,,,,,,,,,,,,,,,,,4124,105,3352,94,772,11,1,0,0,0,0,1,5854,159,4886,142,968,17,1,0,0,0,0,1,9374,209,6406,176,2968,33,4,1,0,0,2,2,12211,253,9757,207,2454,46,6,2,2,3,4,3,1,1
lol-game-116566854547769593,partial,,LPL,2026,,0,2026-07-25 12:17:00,1,16.14.794.5912,2,Blue,jng,Junhao,,THUNDER TALK GAMING,,Jarvan IV,0,2284,4,4,14,20,22,,,0.1822,15041,395.1,0.2017,267,7.01,10,0.26,22,0.58,,,,,,,,,,,,,,,,,,,,,,,,3725,68,3572,87,153,-19,1,1,0,0,0,0,5382,108,5861,137,-479,-29,1,1,1,1,0,0,8128,150,8303,177,-175,-27,3,4,1,3,1,1,10545,174,10564,212,-19,-38,4,11,2,4,5,3,1,1
lol-game-116566854547769593,partial,,LPL,2026,,0,2026-07-25 12:17:00,1,16.14.794.5912,3,Blue,mid,Heru,,THUNDER TALK GAMING,,Ryze,0,2284,4,4,11,20,22,,,0.2643,13950,366.5,0.187,306,8.04,13,0.34,11,0.29,,,,,,,,,,,,,,,,,,,,,,,,3925,104,3586,104,339,0,1,0,0,0,0,1,5563,158,5076,144,487,14,1,0,0,0,1,1,7637,213,7196,179,441,34,1,4,0,1,3,2,10239,239,10074,211,165,28,4,8,1,3,7,3,1,1
lol-game-116566854547769593,partial,,LPL,2026,,0,2026-07-25 12:17:00,1,16.14.794.5912,4,Blue,bot,Ahn,,THUNDER TALK GAMING,,Kai'Sa,0,2284,5,6,11,20,22,,,0.2797,18407,483.5,0.2468,317,8.33,18,0.47,14,0.37,,,,,,,,,,,,,,,,,,,,,,,,3804,83,3392,87,412,-4,1,1,0,0,0,1,6388,135,5776,141,612,-6,1,1,0,0,1,1,8560,173,8018,203,542,-30,1,4,2,0,3,2,11942,212,9970,234,1972,-22,3,10,3,0,9,4,1,1
lol-game-116566854547769593,partial,,LPL,2026,,0,2026-07-25 12:17:00,1,16.14.794.5912,5,Blue,sup,Feather,,THUNDER TALK GAMING,,Nautilus,0,2284,0,4,16,20,22,,,0.0548,9262,243.3,0.1242,34,0.89,83,2.18,9,0.24,,,,,,,,,,,,,,,,,,,,,,,,2306,15,2254,17,52,-2,0,1,0,0,0,1,3419,25,3375,19,44,6,0,1,0,0,1,1,4733,28,4410,21,323,7,0,5,1,0,2,2,6417,28,5716,25,701,3,0,13,2,0,7,4,1,1
lol-game-116566854547769593,partial,,LPL,2026,,0,2026-07-25 12:17:00,1,16.14.794.5912,,Blue,team,,,THUNDER TALK GAMING,,,0,2284,20,22,55,20,22,0.525,1.103,,74582,,,1313,,135,,61,,,,,,,2,4,2,4,0,0,2,0,0,0,0,0,2,1,4,9,0,1,17884,375,16156,389,1728,-14,4,3,0,0,0,4,26606,585,24974,583,1632,2,4,3,1,1,3,4,38432,773,34333,756,4099,17,9,18,4,4,11,9,51354,906,46081,889,5273,17,17,44,10,10,32,17,1,1
lol-game-116566854547769593,partial,,LPL,2026,,0,2026-07-25 12:17:00,1,16.14.794.5912,6,Red,top,ZUIAN,,TOP ESPORTS,,Rumble,1,2284,4,4,12,22,20,,,0.2493,15881,417.2,0.2024,314,8.25,17,0.45,3,0.08,,,,,,,,,,,,,,,,,,,,,,,,3352,94,4124,105,-772,-11,0,0,1,1,0,0,4886,142,5854,159,-968,-17,0,0,1,1,0,0,6406,176,9374,209,-2968,-33,0,2,2,4,1,0,9757,207,12211,253,-2454,-46,3,4,3,6,2,2,1,1
lol-game-116566854547769593,partial,,LPL,2026,,0,2026-07-25 12:17:00,1,16.14.794.5912,7,Red,jng,Tian,,TOP ESPORTS,,Vi,1,2284,5,3,14,22,20,,,0.1498,16393,430.6,0.209,297,7.8,14,0.37,11,0.29,,,,,,,,,,,,,,,,,,,,,,,,3572,87,3725,68,-153,19,0,0,0,1,1,0,5861,137,5382,108,479,29,1,0,0,1,1,1,8303,177,8128,150,175,27,3,1,1,3,4,1,10564,212,10545,174,19,38,4,5,3,4,11,2,1,1
lol-game-116566854547769593,partial,,LPL,2026,,0,2026-07-25 12:17:00,1,16.14.794.5912,8,Red,mid,Creme,,TOP ESPORTS,,Ahri,1,2284,10,3,11,22,20,,,0.2846,18804,494.0,0.2397,317,8.33,7,0.18,13,0.34,,,,,,,,,,,,,,,,,,,,,,,,3586,104,3925,104,-339,0,0,0,1,1,0,0,5076,144,5563,158,-487,-14,0,1,1,1,0,0,7196,179,7637,213,-441,-34,1,3,2,1,4,0,10074,211,10239,239,-165,-28,3,7,3,4,8,1,1,1
lol-game-116566854547769593,partial,,LPL,2026,,0,2026-07-25 12:17:00,1,16.14.794.5912,9,Red,bot,JackeyLove,,TOP ESPORTS,,Sivir,1,2284,3,5,17,22,20,,,0.2793,17676,464.3,0.2253,361,9.48,12,0.32,12,0.32,,,,,,,,,,,,,,,,,,,,,,,,3392,87,3804,83,-412,4,0,0,1,1,1,0,5776,141,6388,135,-612,6,0,1,1,1,1,0,8018,203,8560,173,-542,30,0,3,2,1,4,2,9970,234,11942,212,-1972,22,0,9,4,3,10,3,1,1
lol-game-116566854547769593,partial,,LPL,2026,,0,2026-07-25 12:17:00,1,16.14.794.5912,10,Red,sup,Zhuo,,TOP ESPORTS,,Alistar,1,2284,0,5,19,22,20,,,0.0369,9698,254.8,0.1236,31,0.81,96,2.52,15,0.39,,,,,,,,,,,,,,,,,,,,,,,,2254,17,2306,15,-52,2,0,0,1,0,1,0,3375,19,3419,25,-44,-6,0,1,1,0,1,0,4410,21,4733,28,-323,-7,0,2,2,0,5,1,5716,25,6417,28,-701,-3,0,7,4,0,13,2,1,1
lol-game-116566854547769593,partial,,LPL,2026,,0,2026-07-25 12:17:00,1,16.14.794.5912,,Red,team,,,TOP ESPORTS,,,1,2284,22,20,73,22,20,0.578,1.103,,78452,,,1320,,146,,54,,,,,,,4,2,4,2,0,1,2,1,0,0,0,0,1,2,9,4,1,0,16156,389,17884,375,-1728,14,0,0,4,4,3,0,24974,583,26606,585,-1632,-2,1,3,4,4,3,1,34333,756,38432,773,-4099,-17,4,11,9,9,18,4,46081,889,51354,906,-5273,-17,10,32,17,17,44,10,1,1
lol-game-116566854547769594,partial,,LPL,2026,,0,2026-07-25 13:25:00,2,16.14.794.5912,1,Blue,top,ZUIAN,,TOP ESPORTS,,Gnar,0,1235,3,5,5,13,32,,,0.1906,9356,454.5,0.195,191,9.28,10,0.49,4,0.19,,,,,,,,,,,,,,,,,,,,,,,,5351,105,5195,109,156,-4,2,4,3,1,4,5,7155,151,7944,155,-789,-4,2,5,4,2,6,6,8709,186,11489,203,-2780,-17,2,5,5,5,10,6,,,,,,,,,,,,,1,1
lol-game-116566854547769594,partial,,LPL,2026,,0,2026-07-25 13:25:00,2,16.14.794.5912,2,Blue,jng,Tian,,TOP ESPORTS,,Pantheon,0,1235,9,6,1,13,32,,,0.2493,12169,591.2,0.2536,158,7.68,7,0.34,7,0.34,,,,,,,,,,,,,,,,,,,,,,,,6440,97,7127,139,-687,-42,5,1,2,4,4,0,9592,143,10365,200,-773,-57,7,1,2,5,4,0,12093,158,14724,245,-2631,-87,9,1,6,10,8,0,,,,,,,,,,,,,1,1
lol-game-116566854547769594,partial,,LPL,2026,,0,2026-07-25 13:25:00,2,16.14.794.5912,3,Blue,mid,Creme,,TOP ESPORTS,,Akali,0,1235,0,7,6,13,32,,,0.19,8866,430.7,0.1848,200,9.72,11,0.53,3,0.15,,,,,,,,,,,,,,,,,,,,,,,,5276,131,6269,144,-993,-13,0,2,3,2,4,1,7428,184,8501,196,-1073,-12,0,3,4,3,7,1,8564,197,10695,201,-2131,-4,0,5,6,4,14,2,,,,,,,,,,,,,1,1
lol-game-116566854547769594,partial,,LPL,2026,,0,2026-07-25 13:25:00,2,16.14.794.5912,4,Blue,bot,JackeyLove,,TOP ESPORTS,,Viktor,0,1235,0,7,5,13,32,,,0.268,10053,488.4,0.2095,240,11.66,11,0.53,4,0.19,,,,,,,,,,,,,,,,,,,,,,,,6366,161,7427,156,-1061,5,0,2,2,4,1,0,8538,220,9592,193,-1054,27,0,3,3,5,3,1,9847,240,12905,229,-3058,11,0,4,6,6,11,1,,,,,,,,,,,,,1,1
lol-game-116566854547769594,partial,,LPL,2026,,0,2026-07-25 13:25:00,2,16.14.794.5912,5,Blue,sup,Zhuo,,TOP ESPORTS,,Camille,0,1235,1,7,6,13,32,,,0.1021,7544,366.5,0.1572,33,1.6,47,2.28,14,0.68,,,,,,,,,,,,,,,,,,,,,,,,4567,22,4260,17,307,5,1,3,2,1,7,2,6107,31,6133,23,-26,8,1,4,4,2,10,2,7435,33,8770,28,-1335,5,1,6,6,4,19,3,,,,,,,,,,,,,1,1
lol-game-116566854547769594,partial,,LPL,2026,,0,2026-07-25 13:25:00,2,16.14.794.5912,,Blue,team,,,TOP ESPORTS,,,0,1235,13,32,23,13,32,0.632,2.186,,47988,,,822,,86,,32,,,,,,,0,4,0,4,0,0,0,0,0,0,0,0,0,1,2,10,0,2,28000,516,30278,565,-2278,-49,8,12,12,12,20,8,38820,729,42535,767,-3715,-38,10,16,17,17,30,10,46648,814,58583,906,-11935,-92,12,21,29,29,62,12,,,,,,,,,,,,,1,1
lol-game-116566854547769594,partial,,LPL,2026,,0,2026-07-25 13:25:00,2,16.14.794.5912,6,Red,top,Keshi,,THUNDER TALK GAMING,,Tristana,1,1235,5,6,11,32,13,,,0.1779,11718,569.3,0.195,205,9.96,14,0.68,5,0.24,,,,,,,,,,,,,,,,,,,,,,,,5195,109,5351,105,-156,4,1,4,5,2,4,3,7944,155,7155,151,789,4,2,6,6,2,5,4,11489,203,8709,186,2780,17,5,10,6,2,5,5,,,,,,,,,,,,,1,1
lol-game-116566854547769594,partial,,LPL,2026,,0,2026-07-25 13:25:00,2,16.14.794.5912,7,Red,jng,Junhao,,THUNDER TALK GAMING,,Naafiri,1,1235,11,0,10,32,13,,,0.2475,15079,732.6,0.2509,246,11.95,7,0.34,6,0.29,,,,,,,,,,,,,,,,,,,,,,,,7127,139,6440,97,687,42,4,4,0,5,1,2,10365,200,9592,143,773,57,5,4,0,7,1,2,14724,245,12093,158,2631,87,10,8,0,9,1,6,,,,,,,,,,,,,1,1
lol-game-116566854547769594,partial,,LPL,2026,,0,2026-07-25 13:25:00,2,16.14.794.5912,8,Red,mid,Heru,,THUNDER TALK GAMING,,Annie,1,1235,4,3,15,32,13,,,0.251,10850,527.1,0.1806,201,9.77,7,0.34,3,0.15,,,,,,,,,,,,,,,,,,,,,,,,6269,144,5276,131,993,13,2,4,1,0,2,3,8501,196,7428,184,1073,12,3,7,1,0,3,4,10695,201,8564,197,2131,4,4,14,2,0,5,6,,,,,,,,,,,,,1,1
lol-game-116566854547769594,partial,,LPL,2026,,0,2026-07-25 13:25:00,2,16.14.794.5912,9,Red,bot,Ahn,,THUNDER TALK GAMING,,Cassiopeia,1,1235,8,1,12,32,13,,,0.2261,13462,654.0,0.224,230,11.17,16,0.78,3,0.15,,,,,,,,,,,,,,,,,,,,,,,,7427,156,6366,161,1061,-5,4,1,0,0,2,2,9592,193,8538,220,1054,-27,5,3,1,0,3,3,12905,229,9847,240,3058,-11,6,11,1,0,4,6,,,,,,,,,,,,,1,1
lol-game-116566854547769594,partial,,LPL,2026,,0,2026-07-25 13:25:00,2,16.14.794.5912,10,Red,sup,Feather,,THUNDER TALK GAMING,,Shen,1,1235,4,4,21,32,13,,,0.0975,8979,436.2,0.1494,28,1.36,54,2.62,15,0.73,,,,,,,,,,,,,,,,,,,,,,,,4260,17,4567,22,-307,-5,1,7,2,1,3,2,6133,23,6107,31,26,-8,2,10,2,1,4,4,8770,28,7435,33,1335,-5,4,19,3,1,6,6,,,,,,,,,,,,,1,1
lol-game-116566854547769594,partial,,LPL,2026,,0,2026-07-25 13:25:00,2,16.14.794.5912,,Red,team,,,THUNDER TALK GAMING,,,1,1235,32,13,69,32,13,1.555,2.186,,60088,,,910,,98,,32,,,,,,,4,0,4,0,0,0,1,0,1,2,0,0,1,0,10,2,2,0,30278,565,28000,516,2278,49,12,20,8,8,12,12,42535,767,38820,729,3715,38,17,30,10,10,16,17,58583,906,46648,814,11935,92,29,62,12,12,21,29,,,,,,,,,,,,,1,1
lol-game-116566854547769595,partial,,LPL,2026,,0,2026-07-25 14:15:00,3,16.14.794.5912,1,Blue,top,Keshi,,THUNDER TALK GAMING,,Jayce,0,1826,2,8,1,7,20,,,0.2455,14409,473.5,0.2245,301,9.89,21,0.69,7,0.23,,,,,,,,,,,,,,,,,,,,,,,,7139,161,4464,114,2675,47,1,1,1,0,0,3,8900,205,5973,154,2927,51,1,1,2,0,1,3,11494,265,8108,204,3386,61,1,1,3,0,2,3,13035,278,10024,227,3011,51,2,1,5,1,2,4,1,1
lol-game-116566854547769595,partial,,LPL,2026,,0,2026-07-25 14:15:00,3,16.14.794.5912,2,Blue,jng,Junhao,,THUNDER TALK GAMING,,Nidalee,0,1826,4,1,1,7,20,,,0.2482,15144,497.6,0.236,308,10.12,6,0.2,17,0.56,,,,,,,,,,,,,,,,,,,,,,,,6720,141,5558,117,1162,24,3,0,0,0,3,0,9063,186,7156,157,1907,29,4,0,0,0,3,1,11289,242,8908,200,2381,42,4,0,0,0,4,1,13264,275,11138,237,2126,38,4,1,0,1,5,2,1,1
lol-game-116566854547769595,partial,,LPL,2026,,0,2026-07-25 14:15:00,3,16.14.794.5912,3,Blue,mid,Heru,,THUNDER TALK GAMING,,Aurora,0,1826,0,5,3,7,20,,,0.2165,10430,342.7,0.1625,213,7.0,13,0.43,12,0.39,,,,,,,,,,,,,,,,,,,,,,,,4743,120,5735,140,-992,-20,0,1,3,2,0,0,5838,131,7193,178,-1355,-47,0,1,3,2,1,0,7407,166,8992,216,-1585,-50,0,1,3,3,1,0,8958,189,10625,227,-1667,-38,0,3,3,3,3,0,1,1
lol-game-116566854547769595,partial,,LPL,2026,,0,2026-07-25 14:15:00,3,16.14.794.5912,4,Blue,bot,Ahn,,THUNDER TALK GAMING,,Jhin,0,1826,1,4,1,7,20,,,0.2215,15501,509.3,0.2415,343,11.27,16,0.53,4,0.13,,,,,,,,,,,,,,,,,,,,,,,,6001,157,7229,165,-1228,-8,0,0,0,2,0,0,8175,208,9518,222,-1343,-14,0,0,0,3,0,0,10148,258,12047,292,-1899,-34,0,0,1,3,2,0,12945,295,14741,339,-1796,-44,1,1,2,4,3,0,1,1
lol-game-116566854547769595,partial,,LPL,2026,,0,2026-07-25 14:15:00,3,16.14.794.5912,5,Blue,sup,Feather,,THUNDER TALK GAMING,,Bard,0,1826,0,2,3,7,20,,,0.0682,8694,285.7,0.1355,27,0.89,83,2.73,16,0.53,,,,,,,,,,,,,,,,,,,,,,,,3738,18,3800,23,-62,-5,0,1,0,0,2,1,5043,19,4884,30,159,-11,0,2,0,0,3,1,6136,22,6390,36,-254,-14,0,2,0,1,4,1,7425,25,7819,38,-394,-13,0,3,0,1,6,1,1,1
lol-game-116566854547769595,partial,,LPL,2026,,0,2026-07-25 14:15:00,3,16.14.794.5912,,Blue,team,,,THUNDER TALK GAMING,,,0,1826,7,20,9,7,20,0.23,0.887,,64178,,,1192,,139,,56,,,,,,,1,4,1,4,0,0,0,0,0,1,0,0,1,1,7,8,0,1,28341,597,26786,559,1555,38,4,3,4,4,5,4,37019,749,34724,741,2295,8,5,4,5,5,8,5,46474,953,44445,948,2029,5,5,4,7,7,13,5,55627,1062,54347,1068,1280,-6,7,9,10,10,19,7,1,1
lol-game-116566854547769595,partial,,LPL,2026,,0,2026-07-25 14:15:00,3,16.14.794.5912,6,Red,top,ZUIAN,,TOP ESPORTS,,K'Sante,1,1826,2,4,8,20,7,,,0.1344,13257,435.6,0.1881,261,8.58,18,0.59,6,0.2,,,,,,,,,,,,,,,,,,,,,,,,4464,114,7139,161,-2675,-47,0,0,3,1,1,1,5973,154,8900,205,-2927,-51,0,1,3,1,1,2,8108,204,11494,265,-3386,-61,0,2,3,1,1,3,10024,227,13035,278,-3011,-51,1,2,4,2,1,5,1,1
lol-game-116566854547769595,partial,,LPL,2026,,0,2026-07-25 14:15:00,3,16.14.794.5912,7,Red,jng,Tian,,TOP ESPORTS,,Wukong,1,1826,2,2,6,20,7,,,0.1255,13680,449.5,0.1941,281,9.23,14,0.46,12,0.39,,,,,,,,,,,,,,,,,,,,,,,,5558,117,6720,141,-1162,-24,0,3,0,3,0,0,7156,157,9063,186,-1907,-29,0,3,1,4,0,0,8908,200,11289,242,-2381,-42,0,4,1,4,0,0,11138,237,13264,275,-2126,-38,1,5,2,4,1,0,1,1
lol-game-116566854547769595,partial,,LPL,2026,,0,2026-07-25 14:15:00,3,16.14.794.5912,8,Red,mid,Creme,,TOP ESPORTS,,Locke,1,1826,8,0,5,20,7,,,0.2691,14848,487.9,0.2107,273,8.97,9,0.3,7,0.23,,,,,,,,,,,,,,,,,,,,,,,,5735,140,4743,120,992,20,2,0,0,0,1,3,7193,178,5838,131,1355,47,2,1,0,0,1,3,8992,216,7407,166,1585,50,3,1,0,0,1,3,10625,227,8958,189,1667,38,3,3,0,0,3,3,1,1
lol-game-116566854547769595,partial,,LPL,2026,,0,2026-07-25 14:15:00,3,16.14.794.5912,9,Red,bot,JackeyLove,,TOP ESPORTS,,Ezreal,1,1826,6,0,8,20,7,,,0.3713,18527,608.8,0.2629,380,12.49,13,0.43,15,0.49,,,,,,,,,,,,,,,,,,,,,,,,7229,165,6001,157,1228,8,2,0,0,0,0,0,9518,222,8175,208,1343,14,3,0,0,0,0,0,12047,292,10148,258,1899,34,3,2,0,0,0,1,14741,339,12945,295,1796,44,4,3,0,1,1,2,1,1
lol-game-116566854547769595,partial,,LPL,2026,,0,2026-07-25 14:15:00,3,16.14.794.5912,10,Red,sup,Zhuo,,TOP ESPORTS,,Karma,1,1826,2,1,12,20,7,,,0.0997,10172,334.2,0.1443,43,1.41,73,2.4,16,0.53,,,,,,,,,,,,,,,,,,,,,,,,3800,23,3738,18,62,5,0,2,1,0,1,0,4884,30,5043,19,-159,11,0,3,1,0,2,0,6390,36,6136,22,254,14,1,4,1,0,2,0,7819,38,7425,25,394,13,1,6,1,0,3,0,1,1
lol-game-116566854547769595,partial,,LPL,2026,,0,2026-07-25 14:15:00,3,16.14.794.5912,,Red,team,,,TOP ESPORTS,,,1,1826,20,7,39,20,7,0.657,0.887,,70484,,,1238,,127,,56,,,,,,,4,1,4,1,0,0,3,1,0,0,0,0,1,1,8,7,1,0,26786,559,28341,597,-1555,-38,4,5,4,4,3,4,34724,741,37019,749,-2295,-8,5,8,5,5,4,5,44445,948,46474,953,-2029,-5,7,13,5,5,4,7,54347,1068,55627,1062,-1280,6,10,19,7,7,9,10,1,1
lol-game-116566854547769597,partial,,LPL,2026,,0,2026-08-06 13:55:00,1,16.15.800.8073,1,Blue,top,Breathe,,Anyone's Legend,,Olaf,0,1887,10,3,5,23,20,,,0.2915,16992,540.3,0.2338,353,11.22,9,0.29,10,0.32,,,,,,,,,,,,,,,,,,,,,,,,5890,162,5633,148,257,14,1,1,1,1,1,1,8334,215,7574,211,760,4,2,1,1,1,2,1,10380,274,9389,245,991,29,3,2,1,2,2,1,12804,317,11467,285,1337,32,5,2,2,2,5,1,1,1
lol-game-116566854547769597,partial,,LPL,2026,,0,2026-08-06 13:55:00,1,16.15.800.8073,2,Blue,jng,Tarzan,,Anyone's Legend,,Naafiri,0,1887,6,4,9,23,20,,,0.2095,16315,518.8,0.2245,305,9.7,13,0.41,14,0.45,,,,,,,,,,,,,,,,,,,,,,,,6672,124,4587,87,2085,37,4,1,1,0,3,3,9090,171,6580,123,2510,48,4,3,2,1,4,4,10970,220,8318,158,2652,62,4,4,2,1,5,5,12880,265,10247,190,2633,75,4,5,3,1,8,6,1,1
lol-game-116566854547769597,partial,,LPL,2026,,0,2026-08-06 13:55:00,1,16.15.800.8073,3,Blue,mid,Shanks,,Anyone's Legend,,Ahri,0,1887,6,5,9,23,20,,,0.2089,14586,463.8,0.2007,326,10.37,9,0.29,15,0.48,,,,,,,,,,,,,,,,,,,,,,,,5749,153,6281,160,-532,-7,1,2,1,2,0,0,7900,199,8633,212,-733,-13,2,3,2,3,2,1,9732,243,10933,279,-1201,-36,3,3,2,3,3,1,11403,280,14371,330,-2968,-50,3,4,3,6,4,1,1,1
lol-game-116566854547769597,partial,,LPL,2026,,0,2026-08-06 13:55:00,1,16.15.800.8073,4,Blue,bot,Hope,,Anyone's Legend,,Ziggs,0,1887,0,2,12,23,20,,,0.2242,15087,479.7,0.2076,342,10.87,21,0.67,9,0.29,,,,,,,,,,,,,,,,,,,,,,,,6630,152,6144,144,486,8,0,3,0,0,3,1,9011,212,9057,205,-46,7,0,5,0,1,5,1,10791,262,11630,267,-839,-5,0,5,0,1,6,1,12754,309,15183,322,-2429,-13,0,6,1,3,8,2,1,1
lol-game-116566854547769597,partial,,LPL,2026,,0,2026-08-06 13:55:00,1,16.15.800.8073,5,Blue,sup,Kael,,Anyone's Legend,,Shen,0,1887,1,6,18,23,20,,,0.0659,9692,308.2,0.1334,52,1.65,89,2.83,24,0.76,,,,,,,,,,,,,,,,,,,,,,,,4102,29,3948,26,154,3,0,5,0,0,3,1,5762,40,5097,28,665,12,1,7,1,0,5,2,6889,43,6313,33,576,10,1,9,2,0,6,3,8023,49,7975,40,48,9,1,10,3,0,9,3,1,1
lol-game-116566854547769597,partial,,LPL,2026,,0,2026-08-06 13:55:00,1,16.15.800.8073,,Blue,team,,,Anyone's Legend,,,0,1887,23,20,53,23,20,0.731,1.367,,72672,,,1378,,141,,72,,,,,,,2,2,2,2,1,0,0,0,1,0,0,0,0,2,4,7,0,1,29043,620,26593,565,2450,55,6,12,3,3,10,6,40097,837,36941,779,3156,58,9,19,6,6,18,9,48762,1042,46583,982,2179,60,11,23,7,7,22,11,57864,1220,59243,1167,-1379,53,13,27,12,12,34,13,1,1
lol-game-116566854547769597,partial,,LPL,2026,,0,2026-08-06 13:55:00,1,16.15.800.8073,6,Red,top,Cube,,Xi'an Team WE,,Dr. Mundo,1,1887,3,2,8,20,23,,,0.2985,14357,456.5,0.1894,311,9.89,20,0.64,9,0.29,,,,,,,,,,,,,,,,,,,,,,,,5633,148,5890,162,-257,-14,1,1,1,1,1,1,7574,211,8334,215,-760,-4,1,2,1,2,1,1,9389,245,10380,274,-991,-29,2,2,1,3,2,1,11467,285,12804,317,-1337,-32,2,5,1,5,2,2,1,1
lol-game-116566854547769597,partial,,LPL,2026,,0,2026-08-06 13:55:00,1,16.15.800.8073,7,Red,jng,Monki,,Xi'an Team WE,,Pantheon,1,1887,1,9,9,20,23,,,0.1348,12111,385.1,0.1598,203,6.45,9,0.29,11,0.35,,,,,,,,,,,,,,,,,,,,,,,,4587,87,6672,124,-2085,-37,0,3,3,4,1,1,6580,123,9090,171,-2510,-48,1,4,4,4,3,2,8318,158,10970,220,-2652,-62,1,5,5,4,4,2,10247,190,12880,265,-2633,-75,1,8,6,4,5,3,1,1
lol-game-116566854547769597,partial,,LPL,2026,,0,2026-08-06 13:55:00,1,16.15.800.8073,8,Red,mid,Karis,,Xi'an Team WE,,Ryze,1,1887,10,3,7,20,23,,,0.239,19247,612.0,0.254,383,12.18,20,0.64,12,0.38,,,,,,,,,,,,,,,,,,,,,,,,6281,160,5749,153,532,7,2,0,0,1,2,1,8633,212,7900,199,733,13,3,2,1,2,3,2,10933,279,9732,243,1201,36,3,3,1,3,3,2,14371,330,11403,280,2968,50,6,4,1,3,4,3,1,1
lol-game-116566854547769597,partial,,LPL,2026,,0,2026-08-06 13:55:00,1,16.15.800.8073,9,Red,bot,About,,Xi'an Team WE,,Jhin,1,1887,4,4,12,20,23,,,0.2332,19601,623.2,0.2586,384,12.21,21,0.67,10,0.32,,,,,,,,,,,,,,,,,,,,,,,,6144,144,6630,152,-486,-8,0,3,1,0,3,0,9057,205,9011,212,46,-7,1,5,1,0,5,0,11630,267,10791,262,839,5,1,6,1,0,5,0,15183,322,12754,309,2429,13,3,8,2,0,6,1,1,1
lol-game-116566854547769597,partial,,LPL,2026,,0,2026-08-06 13:55:00,1,16.15.800.8073,10,Red,sup,Erha,,Xi'an Team WE,,Neeko,1,1887,2,5,12,20,23,,,0.0944,10467,332.8,0.1381,46,1.46,84,2.67,32,1.02,,,,,,,,,,,,,,,,,,,,,,,,3948,26,4102,29,-154,-3,0,3,1,0,5,0,5097,28,5762,40,-665,-12,0,5,2,1,7,1,6313,33,6889,43,-576,-10,0,6,3,1,9,2,7975,40,8023,49,-48,-9,0,9,3,1,10,3,1,1
lol-game-116566854547769597,partial,,LPL,2026,,0,2026-08-06 13:55:00,1,16.15.800.8073,,Red,team,,,Xi'an Team WE,,,1,1887,20,23,48,20,23,0.636,1.367,,75783,,,1327,,154,,74,,,,,,,2,2,2,2,0,1,0,0,1,0,0,0,2,0,7,4,1,0,26593,565,29043,620,-2450,-55,3,10,6,6,12,3,36941,779,40097,837,-3156,-58,6,18,9,9,19,6,46583,982,48762,1042,-2179,-60,7,22,11,11,23,7,59243,1167,57864,1220,1379,-53,12,34,13,13,27,12,1,1
lol-game-116566854547769598,partial,,LPL,2026,,0,2026-08-06 14:55:00,2,16.15.800.8073,1,Blue,top,Cube,,Xi'an Team WE,,Renekton,0,1578,1,4,5,16,26,,,0.2328,11922,453.3,0.1901,277,10.53,9,0.34,6,0.23,,,,,,,,,,,,,,,,,,,,,,,,4998,152,5507,148,-509,4,0,0,0,1,2,0,6464,189,8345,204,-1881,-15,0,1,1,3,4,1,8107,237,10545,268,-2438,-31,0,1,2,3,5,1,10977,271,13329,314,-2352,-43,1,3,3,3,6,2,1,1
lol-game-116566854547769598,partial,,LPL,2026,,0,2026-08-06 14:55:00,2,16.15.800.8073,2,Blue,jng,Monki,,Xi'an Team WE,,Nidalee,0,1578,5,4,9,16,26,,,0.239,14840,564.3,0.2367,251,9.54,11,0.42,21,0.8,,,,,,,,,,,,,,,,,,,,,,,,5553,133,6435,116,-882,17,0,2,2,3,6,1,7458,173,8962,157,-1504,16,0,4,3,3,11,1,10243,216,11244,203,-1001,13,1,5,4,3,16,1,12641,251,13310,241,-669,10,2,7,4,4,16,1,1,1
lol-game-116566854547769598,partial,,LPL,2026,,0,2026-08-06 14:55:00,2,16.15.800.8073,3,Blue,mid,Karis,,Xi'an Team WE,,Corki,0,1578,6,3,5,16,26,,,0.3059,14808,563.0,0.2362,272,10.34,11,0.42,8,0.3,,,,,,,,,,,,,,,,,,,,,,,,5297,140,5463,150,-166,-10,1,0,1,2,1,0,8156,188,8012,203,144,-15,2,1,2,3,4,0,9719,226,9876,227,-157,-1,2,3,3,5,5,1,12922,270,11482,261,1440,9,4,4,3,5,6,2,1,1
lol-game-116566854547769598,partial,,LPL,2026,,0,2026-08-06 14:55:00,2,16.15.800.8073,4,Blue,bot,About,,Xi'an Team WE,,Varus,0,1578,2,8,4,16,26,,,0.1434,12460,473.8,0.1987,268,10.19,23,0.87,13,0.49,,,,,,,,,,,,,,,,,,,,,,,,6011,134,6473,131,-462,3,2,1,2,3,6,1,7666,177,10508,197,-2842,-20,2,1,5,7,7,1,9359,222,14054,254,-4695,-32,2,1,7,11,8,1,11316,258,16082,289,-4766,-31,2,2,8,12,9,2,1,1
lol-game-116566854547769598,partial,,LPL,2026,,0,2026-08-06 14:55:00,2,16.15.800.8073,5,Blue,sup,Erha,,Xi'an Team WE,,Nautilus,0,1578,2,7,9,16,26,,,0.079,8669,329.6,0.1383,30,1.14,64,2.43,9,0.34,,,,,,,,,,,,,,,,,,,,,,,,3340,17,3605,28,-265,-11,0,2,4,0,6,1,4691,21,5102,31,-411,-10,1,2,5,0,9,2,6197,26,6559,39,-362,-13,2,3,6,0,12,3,7831,30,7776,43,55,-13,2,6,6,0,13,4,1,1
lol-game-116566854547769598,partial,,LPL,2026,,0,2026-08-06 14:55:00,2,16.15.800.8073,,Blue,team,,,Xi'an Team WE,,,0,1578,16,26,32,16,26,0.608,1.597,,62699,,,1098,,118,,57,,,,,,,2,3,2,3,1,0,0,0,0,1,0,0,1,0,6,6,1,1,25199,576,27483,573,-2284,3,3,5,9,9,21,3,34435,748,40929,792,-6494,-44,5,9,16,16,35,5,43625,927,52278,991,-8653,-64,7,13,22,22,46,7,55687,1080,61979,1148,-6292,-68,11,22,24,24,50,11,1,1
lol-game-116566854547769598,partial,,LPL,2026,,0,2026-08-06 14:55:00,2,16.15.800.8073,6,Red,top,Breathe,,Anyone's Legend,,Gnar,1,1578,3,3,6,26,16,,,0.2326,13488,512.9,0.2092,314,11.94,14,0.53,5,0.19,,,,,,,,,,,,,,,,,,,,,,,,5507,148,4998,152,509,-4,1,2,0,0,0,0,8345,204,6464,189,1881,15,3,4,1,0,1,1,10545,268,8107,237,2438,31,3,5,1,0,1,2,13329,314,10977,271,2352,43,3,6,2,1,3,3,1,1
lol-game-116566854547769598,partial,,LPL,2026,,0,2026-08-06 14:55:00,2,16.15.800.8073,7,Red,jng,Tarzan,,Anyone's Legend,,Jarvan IV,1,1578,4,2,16,26,16,,,0.1746,13589,516.7,0.2107,245,9.32,9,0.34,13,0.49,,,,,,,,,,,,,,,,,,,,,,,,6435,116,5553,133,882,-17,3,6,1,0,2,2,8962,157,7458,173,1504,-16,3,11,1,0,4,3,11244,203,10243,216,1001,-13,3,16,1,1,5,4,13310,241,12641,251,669,-10,4,16,1,2,7,4,1,1
lol-game-116566854547769598,partial,,LPL,2026,,0,2026-08-06 14:55:00,2,16.15.800.8073,8,Red,mid,Shanks,,Anyone's Legend,,Sylas,1,1578,5,2,8,26,16,,,0.1767,11973,455.2,0.1857,262,9.96,7,0.27,3,0.11,,,,,,,,,,,,,,,,,,,,,,,,5463,150,5297,140,166,10,2,1,0,1,0,1,8012,203,8156,188,-144,15,3,4,0,2,1,2,9876,227,9719,226,157,1,5,5,1,2,3,3,11482,261,12922,270,-1440,-9,5,6,2,4,4,3,1,1
lol-game-116566854547769598,partial,,LPL,2026,,0,2026-08-06 14:55:00,2,16.15.800.8073,9,Red,bot,Hope,,Anyone's Legend,,Xerath,1,1578,14,3,9,26,16,,,0.3143,17269,656.6,0.2678,294,11.18,19,0.72,10,0.38,,,,,,,,,,,,,,,,,,,,,,,,6473,131,6011,134,462,-3,3,6,1,2,1,2,10508,197,7666,177,2842,20,7,7,1,2,1,5,14054,254,9359,222,4695,32,11,8,1,2,1,7,16082,289,11316,258,4766,31,12,9,2,2,2,8,1,1
lol-game-116566854547769598,partial,,LPL,2026,,0,2026-08-06 14:55:00,2,16.15.800.8073,10,Red,sup,Kael,,Anyone's Legend,,Camille,1,1578,0,6,14,26,16,,,0.1018,8169,310.6,0.1267,44,1.67,80,3.04,20,0.76,,,,,,,,,,,,,,,,,,,,,,,,3605,28,3340,17,265,11,0,6,1,0,2,4,5102,31,4691,21,411,10,0,9,2,1,2,5,6559,39,6197,26,362,13,0,12,3,2,3,6,7776,43,7831,30,-55,13,0,13,4,2,6,6,1,1
lol-game-116566854547769598,partial,,LPL,2026,,0,2026-08-06 14:55:00,2,16.15.800.8073,,Red,team,,,Anyone's Legend,,,1,1578,26,16,53,26,16,0.989,1.597,,64488,,,1159,,129,,51,,,,,,,3,2,3,2,0,0,1,0,0,2,0,0,0,1,6,6,1,1,27483,573,25199,576,2284,-3,9,21,3,3,5,9,40929,792,34435,748,6494,44,16,35,5,5,9,16,52278,991,43625,927,8653,64,22,46,7,7,13,22,61979,1148,55687,1080,6292,68,24,50,11,11,22,24,1,1
lol-game-116566854547769601,partial,,LPL,2026,,0,2026-07-24 09:25:00,1,16.14.794.5912,1,Blue,top,Cube,,Xi'an Team WE,,Rumble,1,1629,3,1,15,22,13,,,0.2773,12208,449.7,0.1819,234,8.62,21,0.77,5,0.18,,,,,,,,,,,,,,,,,,,,,,,,5184,138,5236,141,-52,-3,0,2,0,0,0,2,7189,187,7464,199,-275,-12,1,3,0,1,0,2,9021,196,10569,220,-1548,-24,1,8,1,5,1,4,10559,219,12028,244,-1469,-25,1,12,1,5,4,5,1,1
lol-game-116566854547769601,partial,,LPL,2026,,0,2026-07-24 09:25:00,1,16.14.794.5912,2,Blue,jng,Monki,,Xi'an Team WE,,Trundle,1,1629,8,3,12,22,13,,,0.1978,15191,559.5,0.2264,227,8.36,11,0.41,24,0.88,,,,,,,,,,,,,,,,,,,,,,,,6532,116,5254,113,1278,3,4,0,0,1,0,0,8528,166,7416,157,1112,9,4,1,1,1,2,0,11929,199,8982,182,2947,17,6,4,2,1,5,1,13957,218,11135,204,2822,14,7,7,3,2,5,3,1,1
lol-game-116566854547769601,partial,,LPL,2026,,0,2026-07-24 09:25:00,1,16.14.794.5912,3,Blue,mid,Karis,,Xi'an Team WE,,Ryze,1,1629,4,3,11,22,13,,,0.2003,15003,552.6,0.2236,304,11.2,15,0.55,8,0.29,,,,,,,,,,,,,,,,,,,,,,,,5438,147,5478,150,-40,-3,0,3,0,0,0,2,7028,198,8059,208,-1031,-10,0,3,1,1,1,2,10420,257,10149,240,271,17,1,5,2,2,3,4,13796,301,12687,277,1109,24,3,6,3,3,4,4,1,1
lol-game-116566854547769601,partial,,LPL,2026,,0,2026-07-24 09:25:00,1,16.14.794.5912,4,Blue,bot,About,,Xi'an Team WE,,Varus,1,1629,7,4,9,22,13,,,0.2952,15997,589.2,0.2384,262,9.65,15,0.55,8,0.29,,,,,,,,,,,,,,,,,,,,,,,,5483,135,6917,171,-1434,-36,0,0,1,0,1,0,7793,185,9292,224,-1499,-39,1,0,1,0,2,1,11742,226,11358,271,384,-45,4,2,2,0,3,2,13989,239,14799,329,-810,-90,5,5,4,2,5,2,1,1
lol-game-116566854547769601,partial,,LPL,2026,,0,2026-07-24 09:25:00,1,16.14.794.5912,5,Blue,sup,Erha,,Xi'an Team WE,,Alistar,1,1629,0,2,14,22,13,,,0.0295,8708,320.7,0.1298,33,1.22,70,2.58,17,0.63,,,,,,,,,,,,,,,,,,,,,,,,3496,24,3493,21,3,3,0,2,0,0,1,0,4707,25,4810,27,-103,-2,0,3,0,0,2,1,6590,28,6326,30,264,-2,0,7,1,0,5,1,7993,32,7576,32,417,0,0,10,1,0,8,2,1,1
lol-game-116566854547769601,partial,,LPL,2026,,0,2026-07-24 09:25:00,1,16.14.794.5912,,Blue,team,,,Xi'an Team WE,,,1,1629,22,13,61,22,13,0.81,1.289,,67107,,,1060,,132,,62,,,,,,,2,2,2,2,0,0,0,0,2,0,0,0,2,0,9,4,2,0,26133,560,26378,596,-245,-36,4,7,1,1,2,4,35245,761,37041,815,-1796,-54,6,10,3,3,7,6,49702,906,47384,943,2318,-37,12,26,8,8,17,12,60294,1009,58225,1086,2069,-77,16,40,12,12,26,16,1,1
lol-game-116566854547769601,partial,,LPL,2026,,0,2026-07-24 09:25:00,1,16.14.794.5912,6,Red,top,Xiaoxu,,Beijing JDG Esports,,K'Sante,0,1629,5,6,5,13,22,,,0.1989,12552,462.3,0.2019,251,9.24,17,0.63,6,0.22,,,,,,,,,,,,,,,,,,,,,,,,5236,141,5184,138,52,3,0,0,2,0,2,0,7464,199,7189,187,275,12,1,0,2,1,3,0,10569,220,9021,196,1548,24,5,1,4,1,8,1,12028,244,10559,219,1469,25,5,4,5,1,12,1,1,1
lol-game-116566854547769601,partial,,LPL,2026,,0,2026-07-24 09:25:00,1,16.14.794.5912,7,Red,jng,JunJia,,Beijing JDG Esports,,Vi,0,1629,2,4,6,13,22,,,0.0947,11725,431.9,0.1886,213,7.85,11,0.41,11,0.41,,,,,,,,,,,,,,,,,,,,,,,,5254,113,6532,116,-1278,-3,1,0,0,4,0,0,7416,157,8528,166,-1112,-9,1,2,0,4,1,1,8982,182,11929,199,-2947,-17,1,5,1,6,4,2,11135,204,13957,218,-2822,-14,2,5,3,7,7,3,1,1
lol-game-116566854547769601,partial,,LPL,2026,,0,2026-07-24 09:25:00,1,16.14.794.5912,8,Red,mid,HongQ,,Beijing JDG Esports,,Anivia,0,1629,3,5,5,13,22,,,0.2107,13483,496.6,0.2169,296,10.9,20,0.74,9,0.33,,,,,,,,,,,,,,,,,,,,,,,,5478,150,5438,147,40,3,0,0,2,0,3,0,8059,208,7028,198,1031,10,1,1,2,0,3,1,10149,240,10420,257,-271,-17,2,3,4,1,5,2,12687,277,13796,301,-1109,-24,3,4,4,3,6,3,1,1
lol-game-116566854547769601,partial,,LPL,2026,,0,2026-07-24 09:25:00,1,16.14.794.5912,9,Red,bot,GALA,,Beijing JDG Esports,,Ziggs,0,1629,3,3,5,13,22,,,0.3641,16171,595.6,0.2602,348,12.82,13,0.48,12,0.44,,,,,,,,,,,,,,,,,,,,,,,,6917,171,5483,135,1434,36,0,1,0,0,0,1,9292,224,7793,185,1499,39,0,2,1,1,0,1,11358,271,11742,226,-384,45,0,3,2,4,2,2,14799,329,13989,239,810,90,2,5,2,5,5,4,1,1
lol-game-116566854547769601,partial,,LPL,2026,,0,2026-07-24 09:25:00,1,16.14.794.5912,10,Red,sup,Vampire,,Beijing JDG Esports,,Camille,0,1629,0,4,9,13,22,,,0.1316,8226,303.0,0.1323,35,1.29,69,2.54,22,0.81,,,,,,,,,,,,,,,,,,,,,,,,3493,21,3496,24,-3,-3,0,1,0,0,2,0,4810,27,4707,25,103,2,0,2,1,0,3,0,6326,30,6590,28,-264,2,0,5,1,0,7,1,7576,32,7993,32,-417,0,0,8,2,0,10,1,1,1
lol-game-116566854547769601,partial,,LPL,2026,,0,2026-07-24 09:25:00,1,16.14.794.5912,,Red,team,,,Beijing JDG Esports,,,0,1629,13,22,30,13,22,0.479,1.289,,62157,,,1143,,130,,60,,,,,,,2,2,2,2,0,1,0,0,0,1,0,0,0,2,4,9,0,2,26378,596,26133,560,245,36,1,2,4,4,7,1,37041,815,35245,761,1796,54,3,7,6,6,10,3,47384,943,49702,906,-2318,37,8,17,12,12,26,8,58225,1086,60294,1009,-2069,77,12,26,16,16,40,12,1,1
lol-game-116566854547769602,partial,,LPL,2026,,0,2026-07-24 10:25:00,2,16.14.794.5912,1,Blue,top,Xiaoxu,,Beijing JDG Esports,,Ambessa,1,1497,8,1,2,20,9,,,0.2451,14632,586.5,0.2253,295,11.82,16,0.64,2,0.08,,,,,,,,,,,,,,,,,,,,,,,,5693,149,5129,145,564,4,2,0,0,1,0,0,8124,215,6934,205,1190,10,3,0,0,1,0,0,11583,247,8583,230,3000,17,8,0,0,2,2,1,,,,,,,,,,,,,1,1
lol-game-116566854547769602,partial,,LPL,2026,,0,2026-07-24 10:25:00,2,16.14.794.5912,2,Blue,jng,JunJia,,Beijing JDG Esports,,Nocturne,1,1497,2,3,11,20,9,,,0.1457,12103,485.1,0.1864,218,8.74,10,0.4,9,0.36,,,,,,,,,,,,,,,,,,,,,,,,5506,114,5082,108,424,6,1,3,2,0,3,3,7818,159,6577,139,1241,20,1,4,2,0,3,4,9838,184,8517,169,1321,15,2,7,3,0,7,5,,,,,,,,,,,,,1,1
lol-game-116566854547769602,partial,,LPL,2026,,0,2026-07-24 10:25:00,2,16.14.794.5912,3,Blue,mid,HongQ,,Beijing JDG Esports,,Akali,1,1497,6,2,6,20,9,,,0.2349,13535,542.5,0.2084,289,11.58,9,0.36,7,0.28,,,,,,,,,,,,,,,,,,,,,,,,5622,150,5055,142,567,8,1,0,0,0,2,1,8357,216,6531,188,1826,28,2,1,0,0,2,1,10173,250,8388,214,1785,36,3,4,1,1,2,3,,,,,,,,,,,,,1,1
lol-game-116566854547769602,partial,,LPL,2026,,0,2026-07-24 10:25:00,2,16.14.794.5912,4,Blue,bot,GALA,,Beijing JDG Esports,,Ezreal,1,1497,4,1,12,20,9,,,0.2997,15734,630.6,0.2423,324,12.99,12,0.48,13,0.52,,,,,,,,,,,,,,,,,,,,,,,,6756,159,6614,154,142,5,2,3,0,2,0,1,9820,229,8951,220,869,9,2,4,0,2,0,2,12023,268,12494,262,-471,6,2,9,1,4,2,3,,,,,,,,,,,,,1,1
lol-game-116566854547769602,partial,,LPL,2026,,0,2026-07-24 10:25:00,2,16.14.794.5912,5,Blue,sup,Vampire,,Beijing JDG Esports,,Seraphine,1,1497,0,2,18,20,9,,,0.0745,8932,358.0,0.1376,38,1.52,58,2.32,22,0.88,,,,,,,,,,,,,,,,,,,,,,,,4115,22,3456,17,659,5,0,6,1,0,3,1,5509,30,4395,20,1114,10,0,8,1,0,3,1,7079,34,5484,23,1595,11,0,13,2,0,5,3,,,,,,,,,,,,,1,1
lol-game-116566854547769602,partial,,LPL,2026,,0,2026-07-24 10:25:00,2,16.14.794.5912,,Blue,team,,,Beijing JDG Esports,,,1,1497,20,9,49,20,9,0.802,1.162,,64936,,,1164,,105,,53,,,,,,,2,2,2,2,1,1,0,0,0,0,0,0,1,0,9,0,1,0,27692,594,25336,566,2356,28,6,12,3,3,8,6,39628,849,33388,772,6240,77,8,17,3,3,8,8,50696,983,43466,898,7230,85,15,33,7,7,18,15,,,,,,,,,,,,,1,1
lol-game-116566854547769602,partial,,LPL,2026,,0,2026-07-24 10:25:00,2,16.14.794.5912,6,Red,top,Cube,,Xi'an Team WE,,Aatrox,0,1497,2,2,3,9,20,,,0.2487,10173,407.7,0.1909,265,10.62,9,0.36,4,0.16,,,,,,,,,,,,,,,,,,,,,,,,5129,145,5693,149,-564,-4,1,0,0,2,0,0,6934,205,8124,215,-1190,-10,1,0,0,3,0,0,8583,230,11583,247,-3000,-17,2,2,1,8,0,0,,,,,,,,,,,,,1,1
lol-game-116566854547769602,partial,,LPL,2026,,0,2026-07-24 10:25:00,2,16.14.794.5912,7,Red,jng,Monki,,Xi'an Team WE,,Lee Sin,0,1497,0,6,9,9,20,,,0.1421,9970,399.6,0.1871,189,7.58,17,0.68,10,0.4,,,,,,,,,,,,,,,,,,,,,,,,5082,108,5506,114,-424,-6,0,3,3,1,3,2,6577,139,7818,159,-1241,-20,0,3,4,1,4,2,8517,169,9838,184,-1321,-15,0,7,5,2,7,3,,,,,,,,,,,,,1,1
lol-game-116566854547769602,partial,,LPL,2026,,0,2026-07-24 10:25:00,2,16.14.794.5912,8,Red,mid,Karis,,Xi'an Team WE,,Viktor,0,1497,1,4,4,9,20,,,0.2676,10081,404.0,0.1891,250,10.02,13,0.52,5,0.2,,,,,,,,,,,,,,,,,,,,,,,,5055,142,5622,150,-567,-8,0,2,1,1,0,0,6531,188,8357,216,-1826,-28,0,2,1,2,1,0,8388,214,10173,250,-1785,-36,1,2,3,3,4,1,,,,,,,,,,,,,1,1
lol-game-116566854547769602,partial,,LPL,2026,,0,2026-07-24 10:25:00,2,16.14.794.5912,9,Red,bot,About,,Xi'an Team WE,,Sivir,0,1497,5,4,2,9,20,,,0.2815,15803,633.4,0.2965,317,12.71,14,0.56,11,0.44,,,,,,,,,,,,,,,,,,,,,,,,6614,154,6756,159,-142,-5,2,0,1,2,3,0,8951,220,9820,229,-869,-9,2,0,2,2,4,0,12494,262,12023,268,471,-6,4,2,3,2,9,1,,,,,,,,,,,,,1,1
lol-game-116566854547769602,partial,,LPL,2026,,0,2026-07-24 10:25:00,2,16.14.794.5912,10,Red,sup,Erha,,Xi'an Team WE,,Karma,0,1497,1,4,6,9,20,,,0.0602,7273,291.5,0.1365,27,1.08,66,2.65,12,0.48,,,,,,,,,,,,,,,,,,,,,,,,3456,17,4115,22,-659,-5,0,3,1,0,6,1,4395,20,5509,30,-1114,-10,0,3,1,0,8,1,5484,23,7079,34,-1595,-11,0,5,3,0,13,2,,,,,,,,,,,,,1,1
lol-game-116566854547769602,partial,,LPL,2026,,0,2026-07-24 10:25:00,2,16.14.794.5912,,Red,team,,,Xi'an Team WE,,,0,1497,9,20,24,9,20,0.361,1.162,,53300,,,1048,,119,,42,,,,,,,2,2,2,2,1,0,0,0,1,0,0,0,0,1,0,9,0,1,25336,566,27692,594,-2356,-28,3,8,6,6,12,3,33388,772,39628,849,-6240,-77,3,8,8,8,17,3,43466,898,50696,983,-7230,-85,7,18,15,15,33,7,,,,,,,,,,,,,1,1
lol-game-116566854547769603,partial,,LPL,2026,,0,2026-07-24 11:15:00,3,16.14.794.5912,1,Blue,top,Xiaoxu,,Beijing JDG Esports,,Olaf,0,1721,3,3,2,7,15,,,0.2441,12813,446.7,0.2286,292,10.18,16,0.56,9,0.31,,,,,,,,,,,,,,,,,,,,,,,,4317,121,4352,123,-35,-2,0,0,0,0,0,1,6104,172,6090,175,14,-3,0,1,0,0,0,2,8654,231,7917,216,737,15,1,1,1,1,0,2,10153,260,10128,259,25,1,2,1,2,2,3,2,1,1
lol-game-116566854547769603,partial,,LPL,2026,,0,2026-07-24 11:15:00,3,16.14.794.5912,2,Blue,jng,JunJia,,Beijing JDG Esports,,Qiyana,0,1721,2,2,3,7,15,,,0.2407,12454,434.2,0.2222,228,7.95,11,0.38,8,0.28,,,,,,,,,,,,,,,,,,,,,,,,5016,88,4252,91,764,-3,2,0,0,1,0,0,6938,130,6264,139,674,-9,2,1,0,1,0,0,9292,179,8251,181,1041,-2,2,1,0,1,0,0,11023,212,10334,211,689,1,2,2,1,2,4,0,1,1
lol-game-116566854547769603,partial,,LPL,2026,,0,2026-07-24 11:15:00,3,16.14.794.5912,3,Blue,mid,HongQ,,Beijing JDG Esports,,Ahri,0,1721,1,1,3,7,15,,,0.2329,11747,409.5,0.2096,273,9.52,13,0.45,12,0.42,,,,,,,,,,,,,,,,,,,,,,,,4574,126,4668,132,-94,-6,0,1,0,0,1,0,6426,176,7148,193,-722,-17,0,1,0,0,1,0,8013,215,9248,252,-1235,-37,0,1,0,0,2,0,9616,259,11361,289,-1745,-30,0,2,0,1,5,0,1,1
lol-game-116566854547769603,partial,,LPL,2026,,0,2026-07-24 11:15:00,3,16.14.794.5912,4,Blue,bot,GALA,,Beijing JDG Esports,,Jhin,0,1721,0,3,3,7,15,,,0.2157,11245,392.0,0.2006,281,9.8,7,0.24,5,0.17,,,,,,,,,,,,,,,,,,,,,,,,4068,109,4205,115,-137,-6,0,1,0,0,1,0,6358,170,6976,176,-618,-6,0,1,0,0,1,0,8491,236,9644,246,-1153,-10,0,1,0,1,1,0,9971,269,12491,294,-2520,-25,0,2,1,3,4,0,1,1
lol-game-116566854547769603,partial,,LPL,2026,,0,2026-07-24 11:15:00,3,16.14.794.5912,5,Blue,sup,Vampire,,Beijing JDG Esports,,Leona,0,1721,1,6,3,7,15,,,0.0665,7793,271.7,0.139,40,1.39,67,2.34,22,0.77,,,,,,,,,,,,,,,,,,,,,,,,2762,20,2786,9,-24,11,0,1,1,0,1,1,4313,28,3978,14,335,14,1,1,1,0,1,1,5505,32,5138,17,367,15,1,1,2,0,2,2,6636,38,6347,18,289,20,1,2,4,0,5,3,1,1
lol-game-116566854547769603,partial,,LPL,2026,,0,2026-07-24 11:15:00,3,16.14.794.5912,,Blue,team,,,Beijing JDG Esports,,,0,1721,7,15,14,7,15,0.244,0.767,,56052,,,1114,,114,,56,,,,,,,1,4,0,4,0,0,0,0,0,0,1,0,0,1,2,8,0,1,20737,464,20263,470,474,-6,2,3,1,1,3,2,30139,676,30456,697,-317,-21,3,5,1,1,3,3,39955,893,40198,912,-243,-19,4,5,3,3,5,4,47399,1038,50661,1071,-3262,-33,5,9,8,8,21,5,1,1
lol-game-116566854547769603,partial,,LPL,2026,,0,2026-07-24 11:15:00,3,16.14.794.5912,6,Red,top,Cube,,Xi'an Team WE,,Jayce,1,1721,3,2,5,15,7,,,0.2444,12197,425.2,0.2009,277,9.66,19,0.66,13,0.45,,,,,,,,,,,,,,,,,,,,,,,,4352,123,4317,121,35,2,0,0,1,0,0,0,6090,175,6104,172,-14,3,0,0,2,0,1,0,7917,216,8654,231,-737,-15,1,0,2,1,1,1,10128,259,10153,260,-25,-1,2,3,2,2,1,2,1,1
lol-game-116566854547769603,partial,,LPL,2026,,0,2026-07-24 11:15:00,3,16.14.794.5912,7,Red,jng,Monki,,Xi'an Team WE,,Poppy,1,1721,4,1,4,15,7,,,0.1423,11974,417.5,0.1972,223,7.77,9,0.31,11,0.38,,,,,,,,,,,,,,,,,,,,,,,,4252,91,5016,88,-764,3,1,0,0,2,0,0,6264,139,6938,130,-674,9,1,0,0,2,1,0,8251,181,9292,179,-1041,2,1,0,0,2,1,0,10334,211,11023,212,-689,-1,2,4,0,2,2,1,1,1
lol-game-116566854547769603,partial,,LPL,2026,,0,2026-07-24 11:15:00,3,16.14.794.5912,8,Red,mid,Karis,,Xi'an Team WE,,Syndra,1,1721,3,1,9,15,7,,,0.2637,13538,472.0,0.223,304,10.6,17,0.59,11,0.38,,,,,,,,,,,,,,,,,,,,,,,,4668,132,4574,126,94,6,0,1,0,0,1,0,7148,193,6426,176,722,17,0,1,0,0,1,0,9248,252,8013,215,1235,37,0,2,0,0,1,0,11361,289,9616,259,1745,30,1,5,0,0,2,0,1,1
lol-game-116566854547769603,partial,,LPL,2026,,0,2026-07-24 11:15:00,3,16.14.794.5912,9,Red,bot,About,,Xi'an Team WE,,Miss Fortune,1,1721,5,0,7,15,7,,,0.2947,15115,527.0,0.2489,315,10.98,20,0.7,9,0.31,,,,,,,,,,,,,,,,,,,,,,,,4205,115,4068,109,137,6,0,1,0,0,1,0,6976,176,6358,170,618,6,0,1,0,0,1,0,9644,246,8491,236,1153,10,1,1,0,0,1,0,12491,294,9971,269,2520,25,3,4,0,0,2,1,1,1
lol-game-116566854547769603,partial,,LPL,2026,,0,2026-07-24 11:15:00,3,16.14.794.5912,10,Red,sup,Erha,,Xi'an Team WE,,Nautilus,1,1721,0,3,10,15,7,,,0.055,7894,275.2,0.13,19,0.66,76,2.65,10,0.35,,,,,,,,,,,,,,,,,,,,,,,,2786,9,2762,20,24,-11,0,1,1,0,1,1,3978,14,4313,28,-335,-14,0,1,1,1,1,1,5138,17,5505,32,-367,-15,0,2,2,1,1,2,6347,18,6636,38,-289,-20,0,5,3,1,2,4,1,1
lol-game-116566854547769603,partial,,LPL,2026,,0,2026-07-24 11:15:00,3,16.14.794.5912,,Red,team,,,Xi'an Team WE,,,1,1721,15,7,35,15,7,0.523,0.767,,60718,,,1138,,141,,54,,,,,,,4,1,4,0,0,2,0,1,0,1,0,1,1,0,8,2,1,0,20263,470,20737,464,-474,6,1,3,2,2,3,1,30456,697,30139,676,317,21,1,3,3,3,5,1,40198,912,39955,893,243,19,3,5,4,4,5,3,50661,1071,47399,1038,3262,33,8,21,5,5,9,8,1,1
lol-game-116566854547769605,partial,,LPL,2026,,0,2026-07-25 07:15:00,1,16.14.794.5912,1,Blue,top,Cube,,Xi'an Team WE,,Rumble,1,1637,3,0,5,12,3,,,0.1449,10726,393.1,0.1833,230,8.43,16,0.59,5,0.18,,,,,,,,,,,,,,,,,,,,,,,,3629,94,3572,94,57,0,0,1,0,0,0,1,5874,148,5315,145,559,3,1,1,0,0,0,1,7255,180,6893,195,362,-15,1,1,0,0,0,1,9146,223,8473,239,673,-16,2,2,0,0,0,1,1,1
lol-game-116566854547769605,partial,,LPL,2026,,0,2026-07-25 07:15:00,1,16.14.794.5912,2,Blue,jng,Monki,,Xi'an Team WE,,Qiyana,1,1637,4,0,8,12,3,,,0.241,12556,460.2,0.2145,217,7.95,8,0.29,7,0.26,,,,,,,,,,,,,,,,,,,,,,,,4022,71,3783,85,239,-14,1,1,0,0,1,0,6098,114,5031,109,1067,5,1,4,0,0,1,2,8229,168,6918,155,1311,13,1,4,0,0,1,2,10190,208,8563,192,1627,16,1,6,0,0,1,3,1,1
lol-game-116566854547769605,partial,,LPL,2026,,0,2026-07-25 07:15:00,1,16.14.794.5912,3,Blue,mid,Karis,,Xi'an Team WE,,Ryze,1,1637,2,0,7,12,3,,,0.2147,13312,487.9,0.2274,307,11.25,14,0.51,6,0.22,,,,,,,,,,,,,,,,,,,,,,,,4071,118,3884,111,187,7,0,1,0,0,1,0,6248,176,5757,162,491,14,1,2,0,0,1,1,8891,229,7707,218,1184,11,1,2,0,0,1,1,11054,283,9030,252,2024,31,1,4,0,0,1,2,1,1
lol-game-116566854547769605,partial,,LPL,2026,,0,2026-07-25 07:15:00,1,16.14.794.5912,4,Blue,bot,About,,Xi'an Team WE,,Ezreal,1,1637,3,1,4,12,3,,,0.3513,14547,533.2,0.2485,314,11.51,14,0.51,19,0.7,,,,,,,,,,,,,,,,,,,,,,,,4313,106,3634,87,679,19,1,0,1,1,0,1,7272,164,5890,136,1382,28,2,1,1,1,0,1,9815,225,8126,190,1689,35,2,1,1,1,0,1,12572,288,10001,243,2571,45,3,1,1,1,0,1,1,1
lol-game-116566854547769605,partial,,LPL,2026,,0,2026-07-25 07:15:00,1,16.14.794.5912,5,Blue,sup,Erha,,Xi'an Team WE,,Nautilus,1,1637,0,2,11,12,3,,,0.048,7390,270.9,0.1263,28,1.03,66,2.42,10,0.37,,,,,,,,,,,,,,,,,,,,,,,,2720,17,2709,11,11,6,0,2,1,1,0,0,3991,22,3901,22,90,0,0,5,1,1,0,0,5189,25,5070,26,119,-1,0,5,1,1,0,0,6365,27,6239,31,126,-4,0,7,1,1,0,0,1,1
lol-game-116566854547769605,partial,,LPL,2026,,0,2026-07-25 07:15:00,1,16.14.794.5912,,Blue,team,,,Xi'an Team WE,,,1,1637,12,3,35,12,3,0.44,0.55,,58531,,,1096,,118,,47,,,,,,,4,0,4,0,1,2,0,0,1,0,0,0,1,0,8,2,1,0,18755,406,17582,388,1173,18,2,5,2,2,2,2,29483,624,25894,574,3589,50,5,13,2,2,2,5,39379,827,34714,784,4665,43,5,13,2,2,2,5,49327,1029,42306,957,7021,72,7,20,2,2,2,7,1,1
lol-game-116566854547769605,partial,,LPL,2026,,0,2026-07-25 07:15:00,1,16.14.794.5912,6,Red,top,Burdol,,LGD GAMING,,Yorick,0,1637,0,2,0,3,12,,,0.1838,10817,396.5,0.2238,268,9.82,11,0.4,5,0.18,,,,,,,,,,,,,,,,,,,,,,,,3572,94,3629,94,-57,0,0,0,1,0,1,0,5315,145,5874,148,-559,-3,0,0,1,1,1,0,6893,195,7255,180,-362,15,0,0,1,1,1,0,8473,239,9146,223,-673,16,0,0,1,2,2,0,1,1
lol-game-116566854547769605,partial,,LPL,2026,,0,2026-07-25 07:15:00,1,16.14.794.5912,7,Red,jng,Heng,,LGD GAMING,,Xin Zhao,0,1637,1,4,1,3,12,,,0.1879,9517,348.8,0.1969,197,7.22,6,0.22,14,0.51,,,,,,,,,,,,,,,,,,,,,,,,3783,85,4022,71,-239,14,0,1,0,1,1,0,5031,109,6098,114,-1067,-5,0,1,2,1,4,0,6918,155,8229,168,-1311,-13,0,1,2,1,4,0,8563,192,10190,208,-1627,-16,0,1,3,1,6,0,1,1
lol-game-116566854547769605,partial,,LPL,2026,,0,2026-07-25 07:15:00,1,16.14.794.5912,8,Red,mid,Tangyuan,,LGD GAMING,,Anivia,0,1637,0,3,2,3,12,,,0.3339,9908,363.2,0.205,267,9.79,13,0.48,9,0.33,,,,,,,,,,,,,,,,,,,,,,,,3884,111,4071,118,-187,-7,0,1,0,0,1,0,5757,162,6248,176,-491,-14,0,1,1,1,2,0,7707,218,8891,229,-1184,-11,0,1,1,1,2,0,9030,252,11054,283,-2024,-31,0,1,2,1,4,0,1,1
lol-game-116566854547769605,partial,,LPL,2026,,0,2026-07-25 07:15:00,1,16.14.794.5912,9,Red,bot,Shaoye,,LGD GAMING,,Lucian,0,1637,1,2,1,3,12,,,0.2411,11190,410.1,0.2315,257,9.42,12,0.44,13,0.48,,,,,,,,,,,,,,,,,,,,,,,,3634,87,4313,106,-679,-19,1,0,1,1,0,1,5890,136,7272,164,-1382,-28,1,0,1,2,1,1,8126,190,9815,225,-1689,-35,1,0,1,2,1,1,10001,243,12572,288,-2571,-45,1,0,1,3,1,1,1,1
lol-game-116566854547769605,partial,,LPL,2026,,0,2026-07-25 07:15:00,1,16.14.794.5912,10,Red,sup,Crisp,,LGD GAMING,,Milio,0,1637,1,1,1,3,12,,,0.0533,6900,252.9,0.1428,31,1.14,65,2.38,14,0.51,,,,,,,,,,,,,,,,,,,,,,,,2709,11,2720,17,-11,-6,1,0,0,0,2,1,3901,22,3991,22,-90,0,1,0,0,0,5,1,5070,26,5189,25,-119,1,1,0,0,0,5,1,6239,31,6365,27,-126,4,1,0,0,0,7,1,1,1
lol-game-116566854547769605,partial,,LPL,2026,,0,2026-07-25 07:15:00,1,16.14.794.5912,,Red,team,,,LGD GAMING,,,0,1637,3,12,5,3,12,0.11,0.55,,48332,,,1020,,107,,55,,,,,,,0,4,0,4,0,0,0,0,0,0,0,0,0,1,2,8,0,1,17582,388,18755,406,-1173,-18,2,2,2,2,5,2,25894,574,29483,624,-3589,-50,2,2,5,5,13,2,34714,784,39379,827,-4665,-43,2,2,5,5,13,2,42306,957,49327,1029,-7021,-72,2,2,7,7,20,2,1,1
lol-game-116566854547769606,partial,,LPL,2026,,0,2026-07-25 08:07:00,2,16.14.794.5912,1,Blue,top,Cube,,Xi'an Team WE,,Vayne,1,1938,1,3,2,27,11,,,0.131,11824,366.1,0.1684,253,7.83,13,0.4,11,0.34,,,,,,,,,,,,,,,,,,,,,,,,3170,71,3607,91,-437,-20,0,2,0,0,0,1,5069,132,5506,146,-437,-14,0,2,0,0,0,1,6955,169,7108,190,-153,-21,1,2,1,0,1,1,9655,214,8880,217,775,-3,1,2,1,1,1,3,1,1
lol-game-116566854547769606,partial,,LPL,2026,,0,2026-07-25 08:07:00,2,16.14.794.5912,2,Blue,jng,Monki,,Xi'an Team WE,,Nocturne,1,1938,9,2,11,27,11,,,0.2208,16315,505.1,0.2324,268,8.3,12,0.37,17,0.53,,,,,,,,,,,,,,,,,,,,,,,,4721,85,5049,94,-328,-9,2,3,1,2,1,1,6697,124,7896,142,-1199,-18,3,3,2,3,4,1,9474,163,9742,188,-268,-25,5,5,2,3,4,3,12373,204,11783,230,590,-26,6,8,2,3,5,3,1,1
lol-game-116566854547769606,partial,,LPL,2026,,0,2026-07-25 08:07:00,2,16.14.794.5912,3,Blue,mid,Karis,,Xi'an Team WE,,Sylas,1,1938,11,3,10,27,11,,,0.2275,16232,502.5,0.2312,266,8.24,7,0.22,7,0.22,,,,,,,,,,,,,,,,,,,,,,,,5382,104,4228,104,1154,0,4,3,1,1,1,3,7204,133,6991,151,213,-18,5,3,3,2,2,4,10276,180,8394,192,1882,-12,8,5,3,2,2,5,13270,216,10108,238,3162,-22,10,5,3,2,2,5,1,1
lol-game-116566854547769606,partial,,LPL,2026,,0,2026-07-25 08:07:00,2,16.14.794.5912,4,Blue,bot,About,,Xi'an Team WE,,Varus,1,1938,4,2,16,27,11,,,0.3445,16008,495.6,0.228,307,9.5,21,0.65,10,0.31,,,,,,,,,,,,,,,,,,,,,,,,4185,106,3769,99,416,7,0,4,0,0,0,0,6701,167,6311,143,390,24,0,4,1,1,2,1,9433,221,8621,200,812,21,0,9,1,2,2,2,11915,255,10389,243,1526,12,1,12,2,2,2,3,1,1
lol-game-116566854547769606,partial,,LPL,2026,,0,2026-07-25 08:07:00,2,16.14.794.5912,5,Blue,sup,Erha,,Xi'an Team WE,,Poppy,1,1938,2,1,16,27,11,,,0.0762,9820,304.0,0.1399,28,0.87,79,2.45,15,0.46,,,,,,,,,,,,,,,,,,,,,,,,3258,12,3050,21,208,-9,1,4,1,0,3,2,4527,18,4695,32,-168,-14,1,5,1,1,4,2,6037,21,5815,35,222,-14,1,9,1,1,5,4,7567,24,7022,40,545,-16,1,11,1,1,6,5,1,1
lol-game-116566854547769606,partial,,LPL,2026,,0,2026-07-25 08:07:00,2,16.14.794.5912,,Blue,team,,,Xi'an Team WE,,,1,1938,27,11,55,27,11,0.836,1.176,,70199,,,1122,,132,,60,,,,,,,3,2,3,2,3,0,0,0,0,0,0,0,1,1,9,3,2,0,20716,378,19703,409,1013,-31,7,16,3,3,5,7,30198,574,31399,614,-1201,-40,9,17,7,7,12,9,42175,754,39680,805,2495,-51,15,30,8,8,14,15,54780,913,48182,968,6598,-55,19,38,9,9,16,19,1,1
lol-game-116566854547769606,partial,,LPL,2026,,0,2026-07-25 08:07:00,2,16.14.794.5912,6,Red,top,Burdol,,LGD GAMING,,Aurora,0,1938,2,3,1,11,27,,,0.3001,11872,367.6,0.1936,264,8.17,15,0.46,8,0.25,,,,,,,,,,,,,,,,,,,,,,,,3607,91,3170,71,437,20,0,0,1,0,2,0,5506,146,5069,132,437,14,0,0,1,0,2,0,7108,190,6955,169,153,21,0,1,1,1,2,1,8880,217,9655,214,-775,3,1,1,3,1,2,1,1,1
lol-game-116566854547769606,partial,,LPL,2026,,0,2026-07-25 08:07:00,2,16.14.794.5912,7,Red,jng,Heng,,LGD GAMING,,Naafiri,0,1938,4,4,5,11,27,,,0.2215,14931,462.3,0.2435,274,8.48,9,0.28,15,0.46,,,,,,,,,,,,,,,,,,,,,,,,5049,94,4721,85,328,9,2,1,1,2,3,1,7896,142,6697,124,1199,18,3,4,1,3,3,2,9742,188,9474,163,268,25,3,4,3,5,5,2,11783,230,12373,204,-590,26,3,5,3,6,8,2,1,1
lol-game-116566854547769606,partial,,LPL,2026,,0,2026-07-25 08:07:00,2,16.14.794.5912,8,Red,mid,Tangyuan,,LGD GAMING,,Gnar,0,1938,2,7,4,11,27,,,0.2448,12990,402.2,0.2118,284,8.79,15,0.46,9,0.28,,,,,,,,,,,,,,,,,,,,,,,,4228,104,5382,104,-1154,0,1,1,3,4,3,1,6991,151,7204,133,-213,18,2,2,4,5,3,3,8394,192,10276,180,-1882,12,2,2,5,8,5,3,10108,238,13270,216,-3162,22,2,2,5,10,5,3,1,1
lol-game-116566854547769606,partial,,LPL,2026,,0,2026-07-25 08:07:00,2,16.14.794.5912,9,Red,bot,Shaoye,,LGD GAMING,,Jhin,0,1938,2,6,2,11,27,,,0.1413,12733,394.2,0.2076,280,8.67,13,0.4,5,0.15,,,,,,,,,,,,,,,,,,,,,,,,3769,99,4185,106,-416,-7,0,0,0,0,4,0,6311,143,6701,167,-390,-24,1,2,1,0,4,1,8621,200,9433,221,-812,-21,2,2,2,0,9,1,10389,243,11915,255,-1526,-12,2,2,3,1,12,2,1,1
lol-game-116566854547769606,partial,,LPL,2026,,0,2026-07-25 08:07:00,2,16.14.794.5912,10,Red,sup,Crisp,,LGD GAMING,,Leona,0,1938,1,7,6,11,27,,,0.0923,8801,272.5,0.1435,42,1.3,69,2.14,20,0.62,,,,,,,,,,,,,,,,,,,,,,,,3050,21,3258,12,-208,9,0,3,2,1,4,1,4695,32,4527,18,168,14,1,4,2,1,5,1,5815,35,6037,21,-222,14,1,5,4,1,9,1,7022,40,7567,24,-545,16,1,6,5,1,11,1,1,1
lol-game-116566854547769606,partial,,LPL,2026,,0,2026-07-25 08:07:00,2,16.14.794.5912,,Red,team,,,LGD GAMING,,,0,1938,11,27,18,11,27,0.341,1.176,,61327,,,1144,,121,,57,,,,,,,2,3,2,3,0,0,0,1,0,1,0,0,1,1,3,9,0,2,19703,409,20716,378,-1013,31,3,5,7,7,16,3,31399,614,30198,574,1201,40,7,12,9,9,17,7,39680,805,42175,754,-2495,51,8,14,15,15,30,8,48182,968,54780,913,-6598,55,9,16,19,19,38,9,1,1
lol-game-116566854547769609,partial,,LPL,2026,,0,2026-07-30 09:25:00,1,16.14.794.5912,1,Blue,top,Cube,,Xi'an Team WE,,Ornn,1,1551,1,4,15,24,9,,,0.1469,10520,407.0,0.1565,207,8.01,19,0.74,2,0.08,,,,,,,,,,,,,,,,,,,,,,,,4882,121,5722,127,-840,-6,0,6,2,2,1,4,6680,158,7444,173,-764,-15,0,8,2,2,1,5,8008,189,10283,208,-2275,-19,0,9,4,3,2,5,9889,205,12120,255,-2231,-50,0,14,4,3,3,5,1,1
lol-game-116566854547769609,partial,,LPL,2026,,0,2026-07-30 09:25:00,1,16.14.794.5912,2,Blue,jng,Monki,,Xi'an Team WE,,Wukong,1,1551,5,2,10,24,9,,,0.1656,15732,608.6,0.234,268,10.37,7,0.27,20,0.77,,,,,,,,,,,,,,,,,,,,,,,,6482,125,5504,118,978,7,2,6,1,1,2,1,9089,176,6999,151,2090,25,2,6,1,1,2,2,12204,232,9880,198,2324,34,3,6,1,3,2,3,15087,260,12017,227,3070,33,5,8,2,4,2,4,1,1
lol-game-116566854547769609,partial,,LPL,2026,,0,2026-07-30 09:25:00,1,16.14.794.5912,3,Blue,mid,Karis,,Xi'an Team WE,,Ahri,1,1551,10,0,10,24,9,,,0.2925,14951,578.4,0.2224,290,11.22,9,0.35,14,0.54,,,,,,,,,,,,,,,,,,,,,,,,7196,158,5383,148,1813,10,4,5,0,0,4,2,8871,198,7399,207,1472,-9,4,6,0,0,4,2,11419,247,9566,253,1853,-6,6,7,0,0,6,3,14271,285,11450,293,2821,-8,9,9,0,0,8,4,1,1
lol-game-116566854547769609,partial,,LPL,2026,,0,2026-07-30 09:25:00,1,16.14.794.5912,4,Blue,bot,About,,Xi'an Team WE,,Varus,1,1551,7,1,7,24,9,,,0.3267,16936,655.2,0.2519,303,11.72,13,0.5,11,0.43,,,,,,,,,,,,,,,,,,,,,,,,7183,149,6132,145,1051,4,3,2,0,1,2,1,11128,213,8366,204,2762,9,5,2,0,1,2,1,14109,262,10300,243,3809,19,6,3,1,1,3,2,16476,296,12522,273,3954,23,7,5,1,2,3,4,1,1
lol-game-116566854547769609,partial,,LPL,2026,,0,2026-07-30 09:25:00,1,16.14.794.5912,5,Blue,sup,Erha,,Xi'an Team WE,,Rakan,1,1551,1,2,20,24,9,,,0.0683,9094,351.8,0.1353,35,1.35,62,2.4,18,0.7,,,,,,,,,,,,,,,,,,,,,,,,4314,19,3672,20,642,-1,1,8,1,0,4,2,5696,25,4729,24,967,1,1,10,1,0,4,2,7189,29,6132,24,1057,5,1,13,1,0,6,3,8786,34,7163,25,1623,9,1,18,2,0,7,5,1,1
lol-game-116566854547769609,partial,,LPL,2026,,0,2026-07-30 09:25:00,1,16.14.794.5912,,Blue,team,,,Xi'an Team WE,,,1,1551,24,9,62,24,9,0.928,1.277,,67233,,,1103,,110,,65,,,,,,,4,1,4,1,0,3,1,0,0,0,0,0,1,1,10,2,2,0,30057,572,26413,558,3644,14,10,27,4,4,13,10,41464,770,34937,759,6527,11,12,32,4,4,13,12,52929,959,46161,926,6768,33,16,38,7,7,19,16,64509,1080,55272,1073,9237,7,22,54,9,9,23,22,1,1
lol-game-116566854547769609,partial,,LPL,2026,,0,2026-07-30 09:25:00,1,16.14.794.5912,6,Red,top,Zdz,,EDWARD GAMING,,Rumble,0,1551,3,5,3,9,24,,,0.238,12244,473.7,0.2185,256,9.9,19,0.74,8,0.31,,,,,,,,,,,,,,,,,,,,,,,,5722,127,4882,121,840,6,2,1,4,0,6,2,7444,173,6680,158,764,15,2,1,5,0,8,2,10283,208,8008,189,2275,19,3,2,5,0,9,4,12120,255,9889,205,2231,50,3,3,5,0,14,4,1,1
lol-game-116566854547769609,partial,,LPL,2026,,0,2026-07-30 09:25:00,1,16.14.794.5912,7,Red,jng,Xiaohao,,EDWARD GAMING,,Naafiri,0,1551,4,5,2,9,24,,,0.1938,12142,469.7,0.2167,228,8.82,10,0.39,4,0.15,,,,,,,,,,,,,,,,,,,,,,,,5504,118,6482,125,-978,-7,1,2,1,2,6,1,6999,151,9089,176,-2090,-25,1,2,2,2,6,1,9880,198,12204,232,-2324,-34,3,2,3,3,6,1,12017,227,15087,260,-3070,-33,4,2,4,5,8,2,1,1
lol-game-116566854547769609,partial,,LPL,2026,,0,2026-07-30 09:25:00,1,16.14.794.5912,8,Red,mid,BuLLDoG,,EDWARD GAMING,,Ryze,0,1551,0,5,8,9,24,,,0.2274,11589,448.3,0.2068,295,11.41,17,0.66,5,0.19,,,,,,,,,,,,,,,,,,,,,,,,5383,148,7196,158,-1813,-10,0,4,2,4,5,0,7399,207,8871,198,-1472,9,0,4,2,4,6,0,9566,253,11419,247,-1853,6,0,6,3,6,7,0,11450,293,14271,285,-2821,8,0,8,4,9,9,0,1,1
lol-game-116566854547769609,partial,,LPL,2026,,0,2026-07-30 09:25:00,1,16.14.794.5912,9,Red,bot,Leave,,EDWARD GAMING,,Jhin,0,1551,2,4,3,9,24,,,0.2705,12746,493.1,0.2274,277,10.72,12,0.46,5,0.19,,,,,,,,,,,,,,,,,,,,,,,,6132,145,7183,149,-1051,-4,1,2,1,3,2,0,8366,204,11128,213,-2762,-9,1,2,1,5,2,0,10300,243,14109,262,-3809,-19,1,3,2,6,3,1,12522,273,16476,296,-3954,-23,2,3,4,7,5,1,1,1
lol-game-116566854547769609,partial,,LPL,2026,,0,2026-07-30 09:25:00,1,16.14.794.5912,10,Red,sup,Parukia,,EDWARD GAMING,,Rell,0,1551,0,5,7,9,24,,,0.0702,7319,283.1,0.1306,25,0.97,75,2.9,11,0.43,,,,,,,,,,,,,,,,,,,,,,,,3672,20,4314,19,-642,1,0,4,2,1,8,1,4729,24,5696,25,-967,-1,0,4,2,1,10,1,6132,24,7189,29,-1057,-5,0,6,3,1,13,1,7163,25,8786,34,-1623,-9,0,7,5,1,18,2,1,1
lol-game-116566854547769609,partial,,LPL,2026,,0,2026-07-30 09:25:00,1,16.14.794.5912,,Red,team,,,EDWARD GAMING,,,0,1551,9,24,23,9,24,0.348,1.277,,56040,,,1081,,133,,33,,,,,,,1,4,1,4,0,0,0,0,1,0,0,0,1,1,2,10,0,2,26413,558,30057,572,-3644,-14,4,13,10,10,27,4,34937,759,41464,770,-6527,-11,4,13,12,12,32,4,46161,926,52929,959,-6768,-33,7,19,16,16,38,7,55272,1073,64509,1080,-9237,-7,9,23,22,22,54,9,1,1
lol-game-116566854547769610,partial,,LPL,2026,,0,2026-07-30 10:15:00,2,16.14.794.5912,1,Blue,top,Cube,,Xi'an Team WE,,Ambessa,1,2337,3,3,11,32,19,,,0.1738,16750,430.0,0.1948,369,9.47,10,0.26,13,0.33,,,,,,,,,,,,,,,,,,,,,,,,3253,96,3207,93,46,3,0,0,0,0,0,0,5133,137,5790,140,-657,-3,1,3,1,3,1,1,7539,193,7426,187,113,6,1,4,1,3,1,2,9869,226,10206,193,-337,33,1,8,2,6,1,4,1,1
lol-game-116566854547769610,partial,,LPL,2026,,0,2026-07-30 10:15:00,2,16.14.794.5912,2,Blue,jng,Monki,,Xi'an Team WE,,Jayce,1,2337,3,7,25,32,19,,,0.2447,17803,457.1,0.2071,276,7.09,8,0.21,36,0.92,,,,,,,,,,,,,,,,,,,,,,,,3211,73,3044,60,167,13,0,0,1,0,1,0,5660,115,5353,104,307,11,1,2,2,1,4,0,7994,162,6904,138,1090,24,1,4,2,1,4,1,10982,209,9956,168,1026,41,1,11,4,2,7,3,1,1
lol-game-116566854547769610,partial,,LPL,2026,,0,2026-07-30 10:15:00,2,16.14.794.5912,3,Blue,mid,Karis,,Xi'an Team WE,,Akali,1,2337,12,3,2,32,19,,,0.1677,17540,450.3,0.204,308,7.91,10,0.26,6,0.15,,,,,,,,,,,,,,,,,,,,,,,,2937,76,3356,93,-419,-17,0,0,0,0,1,0,5186,126,5157,145,29,-19,2,1,1,0,4,1,6980,172,6972,199,8,-27,2,1,1,0,4,1,11772,213,10014,239,1758,-26,9,1,2,2,6,3,1,1
lol-game-116566854547769610,partial,,LPL,2026,,0,2026-07-30 10:15:00,2,16.14.794.5912,4,Blue,bot,About,,Xi'an Team WE,,Corki,1,2337,13,1,15,32,19,,,0.3696,22746,584.0,0.2646,398,10.22,15,0.39,19,0.49,,,,,,,,,,,,,,,,,,,,,,,,3290,73,3187,83,103,-10,1,0,0,0,0,0,5876,125,5680,124,196,1,1,4,0,0,2,1,8937,186,8167,200,770,-14,3,4,0,0,2,1,12257,236,10678,251,1579,-15,4,8,1,0,6,3,1,1
lol-game-116566854547769610,partial,,LPL,2026,,0,2026-07-30 10:15:00,2,16.14.794.5912,5,Blue,sup,Erha,,Xi'an Team WE,,Nautilus,1,2337,1,5,28,32,19,,,0.0442,11133,285.8,0.1295,37,0.95,88,2.26,17,0.44,,,,,,,,,,,,,,,,,,,,,,,,2259,17,2522,17,-263,0,0,1,0,1,0,1,3653,25,3709,28,-56,-3,0,5,1,1,2,2,4851,28,4661,29,190,-1,0,7,1,1,2,2,6796,30,6377,37,419,-7,1,12,2,1,7,3,1,1
lol-game-116566854547769610,partial,,LPL,2026,,0,2026-07-30 10:15:00,2,16.14.794.5912,,Blue,team,,,Xi'an Team WE,,,1,2337,32,19,81,32,19,0.822,1.309,,85972,,,1388,,131,,91,,,,,,,4,1,4,1,1,0,0,1,0,2,0,0,1,2,10,3,1,0,14950,335,15316,346,-366,-11,1,1,1,1,2,1,25508,528,25689,541,-181,-13,5,15,5,5,13,5,36301,741,34130,753,2171,-12,7,20,5,5,13,7,51676,914,47231,888,4445,26,16,40,11,11,27,16,1,1
lol-game-116566854547769610,partial,,LPL,2026,,0,2026-07-30 10:15:00,2,16.14.794.5912,6,Red,top,Zdz,,EDWARD GAMING,,K'Sante,0,2337,6,7,8,19,32,,,0.1807,14621,375.4,0.1952,261,6.7,16,0.41,6,0.15,,,,,,,,,,,,,,,,,,,,,,,,3207,93,3253,96,-46,-3,0,0,0,0,0,0,5790,140,5133,137,657,3,3,1,1,1,3,1,7426,187,7539,193,-113,-6,3,1,2,1,4,1,10206,193,9869,226,337,-33,6,1,4,1,8,2,1,1
lol-game-116566854547769610,partial,,LPL,2026,,0,2026-07-30 10:15:00,2,16.14.794.5912,7,Red,jng,Xiaohao,,EDWARD GAMING,,Jarvan IV,0,2337,4,6,13,19,32,,,0.1209,14830,380.7,0.198,216,5.55,11,0.28,17,0.44,,,,,,,,,,,,,,,,,,,,,,,,3044,60,3211,73,-167,-13,0,1,0,0,0,1,5353,104,5660,115,-307,-11,1,4,0,1,2,2,6904,138,7994,162,-1090,-24,1,4,1,1,4,2,9956,168,10982,209,-1026,-41,2,7,3,1,11,4,1,1
lol-game-116566854547769610,partial,,LPL,2026,,0,2026-07-30 10:15:00,2,16.14.794.5912,8,Red,mid,BuLLDoG,,EDWARD GAMING,,Cassiopeia,0,2337,5,5,9,19,32,,,0.2857,16408,421.3,0.219,346,8.88,23,0.59,13,0.33,,,,,,,,,,,,,,,,,,,,,,,,3356,93,2937,76,419,17,0,1,0,0,0,0,5157,145,5186,126,-29,19,0,4,1,2,1,1,6972,199,6980,172,-8,27,0,4,1,2,1,1,10014,239,11772,213,-1758,26,2,6,3,9,1,2,1,1
lol-game-116566854547769610,partial,,LPL,2026,,0,2026-07-30 10:15:00,2,16.14.794.5912,9,Red,bot,Leave,,EDWARD GAMING,,Sivir,0,2337,3,6,10,19,32,,,0.3395,19086,490.0,0.2548,371,9.53,18,0.46,11,0.28,,,,,,,,,,,,,,,,,,,,,,,,3187,83,3290,73,-103,10,0,0,0,1,0,0,5680,124,5876,125,-196,-1,0,2,1,1,4,0,8167,200,8937,186,-770,14,0,2,1,3,4,0,10678,251,12257,236,-1579,15,0,6,3,4,8,1,1,1
lol-game-116566854547769610,partial,,LPL,2026,,0,2026-07-30 10:15:00,2,16.14.794.5912,10,Red,sup,Parukia,,EDWARD GAMING,,Shen,0,2337,1,8,14,19,32,,,0.0732,9969,255.9,0.1331,41,1.05,94,2.41,17,0.44,,,,,,,,,,,,,,,,,,,,,,,,2522,17,2259,17,263,0,1,0,1,0,1,0,3709,28,3653,25,56,3,1,2,2,0,5,1,4661,29,4851,28,-190,1,1,2,2,0,7,1,6377,37,6796,30,-419,7,1,7,3,1,12,2,1,1
lol-game-116566854547769610,partial,,LPL,2026,,0,2026-07-30 10:15:00,2,16.14.794.5912,,Red,team,,,EDWARD GAMING,,,0,2337,19,32,54,19,32,0.488,1.309,,74914,,,1235,,162,,64,,,,,,,1,4,1,4,0,0,0,0,0,1,0,0,2,1,3,10,0,1,15316,346,14950,335,366,11,1,2,1,1,1,1,25689,541,25508,528,181,13,5,13,5,5,15,5,34130,753,36301,741,-2171,12,5,13,7,7,20,5,47231,888,51676,914,-4445,-26,11,27,16,16,40,11,1,1
lol-game-116566854547769613,partial,,LPL,2026,,0,2026-08-02 07:15:00,1,16.14.794.5912,1,Blue,top,Cube,,Xi'an Team WE,,Rumble,0,1681,1,6,3,12,28,,,0.2286,9221,329.1,0.1835,227,8.1,13,0.46,4,0.14,,,,,,,,,,,,,,,,,,,,,,,,3929,113,4462,112,-533,1,0,0,0,2,0,0,6075,163,6817,162,-742,1,1,0,0,3,0,0,7655,205,8831,207,-1176,-2,1,1,1,4,1,0,8794,224,11246,243,-2452,-19,1,3,4,5,3,0,1,1
lol-game-116566854547769613,partial,,LPL,2026,,0,2026-08-02 07:15:00,1,16.14.794.5912,2,Blue,jng,Monki,,Xi'an Team WE,,Naafiri,0,1681,2,7,7,12,28,,,0.2308,10755,383.9,0.214,211,7.53,7,0.25,8,0.29,,,,,,,,,,,,,,,,,,,,,,,,4032,92,3818,87,214,5,0,2,0,0,1,0,6481,132,5833,139,648,-7,2,3,1,0,1,0,8462,174,8321,186,141,-12,2,3,2,1,3,0,10056,199,11707,218,-1651,-19,2,7,5,3,12,2,1,1
lol-game-116566854547769613,partial,,LPL,2026,,0,2026-08-02 07:15:00,1,16.14.794.5912,3,Blue,mid,Karis,,Xi'an Team WE,,Ahri,0,1681,6,5,2,12,28,,,0.2391,12065,430.6,0.2401,245,8.74,6,0.21,8,0.29,,,,,,,,,,,,,,,,,,,,,,,,4576,116,3635,100,941,16,1,1,0,0,1,1,6322,171,5246,143,1076,28,1,2,0,0,2,3,8088,211,7521,191,567,20,2,2,1,1,4,3,11636,243,10929,225,707,18,6,2,3,5,8,3,1,1
lol-game-116566854547769613,partial,,LPL,2026,,0,2026-08-02 07:15:00,1,16.14.794.5912,4,Blue,bot,About,,Xi'an Team WE,,Varus,0,1681,3,5,3,12,28,,,0.2418,11292,403.0,0.2247,269,9.6,16,0.57,9,0.32,,,,,,,,,,,,,,,,,,,,,,,,3852,96,3986,92,-134,4,1,0,2,1,0,0,6523,159,6666,152,-143,7,2,1,2,1,0,1,8562,211,9042,202,-480,9,2,1,2,1,2,1,10625,260,12667,235,-2042,25,3,3,3,5,6,2,1,1
lol-game-116566854547769613,partial,,LPL,2026,,0,2026-08-02 07:15:00,1,16.14.794.5912,5,Blue,sup,Erha,,Xi'an Team WE,,Rakan,0,1681,0,5,9,12,28,,,0.0597,6918,246.9,0.1377,25,0.89,64,2.28,13,0.46,,,,,,,,,,,,,,,,,,,,,,,,2709,13,2403,24,306,-11,0,2,1,0,0,1,4025,17,3645,33,380,-16,0,5,1,0,1,2,5231,22,4880,37,351,-15,0,6,1,0,3,3,6326,25,6188,39,138,-14,0,9,3,0,9,5,1,1
lol-game-116566854547769613,partial,,LPL,2026,,0,2026-08-02 07:15:00,1,16.14.794.5912,,Blue,team,,,Xi'an Team WE,,,0,1681,12,28,24,12,28,0.428,1.428,,50251,,,977,,106,,42,,,,,,,0,4,0,4,0,0,0,0,0,0,0,0,0,1,2,8,0,1,19098,430,18304,415,794,15,2,5,3,3,2,2,29426,642,28207,629,1219,13,6,11,4,4,4,6,37998,823,38595,823,-597,0,7,13,7,7,13,7,47437,951,52737,960,-5300,-9,12,24,18,18,38,12,1,1
lol-game-116566854547769613,partial,,LPL,2026,,0,2026-08-02 07:15:00,1,16.14.794.5912,6,Red,top,Keshi,,THUNDER TALK GAMING,,K'Sante,1,1681,7,0,6,28,12,,,0.1687,12917,461.0,0.2046,250,8.92,12,0.43,7,0.25,,,,,,,,,,,,,,,,,,,,,,,,4462,112,3929,113,533,-1,2,0,0,0,0,0,6817,162,6075,163,742,-1,3,0,0,1,0,0,8831,207,7655,205,1176,2,4,1,0,1,1,1,11246,243,8794,224,2452,19,5,3,0,1,3,4,1,1
lol-game-116566854547769613,partial,,LPL,2026,,0,2026-08-02 07:15:00,1,16.14.794.5912,7,Red,jng,Junhao,,THUNDER TALK GAMING,,Jarvan IV,1,1681,3,2,22,28,12,,,0.175,13944,497.7,0.2209,238,8.49,7,0.25,11,0.39,,,,,,,,,,,,,,,,,,,,,,,,3818,87,4032,92,-214,-5,0,1,0,0,2,0,5833,139,6481,132,-648,7,0,1,0,2,3,1,8321,186,8462,174,-141,12,1,3,0,2,3,2,11707,218,10056,199,1651,19,3,12,2,2,7,5,1,1
lol-game-116566854547769613,partial,,LPL,2026,,0,2026-08-02 07:15:00,1,16.14.794.5912,8,Red,mid,Heru,,THUNDER TALK GAMING,,Ryze,1,1681,9,3,12,28,12,,,0.2546,13389,477.9,0.2121,244,8.71,9,0.32,8,0.29,,,,,,,,,,,,,,,,,,,,,,,,3635,100,4576,116,-941,-16,0,1,1,1,1,0,5246,143,6322,171,-1076,-28,0,2,3,1,2,0,7521,191,8088,211,-567,-20,1,4,3,2,2,1,10929,225,11636,243,-707,-18,5,8,3,6,2,3,1,1
lol-game-116566854547769613,partial,,LPL,2026,,0,2026-08-02 07:15:00,1,16.14.794.5912,9,Red,bot,Ahn,,THUNDER TALK GAMING,,Ziggs,1,1681,9,2,8,28,12,,,0.3568,15362,548.3,0.2433,251,8.96,21,0.75,7,0.25,,,,,,,,,,,,,,,,,,,,,,,,3986,92,3852,96,134,-4,1,0,0,1,0,2,6666,152,6523,159,143,-7,1,0,1,2,1,2,9042,202,8562,211,480,-9,1,2,1,2,1,2,12667,235,10625,260,2042,-25,5,6,2,3,3,3,1,1
lol-game-116566854547769613,partial,,LPL,2026,,0,2026-08-02 07:15:00,1,16.14.794.5912,10,Red,sup,Feather,,THUNDER TALK GAMING,,Shen,1,1681,0,5,15,28,12,,,0.0449,7516,268.3,0.1191,42,1.5,55,1.96,18,0.64,,,,,,,,,,,,,,,,,,,,,,,,2403,24,2709,13,-306,11,0,0,1,0,2,1,3645,33,4025,17,-380,16,0,1,2,0,5,1,4880,37,5231,22,-351,15,0,3,3,0,6,1,6188,39,6326,25,-138,14,0,9,5,0,9,3,1,1
lol-game-116566854547769613,partial,,LPL,2026,,0,2026-08-02 07:15:00,1,16.14.794.5912,,Red,team,,,THUNDER TALK GAMING,,,1,1681,28,12,63,28,12,0.999,1.428,,63128,,,1025,,104,,51,,,,,,,4,0,4,0,0,0,1,1,0,2,0,0,1,0,8,2,1,0,18304,415,19098,430,-794,-15,3,2,2,2,5,3,28207,629,29426,642,-1219,-13,4,4,6,6,11,4,38595,823,37998,823,597,0,7,13,7,7,13,7,52737,960,47437,951,5300,9,18,38,12,12,24,18,1,1
lol-game-116566854547769614,partial,,LPL,2026,,0,2026-08-02 08:15:00,2,16.14.794.5912,1,Blue,top,Keshi,,THUNDER TALK GAMING,,Vayne,0,1251,2,6,2,13,27,,,0.1977,10524,504.7,0.2059,243,11.65,12,0.58,5,0.24,,,,,,,,,,,,,,,,,,,,,,,,6492,156,6176,146,316,10,1,1,2,1,1,3,8925,202,8281,179,644,23,2,2,3,3,3,4,10389,242,10501,219,-112,23,2,2,5,4,5,4,,,,,,,,,,,,,1,1
lol-game-116566854547769614,partial,,LPL,2026,,0,2026-08-02 08:15:00,2,16.14.794.5912,2,Blue,jng,Junhao,,THUNDER TALK GAMING,,Xin Zhao,0,1251,6,5,3,13,27,,,0.2271,11897,570.6,0.2328,203,9.74,12,0.58,12,0.58,,,,,,,,,,,,,,,,,,,,,,,,7444,138,7508,140,-64,-2,4,1,2,3,3,1,10416,174,9478,189,938,-15,6,3,3,3,4,2,11792,203,12691,229,-899,-26,6,3,4,6,6,2,,,,,,,,,,,,,1,1
lol-game-116566854547769614,partial,,LPL,2026,,0,2026-08-02 08:15:00,2,16.14.794.5912,3,Blue,mid,Heru,,THUNDER TALK GAMING,,Annie,0,1251,3,6,6,13,27,,,0.2637,10958,525.6,0.2144,263,12.61,10,0.48,7,0.34,,,,,,,,,,,,,,,,,,,,,,,,6631,170,7835,177,-1204,-7,1,3,2,1,3,2,8756,228,10736,226,-1980,2,1,6,3,4,3,2,10839,262,14228,267,-3389,-5,3,6,5,5,10,2,,,,,,,,,,,,,1,1
lol-game-116566854547769614,partial,,LPL,2026,,0,2026-08-02 08:15:00,2,16.14.794.5912,4,Blue,bot,Ahn,,THUNDER TALK GAMING,,Ezreal,0,1251,2,5,2,13,27,,,0.2587,11048,529.9,0.2162,253,12.13,13,0.62,12,0.58,,,,,,,,,,,,,,,,,,,,,,,,6729,162,8772,185,-2043,-23,1,0,1,3,2,1,9169,210,11143,245,-1974,-35,2,1,2,3,5,2,10943,253,14948,300,-4005,-47,2,2,4,7,7,4,,,,,,,,,,,,,1,1
lol-game-116566854547769614,partial,,LPL,2026,,0,2026-08-02 08:15:00,2,16.14.794.5912,5,Blue,sup,Feather,,THUNDER TALK GAMING,,Seraphine,0,1251,0,5,6,13,27,,,0.0529,6678,320.3,0.1307,27,1.29,52,2.49,11,0.53,,,,,,,,,,,,,,,,,,,,,,,,4064,21,4774,18,-710,3,0,1,1,0,5,0,5278,26,6172,22,-894,4,0,4,2,0,9,1,6522,27,8239,25,-1717,2,0,6,4,0,17,1,,,,,,,,,,,,,1,1
lol-game-116566854547769614,partial,,LPL,2026,,0,2026-08-02 08:15:00,2,16.14.794.5912,,Blue,team,,,THUNDER TALK GAMING,,,0,1251,13,27,19,13,27,0.624,1.918,,51105,,,989,,99,,47,,,,,,,1,3,1,3,0,0,1,0,0,0,0,0,0,1,0,8,0,1,31360,647,35065,666,-3705,-19,7,6,8,8,14,7,42544,840,45810,861,-3266,-21,11,16,13,13,24,11,50485,987,60607,1040,-10122,-53,13,19,22,22,45,13,,,,,,,,,,,,,1,1
lol-game-116566854547769614,partial,,LPL,2026,,0,2026-08-02 08:15:00,2,16.14.794.5912,6,Red,top,Cube,,Xi'an Team WE,,Renekton,1,1251,5,4,5,27,13,,,0.1798,11382,545.9,0.1738,230,11.03,9,0.43,11,0.53,,,,,,,,,,,,,,,,,,,,,,,,6176,146,6492,156,-316,-10,1,1,3,1,1,2,8281,179,8925,202,-644,-23,3,3,4,2,2,3,10501,219,10389,242,112,-23,4,5,4,2,2,5,,,,,,,,,,,,,1,1
lol-game-116566854547769614,partial,,LPL,2026,,0,2026-08-02 08:15:00,2,16.14.794.5912,7,Red,jng,Monki,,Xi'an Team WE,,Vi,1,1251,7,2,6,27,13,,,0.1767,13384,641.9,0.2044,229,10.98,12,0.58,13,0.62,,,,,,,,,,,,,,,,,,,,,,,,7508,140,7444,138,64,2,3,3,1,4,1,2,9478,189,10416,174,-938,15,3,4,2,6,3,3,12691,229,11792,203,899,26,6,6,2,6,3,4,,,,,,,,,,,,,1,1
lol-game-116566854547769614,partial,,LPL,2026,,0,2026-08-02 08:15:00,2,16.14.794.5912,8,Red,mid,Karis,,Xi'an Team WE,,Twisted Fate,1,1251,5,2,12,27,13,,,0.2011,14832,711.4,0.2265,271,13.0,14,0.67,4,0.19,,,,,,,,,,,,,,,,,,,,,,,,7835,177,6631,170,1204,7,1,3,2,1,3,2,10736,226,8756,228,1980,-2,4,3,2,1,6,3,14228,267,10839,262,3389,5,5,10,2,3,6,5,,,,,,,,,,,,,1,1
lol-game-116566854547769614,partial,,LPL,2026,,0,2026-08-02 08:15:00,2,16.14.794.5912,9,Red,bot,About,,Xi'an Team WE,,Lucian,1,1251,10,4,8,27,13,,,0.3822,16708,801.3,0.2552,305,14.63,15,0.72,19,0.91,,,,,,,,,,,,,,,,,,,,,,,,8772,185,6729,162,2043,23,3,2,1,1,0,1,11143,245,9169,210,1974,35,3,5,2,2,1,2,14948,300,10943,253,4005,47,7,7,4,2,2,4,,,,,,,,,,,,,1,1
lol-game-116566854547769614,partial,,LPL,2026,,0,2026-08-02 08:15:00,2,16.14.794.5912,10,Red,sup,Erha,,Xi'an Team WE,,Milio,1,1251,0,1,22,27,13,,,0.0602,9173,440.0,0.1401,25,1.2,57,2.73,12,0.58,,,,,,,,,,,,,,,,,,,,,,,,4774,18,4064,21,710,-3,0,5,0,0,1,1,6172,22,5278,26,894,-4,0,9,1,0,4,2,8239,25,6522,27,1717,-2,0,17,1,0,6,4,,,,,,,,,,,,,1,1
lol-game-116566854547769614,partial,,LPL,2026,,0,2026-08-02 08:15:00,2,16.14.794.5912,,Red,team,,,Xi'an Team WE,,,1,1251,27,13,53,27,13,1.295,1.918,,65479,,,1060,,107,,59,,,,,,,3,1,3,1,0,0,1,0,1,1,0,0,1,0,8,0,1,0,35065,666,31360,647,3705,19,8,14,7,7,6,8,45810,861,42544,840,3266,21,13,24,11,11,16,13,60607,1040,50485,987,10122,53,22,45,13,13,19,22,,,,,,,,,,,,,1,1
lol-game-116566854547769615,partial,,LPL,2026,,0,2026-08-02 09:05:00,3,16.14.794.5912,1,Blue,top,Cube,,Xi'an Team WE,,Yorick,1,1844,6,0,9,22,9,,,0.3506,16156,525.7,0.2318,340,11.06,19,0.62,10,0.33,,,,,,,,,,,,,,,,,,,,,,,,5323,127,4433,115,890,12,2,0,0,0,0,2,6992,175,6300,153,692,22,3,0,0,0,2,2,9048,240,8590,223,458,17,3,0,0,0,2,2,11390,292,10559,263,831,29,4,2,0,1,3,3,1,1
lol-game-116566854547769615,partial,,LPL,2026,,0,2026-08-02 09:05:00,3,16.14.794.5912,2,Blue,jng,Monki,,Xi'an Team WE,,Pantheon,1,1844,4,4,11,22,9,,,0.1983,14049,457.1,0.2016,258,8.39,12,0.39,7,0.23,,,,,,,,,,,,,,,,,,,,,,,,5097,103,4571,100,526,3,1,3,1,0,2,2,6249,129,6313,139,-64,-10,1,3,2,0,5,2,8299,184,8128,178,171,6,1,3,2,0,5,2,10573,216,9866,214,707,2,3,4,3,0,7,3,1,1
lol-game-116566854547769615,partial,,LPL,2026,,0,2026-08-02 09:05:00,3,16.14.794.5912,3,Blue,mid,Karis,,Xi'an Team WE,,Sylas,1,1844,4,2,11,22,9,,,0.1535,14180,461.4,0.2035,304,9.89,8,0.26,9,0.29,,,,,,,,,,,,,,,,,,,,,,,,4844,117,4763,133,81,-16,1,3,1,0,1,0,6131,156,6244,176,-113,-20,1,3,2,0,4,0,8170,206,7911,223,259,-17,1,3,2,0,4,0,10626,259,9422,261,1204,-2,2,5,2,0,6,1,1,1
lol-game-116566854547769615,partial,,LPL,2026,,0,2026-08-02 09:05:00,3,16.14.794.5912,4,Blue,bot,About,,Xi'an Team WE,,Cassiopeia,1,1844,7,0,9,22,9,,,0.2419,16499,536.8,0.2367,321,10.44,16,0.52,13,0.42,,,,,,,,,,,,,,,,,,,,,,,,5770,117,5397,125,373,-8,3,1,0,1,0,1,7337,161,8119,165,-782,-4,3,2,0,4,0,1,9326,219,10184,223,-858,-4,3,2,0,4,0,1,11918,278,12680,272,-762,6,3,5,0,5,1,1,1,1
lol-game-116566854547769615,partial,,LPL,2026,,0,2026-08-02 09:05:00,3,16.14.794.5912,5,Blue,sup,Erha,,Xi'an Team WE,,Leona,1,1844,1,3,14,22,9,,,0.0558,8812,286.7,0.1264,37,1.2,71,2.31,18,0.59,,,,,,,,,,,,,,,,,,,,,,,,3118,21,3587,24,-469,-3,0,2,0,1,1,2,3910,23,4651,30,-741,-7,0,3,1,1,4,3,5019,27,5745,32,-726,-5,0,3,1,1,4,3,6265,28,6732,34,-467,-6,0,6,2,1,5,4,1,1
lol-game-116566854547769615,partial,,LPL,2026,,0,2026-08-02 09:05:00,3,16.14.794.5912,,Blue,team,,,Xi'an Team WE,,,1,1844,22,9,54,22,9,0.716,1.009,,69696,,,1260,,126,,57,,,,,,,4,0,4,0,1,1,0,0,0,2,0,0,1,0,10,1,2,0,24152,485,22751,497,1401,-12,7,9,2,2,4,7,30619,644,31627,663,-1008,-19,8,11,5,5,15,8,39862,876,40558,879,-696,-3,8,11,5,5,15,8,50772,1073,49259,1044,1513,29,12,22,7,7,22,12,1,1
lol-game-116566854547769615,partial,,LPL,2026,,0,2026-08-02 09:05:00,3,16.14.794.5912,6,Red,top,Keshi,,THUNDER TALK GAMING,,Gnar,0,1844,2,5,3,9,22,,,0.2627,12338,401.5,0.2141,296,9.63,15,0.49,4,0.13,,,,,,,,,,,,,,,,,,,,,,,,4433,115,5323,127,-890,-12,0,0,2,2,0,0,6300,153,6992,175,-692,-22,0,2,2,3,0,0,8590,223,9048,240,-458,-17,0,2,2,3,0,0,10559,263,11390,292,-831,-29,1,3,3,4,2,0,1,1
lol-game-116566854547769615,partial,,LPL,2026,,0,2026-08-02 09:05:00,3,16.14.794.5912,7,Red,jng,Junhao,,THUNDER TALK GAMING,,Wukong,0,1844,1,5,8,9,22,,,0.1557,11679,380.0,0.2027,232,7.55,8,0.26,18,0.59,,,,,,,,,,,,,,,,,,,,,,,,4571,100,5097,103,-526,-3,0,2,2,1,3,1,6313,139,6249,129,64,10,0,5,2,1,3,2,8128,178,8299,184,-171,-6,0,5,2,1,3,2,9866,214,10573,216,-707,-2,0,7,3,3,4,3,1,1
lol-game-116566854547769615,partial,,LPL,2026,,0,2026-08-02 09:05:00,3,16.14.794.5912,8,Red,mid,Heru,,THUNDER TALK GAMING,,Galio,0,1844,0,2,8,9,22,,,0.208,11402,371.0,0.1979,311,10.12,12,0.39,11,0.36,,,,,,,,,,,,,,,,,,,,,,,,4763,133,4844,117,-81,16,0,1,0,1,3,1,6244,176,6131,156,113,20,0,4,0,1,3,2,7911,223,8170,206,-259,17,0,4,0,1,3,2,9422,261,10626,259,-1204,2,0,6,1,2,5,2,1,1
lol-game-116566854547769615,partial,,LPL,2026,,0,2026-08-02 09:05:00,3,16.14.794.5912,9,Red,bot,Ahn,,THUNDER TALK GAMING,,Syndra,0,1844,5,4,3,9,22,,,0.3322,14309,465.6,0.2483,292,9.5,15,0.49,9,0.29,,,,,,,,,,,,,,,,,,,,,,,,5397,125,5770,117,-373,8,1,0,1,3,1,0,8119,165,7337,161,782,4,4,0,1,3,2,0,10184,223,9326,219,858,4,4,0,1,3,2,0,12680,272,11918,278,762,-6,5,1,1,3,5,0,1,1
lol-game-116566854547769615,partial,,LPL,2026,,0,2026-08-02 09:05:00,3,16.14.794.5912,10,Red,sup,Feather,,THUNDER TALK GAMING,,Nautilus,0,1844,1,6,7,9,22,,,0.0413,7896,256.9,0.137,36,1.17,72,2.34,14,0.46,,,,,,,,,,,,,,,,,,,,,,,,3587,24,3118,21,469,3,1,1,2,0,2,0,4651,30,3910,23,741,7,1,4,3,0,3,1,5745,32,5019,27,726,5,1,4,3,0,3,1,6732,34,6265,28,467,6,1,5,4,0,6,2,1,1
lol-game-116566854547769615,partial,,LPL,2026,,0,2026-08-02 09:05:00,3,16.14.794.5912,,Red,team,,,THUNDER TALK GAMING,,,0,1844,9,22,29,9,22,0.293,1.009,,57624,,,1167,,122,,56,,,,,,,0,4,0,4,0,0,0,0,0,0,0,0,0,1,1,10,0,2,22751,497,24152,485,-1401,12,2,4,7,7,9,2,31627,663,30619,644,1008,19,5,15,8,8,11,5,40558,879,39862,876,696,3,5,15,8,8,11,5,49259,1044,50772,1073,-1513,-29,7,22,12,12,22,7,1,1
lol-game-116566854547769617,partial,,LPL,2026,,0,2026-07-23 09:15:00,1,16.14.794.5912,1,Blue,top,Xiaoxu,,Beijing JDG Esports,,Gnar,1,1765,1,0,6,10,7,,,0.2157,13501,459.0,0.2258,316,10.74,17,0.58,4,0.14,,,,,,,,,,,,,,,,,,,,,,,,3691,103,3073,75,618,28,0,0,0,0,0,0,6129,155,5114,125,1015,30,1,0,0,1,0,1,8172,222,6953,177,1219,45,1,0,0,1,0,1,10759,272,8330,215,2429,57,1,2,0,1,0,2,1,1
lol-game-116566854547769617,partial,,LPL,2026,,0,2026-07-23 09:15:00,1,16.14.794.5912,2,Blue,jng,JunJia,,Beijing JDG Esports,,Lee Sin,1,1765,1,1,7,10,7,,,0.1504,12387,421.1,0.2072,248,8.43,18,0.61,11,0.37,,,,,,,,,,,,,,,,,,,,,,,,3777,94,4236,77,-459,17,0,0,0,1,2,0,5940,132,6177,117,-237,15,0,2,0,1,3,0,7888,181,8141,166,-253,15,0,2,0,1,3,0,9766,217,9887,212,-121,5,0,3,0,1,3,1,1,1
lol-game-116566854547769617,partial,,LPL,2026,,0,2026-07-23 09:15:00,1,16.14.794.5912,3,Blue,mid,HongQ,,Beijing JDG Esports,,Syndra,1,1765,2,4,6,10,7,,,0.3258,11341,385.5,0.1897,249,8.46,19,0.65,4,0.14,,,,,,,,,,,,,,,,,,,,,,,,3431,90,3744,108,-313,-18,0,0,1,0,1,0,5513,131,5946,160,-433,-29,1,0,3,1,1,1,6912,169,7917,214,-1005,-45,1,0,3,1,1,1,8693,210,9459,255,-766,-45,1,1,3,1,1,1,1,1
lol-game-116566854547769617,partial,,LPL,2026,,0,2026-07-23 09:15:00,1,16.14.794.5912,4,Blue,bot,GALA,,Beijing JDG Esports,,Jhin,1,1765,6,1,2,10,7,,,0.244,14581,495.7,0.2439,288,9.79,11,0.37,2,0.07,,,,,,,,,,,,,,,,,,,,,,,,3395,91,3970,100,-575,-9,0,0,1,1,0,0,5591,148,6516,164,-925,-16,0,0,1,1,0,0,7416,203,8765,230,-1349,-27,0,0,1,1,0,0,10650,252,10693,284,-43,-32,2,0,1,1,0,0,1,1
lol-game-116566854547769617,partial,,LPL,2026,,0,2026-07-23 09:15:00,1,16.14.794.5912,5,Blue,sup,Vampire,,Beijing JDG Esports,,Shen,1,1765,0,1,7,10,7,,,0.064,7979,271.2,0.1335,49,1.67,76,2.58,22,0.75,,,,,,,,,,,,,,,,,,,,,,,,2295,22,2825,12,-530,10,0,0,1,1,1,0,3744,33,4165,17,-421,16,0,2,1,1,2,0,4791,39,5248,18,-457,21,0,2,1,1,2,0,6223,46,6370,24,-147,22,0,3,1,1,2,0,1,1
lol-game-116566854547769617,partial,,LPL,2026,,0,2026-07-23 09:15:00,1,16.14.794.5912,,Blue,team,,,Beijing JDG Esports,,,1,1765,10,7,28,10,7,0.34,0.578,,59789,,,1150,,141,,43,,,,,,,2,3,2,3,0,0,2,0,0,0,0,0,1,0,8,3,1,0,16589,400,17848,372,-1259,28,0,0,3,3,4,0,26917,599,27918,583,-1001,16,2,4,5,5,6,2,35179,814,37024,805,-1845,9,2,4,5,5,6,2,46091,997,44739,990,1352,7,4,9,5,5,6,4,1,1
lol-game-116566854547769617,partial,,LPL,2026,,0,2026-07-23 09:15:00,1,16.14.794.5912,6,Red,top,Breathe,,Anyone's Legend,,Ambessa,0,1765,1,3,0,7,10,,,0.1463,9759,331.8,0.1844,251,8.53,8,0.27,5,0.17,,,,,,,,,,,,,,,,,,,,,,,,3073,75,3691,103,-618,-28,0,0,0,0,0,0,5114,125,6129,155,-1015,-30,1,0,1,1,0,0,6953,177,8172,222,-1219,-45,1,0,1,1,0,0,8330,215,10759,272,-2429,-57,1,0,2,1,2,0,1,1
lol-game-116566854547769617,partial,,LPL,2026,,0,2026-07-23 09:15:00,1,16.14.794.5912,7,Red,jng,Tarzan,,Anyone's Legend,,Naafiri,0,1765,1,2,3,7,10,,,0.1709,11192,380.5,0.2114,240,8.16,8,0.27,9,0.31,,,,,,,,,,,,,,,,,,,,,,,,4236,77,3777,94,459,-17,1,2,0,0,0,0,6177,117,5940,132,237,-15,1,3,0,0,2,0,8141,166,7888,181,253,-15,1,3,0,0,2,0,9887,212,9766,217,121,-5,1,3,1,0,3,0,1,1
lol-game-116566854547769617,partial,,LPL,2026,,0,2026-07-23 09:15:00,1,16.14.794.5912,8,Red,mid,Shanks,,Anyone's Legend,,Cassiopeia,0,1765,1,3,3,7,10,,,0.2106,10945,372.1,0.2068,279,9.48,15,0.51,5,0.17,,,,,,,,,,,,,,,,,,,,,,,,3744,108,3431,90,313,18,0,1,0,0,0,1,5946,160,5513,131,433,29,1,1,1,1,0,3,7917,214,6912,169,1005,45,1,1,1,1,0,3,9459,255,8693,210,766,45,1,1,1,1,1,3,1,1
lol-game-116566854547769617,partial,,LPL,2026,,0,2026-07-23 09:15:00,1,16.14.794.5912,9,Red,bot,Hope,,Anyone's Legend,,Ziggs,0,1765,3,1,0,7,10,,,0.357,13549,460.6,0.256,311,10.57,16,0.54,9,0.31,,,,,,,,,,,,,,,,,,,,,,,,3970,100,3395,91,575,9,1,0,0,0,0,1,6516,164,5591,148,925,16,1,0,0,0,0,1,8765,230,7416,203,1349,27,1,0,0,0,0,1,10693,284,10650,252,43,32,1,0,0,2,0,1,1,1
lol-game-116566854547769617,partial,,LPL,2026,,0,2026-07-23 09:15:00,1,16.14.794.5912,10,Red,sup,Kael,,Anyone's Legend,,Camille,0,1765,1,1,3,7,10,,,0.1152,7485,254.4,0.1414,30,1.02,67,2.28,18,0.61,,,,,,,,,,,,,,,,,,,,,,,,2825,12,2295,22,530,-10,1,1,0,0,0,1,4165,17,3744,33,421,-16,1,2,0,0,2,1,5248,18,4791,39,457,-21,1,2,0,0,2,1,6370,24,6223,46,147,-22,1,2,0,0,3,1,1,1
lol-game-116566854547769617,partial,,LPL,2026,,0,2026-07-23 09:15:00,1,16.14.794.5912,,Red,team,,,Anyone's Legend,,,0,1765,7,10,9,7,10,0.238,0.578,,52930,,,1111,,114,,46,,,,,,,3,2,3,2,1,0,1,0,1,0,0,0,0,1,3,8,0,1,17848,372,16589,400,1259,-28,3,4,0,0,0,3,27918,583,26917,599,1001,-16,5,6,2,2,4,5,37024,805,35179,814,1845,-9,5,6,2,2,4,5,44739,990,46091,997,-1352,-7,5,6,4,4,9,5,1,1
lol-game-116566854547769618,partial,,LPL,2026,,0,2026-07-23 10:15:00,2,16.14.794.5912,1,Blue,top,Xiaoxu,,Beijing JDG Esports,,Rumble,0,1730,4,4,3,7,20,,,0.2753,15247,528.8,0.2274,329,11.41,21,0.73,4,0.14,,,,,,,,,,,,,,,,,,,,,,,,5904,169,6460,156,-556,13,0,0,2,2,1,0,8579,216,8105,197,474,19,1,0,2,2,2,1,11943,279,9955,255,1988,24,3,0,2,2,2,1,14078,305,11479,272,2599,33,4,3,3,3,2,2,1,1
lol-game-116566854547769618,partial,,LPL,2026,,0,2026-07-23 10:15:00,2,16.14.794.5912,2,Blue,jng,JunJia,,Beijing JDG Esports,,Jarvan IV,0,1730,0,4,6,7,20,,,0.1221,11901,412.8,0.1775,249,8.64,15,0.52,27,0.94,,,,,,,,,,,,,,,,,,,,,,,,5641,124,7222,132,-1581,-8,0,0,2,3,6,0,7196,152,9389,178,-2193,-26,0,1,3,3,7,0,8773,183,11685,235,-2912,-52,0,3,3,3,8,0,11101,239,13654,268,-2553,-29,0,6,3,4,8,1,1,1
lol-game-116566854547769618,partial,,LPL,2026,,0,2026-07-23 10:15:00,2,16.14.794.5912,3,Blue,mid,HongQ,,Beijing JDG Esports,,Viktor,0,1730,2,3,5,7,20,,,0.3619,15803,548.1,0.2357,360,12.49,23,0.8,8,0.28,,,,,,,,,,,,,,,,,,,,,,,,6790,177,6241,154,549,23,0,0,1,2,3,0,8984,235,8411,212,573,23,0,1,1,2,3,0,10826,285,11142,253,-316,32,0,3,2,4,3,0,14637,333,13244,287,1393,46,2,5,2,5,4,2,1,1
lol-game-116566854547769618,partial,,LPL,2026,,0,2026-07-23 10:15:00,2,16.14.794.5912,4,Blue,bot,GALA,,Beijing JDG Esports,,Caitlyn,0,1730,1,5,2,7,20,,,0.1704,14973,519.3,0.2233,356,12.35,9,0.31,24,0.83,,,,,,,,,,,,,,,,,,,,,,,,6381,170,6692,146,-311,24,0,0,2,2,2,0,8478,233,9549,210,-1071,23,0,0,2,3,2,0,10431,282,11624,267,-1193,15,0,1,3,3,2,1,13450,322,14033,319,-583,3,1,2,4,3,3,1,1,1
lol-game-116566854547769618,partial,,LPL,2026,,0,2026-07-23 10:15:00,2,16.14.794.5912,5,Blue,sup,Vampire,,Beijing JDG Esports,,Lux,0,1730,0,4,5,7,20,,,0.0703,9119,316.3,0.136,52,1.8,79,2.74,30,1.04,,,,,,,,,,,,,,,,,,,,,,,,4519,31,4540,30,-21,1,0,0,2,0,8,0,5682,39,5726,33,-44,6,0,0,2,0,9,0,6873,45,6990,38,-117,7,0,2,2,0,10,1,8242,49,8398,42,-156,7,0,5,3,0,12,1,1,1
lol-game-116566854547769618,partial,,LPL,2026,,0,2026-07-23 10:15:00,2,16.14.794.5912,,Blue,team,,,Beijing JDG Esports,,,0,1730,7,20,21,7,20,0.243,0.936,,67043,,,1346,,147,,93,,,,,,,2,3,2,3,0,0,1,1,0,0,0,0,0,1,3,7,0,1,29235,671,31155,618,-1920,53,0,0,9,9,20,0,38919,875,41180,830,-2261,45,1,2,10,10,23,1,48846,1074,51396,1048,-2550,26,3,9,12,12,25,3,61508,1248,60808,1188,700,60,7,21,15,15,29,7,1,1
lol-game-116566854547769618,partial,,LPL,2026,,0,2026-07-23 10:15:00,2,16.14.794.5912,6,Red,top,Breathe,,Anyone's Legend,,Ornn,1,1730,3,2,5,20,7,,,0.0986,12717,441.1,0.179,289,10.02,26,0.9,4,0.14,,,,,,,,,,,,,,,,,,,,,,,,6460,156,5904,169,556,-13,2,1,0,0,0,2,8105,197,8579,216,-474,-19,2,2,1,1,0,2,9955,255,11943,279,-1988,-24,2,2,1,3,0,2,11479,272,14078,305,-2599,-33,3,2,2,4,3,3,1,1
lol-game-116566854547769618,partial,,LPL,2026,,0,2026-07-23 10:15:00,2,16.14.794.5912,7,Red,jng,Tarzan,,Anyone's Legend,,Vi,1,1730,4,1,13,20,7,,,0.201,15502,537.6,0.2182,290,10.06,13,0.45,20,0.69,,,,,,,,,,,,,,,,,,,,,,,,7222,132,5641,124,1581,8,3,6,0,0,0,2,9389,178,7196,152,2193,26,3,7,0,0,1,3,11685,235,8773,183,2912,52,3,8,0,0,3,3,13654,268,11101,239,2553,29,4,8,1,0,6,3,1,1
lol-game-116566854547769618,partial,,LPL,2026,,0,2026-07-23 10:15:00,2,16.14.794.5912,8,Red,mid,Shanks,,Anyone's Legend,,Sylas,1,1730,10,2,4,20,7,,,0.3575,16757,581.2,0.2359,319,11.06,17,0.59,10,0.35,,,,,,,,,,,,,,,,,,,,,,,,6241,154,6790,177,-549,-23,2,3,0,0,0,1,8411,212,8984,235,-573,-23,2,3,0,0,1,1,11142,253,10826,285,316,-32,4,3,0,0,3,2,13244,287,14637,333,-1393,-46,5,4,2,2,5,2,1,1
lol-game-116566854547769618,partial,,LPL,2026,,0,2026-07-23 10:15:00,2,16.14.794.5912,9,Red,bot,Hope,,Anyone's Legend,,Lucian,1,1730,3,1,6,20,7,,,0.2644,16501,572.3,0.2323,357,12.38,23,0.8,15,0.52,,,,,,,,,,,,,,,,,,,,,,,,6692,146,6381,170,311,-24,2,2,0,0,0,2,9549,210,8478,233,1071,-23,3,2,0,0,0,2,11624,267,10431,282,1193,-15,3,2,1,0,1,3,14033,319,13450,322,583,-3,3,3,1,1,2,4,1,1
lol-game-116566854547769618,partial,,LPL,2026,,0,2026-07-23 10:15:00,2,16.14.794.5912,10,Red,sup,Kael,,Anyone's Legend,,Milio,1,1730,0,1,17,20,7,,,0.0784,9558,331.5,0.1346,43,1.49,86,2.98,20,0.69,,,,,,,,,,,,,,,,,,,,,,,,4540,30,4519,31,21,-1,0,8,0,0,0,2,5726,33,5682,39,44,-6,0,9,0,0,0,2,6990,38,6873,45,117,-7,0,10,1,0,2,2,8398,42,8242,49,156,-7,0,12,1,0,5,3,1,1
lol-game-116566854547769618,partial,,LPL,2026,,0,2026-07-23 10:15:00,2,16.14.794.5912,,Red,team,,,Anyone's Legend,,,1,1730,20,7,45,20,7,0.694,0.936,,71035,,,1298,,165,,69,,,,,,,3,2,3,2,1,0,0,2,0,0,0,0,1,0,7,3,1,0,31155,618,29235,671,1920,-53,9,20,0,0,0,9,41180,830,38919,875,2261,-45,10,23,1,1,2,10,51396,1048,48846,1074,2550,-26,12,25,3,3,9,12,60808,1188,61508,1248,-700,-60,15,29,7,7,21,15,1,1
lol-game-116566854547769619,partial,,LPL,2026,,0,2026-07-23 11:15:00,3,16.14.794.5912,1,Blue,top,Xiaoxu,,Beijing JDG Esports,,Jayce,1,2941,2,5,6,14,25,,,0.2241,21944,447.7,0.2091,467,9.53,30,0.61,11,0.22,,,,,,,,,,,,,,,,,,,,,,,,6819,189,6615,173,204,16,0,1,0,2,1,0,8749,242,8875,225,-126,17,0,1,0,2,1,0,10563,294,10418,266,145,28,0,1,0,2,1,0,12350,337,11610,290,740,47,0,1,0,2,1,0,1,1
lol-game-116566854547769619,partial,,LPL,2026,,0,2026-07-23 11:15:00,3,16.14.794.5912,2,Blue,jng,JunJia,,Beijing JDG Esports,,Poppy,1,2941,0,8,10,14,25,,,0.0899,17108,349.0,0.163,292,5.96,25,0.51,34,0.69,,,,,,,,,,,,,,,,,,,,,,,,6045,137,6675,137,-630,0,0,1,4,0,5,0,7600,168,8935,186,-1335,-18,0,1,4,0,5,0,9232,207,11174,235,-1942,-28,0,1,4,0,5,0,10586,233,13233,283,-2647,-50,0,1,4,0,5,0,1,1
lol-game-116566854547769619,partial,,LPL,2026,,0,2026-07-23 11:15:00,3,16.14.794.5912,3,Blue,mid,HongQ,,Beijing JDG Esports,,Mel,1,2941,9,2,2,14,25,,,0.3038,24450,498.8,0.233,488,9.96,35,0.71,16,0.33,,,,,,,,,,,,,,,,,,,,,,,,7354,180,6398,161,956,19,2,0,0,2,3,1,9243,239,8407,218,836,21,2,0,0,2,3,1,11005,290,9968,259,1037,31,2,0,0,2,3,1,12922,341,11510,291,1412,50,2,0,0,2,3,1,1,1
lol-game-116566854547769619,partial,,LPL,2026,,0,2026-07-23 11:15:00,3,16.14.794.5912,4,Blue,bot,GALA,,Beijing JDG Esports,,Sivir,1,2941,3,2,8,14,25,,,0.3467,27995,571.1,0.2668,599,12.22,15,0.31,30,0.61,,,,,,,,,,,,,,,,,,,,,,,,6857,164,8174,184,-1317,-20,0,1,1,3,2,0,9032,232,10756,255,-1724,-23,0,1,1,3,2,0,11123,295,13039,321,-1916,-26,0,1,1,3,2,0,13749,366,15359,380,-1610,-14,0,1,1,3,2,0,1,1
lol-game-116566854547769619,partial,,LPL,2026,,0,2026-07-23 11:15:00,3,16.14.794.5912,5,Blue,sup,Vampire,,Beijing JDG Esports,,Alistar,1,2941,0,8,8,14,25,,,0.0354,13446,274.3,0.1281,50,1.02,155,3.16,26,0.53,,,,,,,,,,,,,,,,,,,,,,,,4124,32,4338,29,-214,3,0,2,2,0,5,1,5296,37,5535,35,-239,2,0,2,2,0,5,1,6383,39,6613,39,-230,0,0,2,2,0,5,1,7487,41,7787,47,-300,-6,0,2,2,0,5,1,1,1
lol-game-116566854547769619,partial,,LPL,2026,,0,2026-07-23 11:15:00,3,16.14.794.5912,,Blue,team,,,Beijing JDG Esports,,,1,2941,14,25,34,14,25,0.286,0.796,,104943,,,1896,,260,,117,,,,,,,2,6,1,4,0,0,0,1,0,0,1,2,2,1,9,9,3,1,31199,702,32200,684,-1001,18,2,5,7,7,16,2,39920,918,42508,919,-2588,-1,2,5,7,7,16,2,48306,1125,51212,1120,-2906,5,2,5,7,7,16,2,57094,1318,59499,1291,-2405,27,2,5,7,7,16,2,1,1
lol-game-116566854547769619,partial,,LPL,2026,,0,2026-07-23 11:15:00,3,16.14.794.5912,6,Red,top,Breathe,,Anyone's Legend,,K'Sante,0,2941,7,1,9,25,14,,,0.1318,20508,418.4,0.1893,401,8.18,26,0.53,24,0.49,,,,,,,,,,,,,,,,,,,,,,,,6615,173,6819,189,-204,-16,2,1,0,0,1,0,8875,225,8749,242,126,-17,2,1,0,0,1,0,10418,266,10563,294,-145,-28,2,1,0,0,1,0,11610,290,12350,337,-740,-47,2,1,0,0,1,0,1,1
lol-game-116566854547769619,partial,,LPL,2026,,0,2026-07-23 11:15:00,3,16.14.794.5912,7,Red,jng,Tarzan,,Anyone's Legend,,Qiyana,0,2941,2,3,14,25,14,,,0.1761,24135,492.4,0.2227,440,8.98,11,0.22,34,0.69,,,,,,,,,,,,,,,,,,,,,,,,6675,137,6045,137,630,0,0,5,0,0,1,4,8935,186,7600,168,1335,18,0,5,0,0,1,4,11174,235,9232,207,1942,28,0,5,0,0,1,4,13233,283,10586,233,2647,50,0,5,0,0,1,4,1,1
lol-game-116566854547769619,partial,,LPL,2026,,0,2026-07-23 11:15:00,3,16.14.794.5912,8,Red,mid,Shanks,,Anyone's Legend,,Annie,0,2941,7,3,13,25,14,,,0.2415,21187,432.2,0.1955,426,8.69,29,0.59,12,0.24,,,,,,,,,,,,,,,,,,,,,,,,6398,161,7354,180,-956,-19,2,3,1,2,0,0,8407,218,9243,239,-836,-21,2,3,1,2,0,0,9968,259,11005,290,-1037,-31,2,3,1,2,0,0,11510,291,12922,341,-1412,-50,2,3,1,2,0,0,1,1
lol-game-116566854547769619,partial,,LPL,2026,,0,2026-07-23 11:15:00,3,16.14.794.5912,9,Red,bot,Hope,,Anyone's Legend,,Varus,0,2941,9,2,7,25,14,,,0.3513,28004,571.3,0.2584,581,11.85,31,0.63,17,0.35,,,,,,,,,,,,,,,,,,,,,,,,8174,184,6857,164,1317,20,3,2,0,0,1,1,10756,255,9032,232,1724,23,3,2,0,0,1,1,13039,321,11123,295,1916,26,3,2,0,0,1,1,15359,380,13749,366,1610,14,3,2,0,0,1,1,1,1
lol-game-116566854547769619,partial,,LPL,2026,,0,2026-07-23 11:15:00,3,16.14.794.5912,10,Red,sup,Kael,,Anyone's Legend,,Neeko,0,2941,0,5,18,25,14,,,0.0993,14520,296.2,0.134,85,1.73,139,2.84,44,0.9,,,,,,,,,,,,,,,,,,,,,,,,4338,29,4124,32,214,-3,0,5,1,0,2,2,5535,35,5296,37,239,-2,0,5,1,0,2,2,6613,39,6383,39,230,0,0,5,1,0,2,2,7787,47,7487,41,300,6,0,5,1,0,2,2,1,1
lol-game-116566854547769619,partial,,LPL,2026,,0,2026-07-23 11:15:00,3,16.14.794.5912,,Red,team,,,Anyone's Legend,,,0,2941,25,14,61,25,14,0.51,0.796,,108354,,,1933,,236,,131,,,,,,,6,2,4,1,0,1,0,2,1,0,2,1,1,2,9,9,1,3,32200,684,31199,702,1001,-18,7,16,2,2,5,7,42508,919,39920,918,2588,1,7,16,2,2,5,7,51212,1120,48306,1125,2906,-5,7,16,2,2,5,7,59499,1291,57094,1318,2405,-27,7,16,2,2,5,7,1,1
lol-game-116566854547769621,partial,,LPL,2026,,0,2026-07-24 07:15:00,1,16.14.794.5912,1,Blue,top,Burdol,,LGD GAMING,,Ambessa,0,1698,2,2,3,10,14,,,0.3054,11181,395.1,0.201,245,8.66,13,0.46,12,0.42,,,,,,,,,,,,,,,,,,,,,,,,4038,95,3968,93,70,2,0,3,1,0,4,2,5963,150,5609,141,354,9,0,3,1,0,4,2,7574,190,7695,196,-121,-6,1,3,1,0,4,2,10145,230,9992,243,153,-13,2,3,2,2,5,2,1,1
lol-game-116566854547769621,partial,,LPL,2026,,0,2026-07-24 07:15:00,1,16.14.794.5912,2,Blue,jng,Heng,,LGD GAMING,,Qiyana,0,1698,3,6,4,10,14,,,0.1874,12594,445.0,0.2265,234,8.27,10,0.35,15,0.53,,,,,,,,,,,,,,,,,,,,,,,,5205,83,5438,100,-233,-17,2,3,3,4,1,0,7112,126,7709,151,-597,-25,2,3,4,5,2,0,8849,167,9616,196,-767,-29,2,3,4,5,2,0,11108,208,11445,237,-337,-29,2,4,5,5,4,1,1,1
lol-game-116566854547769621,partial,,LPL,2026,,0,2026-07-24 07:15:00,1,16.14.794.5912,3,Blue,mid,Tangyuan,,LGD GAMING,,Syndra,0,1698,3,2,4,10,14,,,0.2599,11609,410.2,0.2087,302,10.67,14,0.49,9,0.32,,,,,,,,,,,,,,,,,,,,,,,,4655,113,5004,110,-349,3,2,3,1,2,4,1,6746,175,7002,171,-256,4,2,3,1,2,5,1,8534,222,8996,222,-462,0,3,3,1,2,5,1,10301,279,10664,266,-363,13,3,3,1,2,8,1,1,1
lol-game-116566854547769621,partial,,LPL,2026,,0,2026-07-24 07:15:00,1,16.14.794.5912,4,Blue,bot,Shaoye,,LGD GAMING,,Jhin,0,1698,1,0,4,10,14,,,0.1887,12788,451.9,0.2299,293,10.35,15,0.53,7,0.25,,,,,,,,,,,,,,,,,,,,,,,,4219,103,4330,118,-111,-15,1,1,0,0,0,0,6988,160,7756,188,-768,-28,1,1,0,1,0,0,9441,225,10005,250,-564,-25,1,3,0,1,0,0,11577,273,12250,305,-673,-32,1,3,0,1,3,0,1,1
lol-game-116566854547769621,partial,,LPL,2026,,0,2026-07-24 07:15:00,1,16.14.794.5912,5,Blue,sup,Crisp,,LGD GAMING,,Shen,0,1698,1,4,8,10,14,,,0.0587,7442,263.0,0.1338,30,1.06,74,2.61,15,0.53,,,,,,,,,,,,,,,,,,,,,,,,3132,14,3418,18,-286,-4,1,4,2,1,4,3,4153,20,4677,25,-524,-5,1,4,3,1,6,3,5330,24,6001,29,-671,-5,1,6,3,1,6,5,6517,29,7396,32,-879,-3,1,7,4,2,6,5,1,1
lol-game-116566854547769621,partial,,LPL,2026,,0,2026-07-24 07:15:00,1,16.14.794.5912,,Blue,team,,,LGD GAMING,,,0,1698,10,14,23,10,14,0.353,0.848,,55614,,,1104,,126,,58,,,,,,,2,3,2,3,0,0,0,0,2,0,0,0,0,1,0,7,0,1,21249,408,22158,439,-909,-31,6,14,7,7,13,6,30962,631,32753,676,-1791,-45,6,14,9,9,17,6,39728,828,42313,893,-2585,-65,8,18,9,9,17,8,49648,1019,51747,1083,-2099,-64,9,20,12,12,26,9,1,1
lol-game-116566854547769621,partial,,LPL,2026,,0,2026-07-24 07:15:00,1,16.14.794.5912,6,Red,top,Breathe,,Anyone's Legend,,Gnar,1,1698,2,2,5,14,10,,,0.2143,11346,400.9,0.1901,254,8.98,18,0.64,10,0.35,,,,,,,,,,,,,,,,,,,,,,,,3968,93,4038,95,-70,-2,0,4,2,0,3,1,5609,141,5963,150,-354,-9,0,4,2,0,3,1,7695,196,7574,190,121,6,0,4,2,1,3,1,9992,243,10145,230,-153,13,2,5,2,2,3,2,1,1
lol-game-116566854547769621,partial,,LPL,2026,,0,2026-07-24 07:15:00,1,16.14.794.5912,7,Red,jng,Tarzan,,Anyone's Legend,,Naafiri,1,1698,5,1,5,14,10,,,0.127,12899,455.8,0.2162,254,8.98,5,0.18,10,0.35,,,,,,,,,,,,,,,,,,,,,,,,5438,100,5205,83,233,17,4,1,0,2,3,3,7709,151,7112,126,597,25,5,2,0,2,3,4,9616,196,8849,167,767,29,5,2,0,2,3,4,11445,237,11108,208,337,29,5,4,1,2,4,5,1,1
lol-game-116566854547769621,partial,,LPL,2026,,0,2026-07-24 07:15:00,1,16.14.794.5912,8,Red,mid,Shanks,,Anyone's Legend,,Orianna,1,1698,3,1,9,14,10,,,0.2265,12528,442.7,0.2099,287,10.14,15,0.53,12,0.42,,,,,,,,,,,,,,,,,,,,,,,,5004,110,4655,113,349,-3,2,4,1,2,3,1,7002,171,6746,175,256,-4,2,5,1,2,3,1,8996,222,8534,222,462,0,2,5,1,3,3,1,10664,266,10301,279,363,-13,2,8,1,3,3,1,1,1
lol-game-116566854547769621,partial,,LPL,2026,,0,2026-07-24 07:15:00,1,16.14.794.5912,9,Red,bot,Hope,,Anyone's Legend,,Ziggs,1,1698,2,0,4,14,10,,,0.3025,14312,505.7,0.2398,329,11.63,21,0.74,3,0.11,,,,,,,,,,,,,,,,,,,,,,,,4330,118,4219,103,111,15,0,0,0,1,1,0,7756,188,6988,160,768,28,1,0,0,1,1,0,10005,250,9441,225,564,25,1,0,0,1,3,0,12250,305,11577,273,673,32,1,3,0,1,3,0,1,1
lol-game-116566854547769621,partial,,LPL,2026,,0,2026-07-24 07:15:00,1,16.14.794.5912,10,Red,sup,Kael,,Anyone's Legend,,Camille,1,1698,2,6,8,14,10,,,0.1297,8588,303.5,0.1439,34,1.2,76,2.69,21,0.74,,,,,,,,,,,,,,,,,,,,,,,,3418,18,3132,14,286,4,1,4,3,1,4,2,4677,25,4153,20,524,5,1,6,3,1,4,3,6001,29,5330,24,671,5,1,6,5,1,6,3,7396,32,6517,29,879,3,2,6,5,1,7,4,1,1
lol-game-116566854547769621,partial,,LPL,2026,,0,2026-07-24 07:15:00,1,16.14.794.5912,,Red,team,,,Anyone's Legend,,,1,1698,14,10,31,14,10,0.495,0.848,,59673,,,1158,,135,,56,,,,,,,3,2,3,2,0,0,0,1,1,1,0,0,1,0,7,0,1,0,22158,439,21249,408,909,31,7,13,6,6,14,7,32753,676,30962,631,1791,45,9,17,6,6,14,9,42313,893,39728,828,2585,65,9,17,8,8,18,9,51747,1083,49648,1019,2099,64,12,26,9,9,20,12,1,1
lol-game-116566854547769622,partial,,LPL,2026,,0,2026-07-24 08:15:00,2,16.14.794.5912,1,Blue,top,Breathe,,Anyone's Legend,,Rumble,1,1501,4,1,11,21,2,,,0.2147,12681,506.9,0.1952,262,10.47,19,0.76,4,0.16,,,,,,,,,,,,,,,,,,,,,,,,5662,160,5803,155,-141,5,0,1,0,0,0,0,7843,195,7700,200,143,-5,1,3,1,1,0,2,10223,217,9719,244,504,-27,2,8,1,1,0,3,12678,262,11257,273,1421,-11,4,11,1,1,0,4,1,1
lol-game-116566854547769622,partial,,LPL,2026,,0,2026-07-24 08:15:00,2,16.14.794.5912,2,Blue,jng,Tarzan,,Anyone's Legend,,Jarvan IV,1,1501,3,0,16,21,2,,,0.1898,13491,539.3,0.2077,247,9.87,10,0.4,12,0.48,,,,,,,,,,,,,,,,,,,,,,,,6338,128,5771,138,567,-10,2,2,0,0,1,2,8852,178,7411,175,1441,3,2,6,0,0,2,3,11532,210,9343,214,2189,-4,3,12,0,0,2,4,13488,247,10410,223,3078,24,3,16,0,0,2,5,1,1
lol-game-116566854547769622,partial,,LPL,2026,,0,2026-07-24 08:15:00,2,16.14.794.5912,3,Blue,mid,Shanks,,Anyone's Legend,,Cassiopeia,1,1501,5,0,7,21,2,,,0.2143,13533,541.0,0.2084,296,11.83,18,0.72,6,0.24,,,,,,,,,,,,,,,,,,,,,,,,6204,170,5835,162,369,8,2,1,0,1,0,0,9195,224,7232,204,1963,20,3,2,0,1,0,0,11223,258,9012,230,2211,28,4,4,0,1,0,2,13530,296,11599,289,1931,7,5,7,0,1,0,3,1,1
lol-game-116566854547769622,partial,,LPL,2026,,0,2026-07-24 08:15:00,2,16.14.794.5912,4,Blue,bot,Hope,,Anyone's Legend,,Varus,1,1501,8,0,4,21,2,,,0.3244,16108,643.9,0.248,327,13.07,22,0.88,11,0.44,,,,,,,,,,,,,,,,,,,,,,,,6331,174,6998,180,-667,-6,0,1,0,0,1,0,9646,233,8981,229,665,4,3,1,0,0,1,1,12951,271,10837,267,2114,4,6,3,0,0,1,2,16105,327,13345,320,2760,7,8,4,0,0,1,3,1,1
lol-game-116566854547769622,partial,,LPL,2026,,0,2026-07-24 08:15:00,2,16.14.794.5912,5,Blue,sup,Kael,,Anyone's Legend,,Rell,1,1501,1,1,20,21,2,,,0.0568,9135,365.2,0.1407,43,1.72,72,2.88,16,0.64,,,,,,,,,,,,,,,,,,,,,,,,3799,29,3913,27,-114,2,0,4,1,0,1,2,5482,37,5143,33,339,4,0,9,1,0,2,3,7696,39,6529,39,1167,0,1,15,1,0,2,5,9131,43,7706,42,1425,1,1,20,1,0,2,6,1,1
lol-game-116566854547769622,partial,,LPL,2026,,0,2026-07-24 08:15:00,2,16.14.794.5912,,Blue,team,,,Anyone's Legend,,,1,1501,21,2,58,21,2,0.839,0.919,,64948,,,1175,,141,,49,,,,,,,2,3,2,3,0,0,0,1,0,1,0,0,1,0,8,3,1,0,28334,661,28320,662,14,-1,4,9,1,1,3,4,41018,867,36467,841,4551,26,9,21,2,2,5,9,53625,995,45440,994,8185,1,16,42,2,2,5,16,64932,1175,54317,1147,10615,28,21,58,2,2,5,21,1,1
lol-game-116566854547769622,partial,,LPL,2026,,0,2026-07-24 08:15:00,2,16.14.794.5912,6,Red,top,Burdol,,LGD GAMING,,Jayce,0,1501,1,4,0,2,21,,,0.158,11260,450.1,0.2072,273,10.91,15,0.6,11,0.44,,,,,,,,,,,,,,,,,,,,,,,,5803,155,5662,160,141,-5,0,0,0,0,1,0,7700,200,7843,195,-143,5,1,0,2,1,3,1,9719,244,10223,217,-504,27,1,0,3,2,8,1,11257,273,12678,262,-1421,11,1,0,4,4,11,1,1,1
lol-game-116566854547769622,partial,,LPL,2026,,0,2026-07-24 08:15:00,2,16.14.794.5912,7,Red,jng,Heng,,LGD GAMING,,Skarner,0,1501,0,5,2,2,21,,,0.1231,10413,416.2,0.1917,223,8.91,13,0.52,17,0.68,,,,,,,,,,,,,,,,,,,,,,,,5771,138,6338,128,-567,10,0,1,2,2,2,0,7411,175,8852,178,-1441,-3,0,2,3,2,6,0,9343,214,11532,210,-2189,4,0,2,4,3,12,0,10410,223,13488,247,-3078,-24,0,2,5,3,16,0,1,1
lol-game-116566854547769622,partial,,LPL,2026,,0,2026-07-24 08:15:00,2,16.14.794.5912,8,Red,mid,Tangyuan,,LGD GAMING,,Taliyah,0,1501,1,3,0,2,21,,,0.2244,11602,463.8,0.2135,289,11.55,19,0.76,9,0.36,,,,,,,,,,,,,,,,,,,,,,,,5835,162,6204,170,-369,-8,1,0,0,2,1,0,7232,204,9195,224,-1963,-20,1,0,0,3,2,0,9012,230,11223,258,-2211,-28,1,0,2,4,4,0,11599,289,13530,296,-1931,-7,1,0,3,5,7,0,1,1
lol-game-116566854547769622,partial,,LPL,2026,,0,2026-07-24 08:15:00,2,16.14.794.5912,9,Red,bot,Shaoye,,LGD GAMING,,Ezreal,0,1501,0,3,1,2,21,,,0.3743,13348,533.6,0.2457,320,12.79,15,0.6,7,0.28,,,,,,,,,,,,,,,,,,,,,,,,6998,180,6331,174,667,6,0,1,0,0,1,0,8981,229,9646,233,-665,-4,0,1,1,3,1,0,10837,267,12951,271,-2114,-4,0,1,2,6,3,0,13345,320,16105,327,-2760,-7,0,1,3,8,4,0,1,1
lol-game-116566854547769622,partial,,LPL,2026,,0,2026-07-24 08:15:00,2,16.14.794.5912,10,Red,sup,Crisp,,LGD GAMING,,Karma,0,1501,0,6,2,2,21,,,0.1202,7710,308.2,0.1419,42,1.68,64,2.56,25,1.0,,,,,,,,,,,,,,,,,,,,,,,,3913,27,3799,29,114,-2,0,1,2,0,4,1,5143,33,5482,37,-339,-4,0,2,3,0,9,1,6529,39,7696,39,-1167,0,0,2,5,1,15,1,7706,42,9131,43,-1425,-1,0,2,6,1,20,1,1,1
lol-game-116566854547769622,partial,,LPL,2026,,0,2026-07-24 08:15:00,2,16.14.794.5912,,Red,team,,,LGD GAMING,,,0,1501,2,21,5,2,21,0.08,0.919,,54333,,,1147,,126,,69,,,,,,,3,2,3,2,1,0,0,2,0,0,0,0,0,1,3,8,0,1,28320,662,28334,661,-14,1,1,3,4,4,9,1,36467,841,41018,867,-4551,-26,2,5,9,9,21,2,45440,994,53625,995,-8185,-1,2,5,16,16,42,2,54317,1147,64932,1175,-10615,-28,2,5,21,21,58,2,1,1
lol-game-116566854547769625,partial,,LPL,2026,,0,2026-07-31 07:15:00,1,16.14.794.5912,1,Blue,top,Breathe,,Anyone's Legend,,Gnar,1,1422,5,1,1,22,6,,,0.1782,10663,449.9,0.1838,229,9.66,11,0.46,4,0.17,,,,,,,,,,,,,,,,,,,,,,,,4549,111,4252,113,297,-2,1,0,0,0,0,1,6983,175,6557,166,426,9,2,0,0,1,0,1,9076,204,8346,207,730,-3,4,1,0,1,0,2,,,,,,,,,,,,,1,1
lol-game-116566854547769625,partial,,LPL,2026,,0,2026-07-31 07:15:00,1,16.14.794.5912,2,Blue,jng,Tarzan,,Anyone's Legend,,Naafiri,1,1422,7,1,8,22,6,,,0.2963,13453,567.6,0.2319,217,9.16,5,0.21,2,0.08,,,,,,,,,,,,,,,,,,,,,,,,5581,112,4017,87,1564,25,3,1,0,0,0,1,8583,164,5623,120,2960,44,5,1,0,0,1,2,11253,195,6568,126,4685,69,7,3,0,0,1,4,,,,,,,,,,,,,1,1
lol-game-116566854547769625,partial,,LPL,2026,,0,2026-07-31 07:15:00,1,16.14.794.5912,3,Blue,mid,Shanks,,Anyone's Legend,,Twisted Fate,1,1422,0,2,6,22,6,,,0.1444,11305,477.0,0.1949,232,9.79,10,0.42,3,0.13,,,,,,,,,,,,,,,,,,,,,,,,4822,125,4702,139,120,-14,0,0,0,0,0,0,7223,168,6571,197,652,-29,0,3,1,0,1,1,9852,212,8500,250,1352,-38,0,5,1,0,1,2,,,,,,,,,,,,,1,1
lol-game-116566854547769625,partial,,LPL,2026,,0,2026-07-31 07:15:00,1,16.14.794.5912,4,Blue,bot,Hope,,Anyone's Legend,,Ezreal,1,1422,8,0,5,22,6,,,0.3061,15214,641.9,0.2623,272,11.48,13,0.55,4,0.17,,,,,,,,,,,,,,,,,,,,,,,,5727,122,4125,108,1602,14,2,2,0,0,1,2,8868,185,6246,163,2622,22,2,3,0,0,1,3,11465,223,7617,186,3848,37,3,5,0,0,1,4,,,,,,,,,,,,,1,1
lol-game-116566854547769625,partial,,LPL,2026,,0,2026-07-31 07:15:00,1,16.14.794.5912,5,Blue,sup,Kael,,Anyone's Legend,,Shen,1,1422,2,2,10,22,6,,,0.075,7369,310.9,0.127,27,1.14,55,2.32,12,0.51,,,,,,,,,,,,,,,,,,,,,,,,3281,15,3254,21,27,-6,0,4,1,1,0,2,4820,25,4444,33,376,-8,1,5,1,1,1,3,6049,26,5562,38,487,-12,2,7,1,1,1,4,,,,,,,,,,,,,1,1
lol-game-116566854547769625,partial,,LPL,2026,,0,2026-07-31 07:15:00,1,16.14.794.5912,,Blue,team,,,Anyone's Legend,,,1,1422,22,6,30,22,6,0.928,1.181,,58004,,,977,,94,,25,,,,,,,2,1,2,1,1,0,0,1,0,0,0,0,1,0,9,2,1,0,23960,485,20350,468,3610,17,6,7,1,1,1,6,36477,717,29441,679,7036,38,10,12,2,2,4,10,47695,860,36593,807,11102,53,16,21,2,2,4,16,,,,,,,,,,,,,1,1
lol-game-116566854547769625,partial,,LPL,2026,,0,2026-07-31 07:15:00,1,16.14.794.5912,6,Red,top,Zdz,,EDWARD GAMING,,Tristana,0,1422,1,4,2,6,22,,,0.2689,9114,384.6,0.2019,217,9.16,10,0.42,4,0.17,,,,,,,,,,,,,,,,,,,,,,,,4252,113,4549,111,-297,2,0,0,1,1,0,0,6557,166,6983,175,-426,-9,1,0,1,2,0,0,8346,207,9076,204,-730,3,1,0,2,4,1,0,,,,,,,,,,,,,1,1
lol-game-116566854547769625,partial,,LPL,2026,,0,2026-07-31 07:15:00,1,16.14.794.5912,7,Red,jng,Xiaohao,,EDWARD GAMING,,Jarvan IV,0,1422,2,5,3,6,22,,,0.1411,8578,361.9,0.1901,139,5.86,7,0.3,4,0.17,,,,,,,,,,,,,,,,,,,,,,,,4017,87,5581,112,-1564,-25,0,0,1,3,1,0,5623,120,8583,164,-2960,-44,0,1,2,5,1,0,6568,126,11253,195,-4685,-69,0,1,4,7,3,0,,,,,,,,,,,,,1,1
lol-game-116566854547769625,partial,,LPL,2026,,0,2026-07-31 07:15:00,1,16.14.794.5912,8,Red,mid,BuLLDoG,,EDWARD GAMING,,Ryze,0,1422,1,3,4,6,22,,,0.2684,11142,470.1,0.2469,278,11.73,12,0.51,3,0.13,,,,,,,,,,,,,,,,,,,,,,,,4702,139,4822,125,-120,14,0,0,0,0,0,0,6571,197,7223,168,-652,29,0,1,1,0,3,1,8500,250,9852,212,-1352,38,0,1,2,0,5,1,,,,,,,,,,,,,1,1
lol-game-116566854547769625,partial,,LPL,2026,,0,2026-07-31 07:15:00,1,16.14.794.5912,9,Red,bot,Leave,,EDWARD GAMING,,Syndra,0,1422,1,5,4,6,22,,,0.2614,9841,415.2,0.218,201,8.48,7,0.3,3,0.13,,,,,,,,,,,,,,,,,,,,,,,,4125,108,5727,122,-1602,-14,0,1,2,2,2,0,6246,163,8868,185,-2622,-22,0,1,3,2,3,0,7617,186,11465,223,-3848,-37,0,1,4,3,5,0,,,,,,,,,,,,,1,1
lol-game-116566854547769625,partial,,LPL,2026,,0,2026-07-31 07:15:00,1,16.14.794.5912,10,Red,sup,Parukia,,EDWARD GAMING,,Rell,0,1422,1,5,4,6,22,,,0.0602,6460,272.6,0.1431,40,1.69,45,1.9,14,0.59,,,,,,,,,,,,,,,,,,,,,,,,3254,21,3281,15,-27,6,1,0,2,0,4,1,4444,33,4820,25,-376,8,1,1,3,1,5,1,5562,38,6049,26,-487,12,1,1,4,2,7,1,,,,,,,,,,,,,1,1
lol-game-116566854547769625,partial,,LPL,2026,,0,2026-07-31 07:15:00,1,16.14.794.5912,,Red,team,,,EDWARD GAMING,,,0,1422,6,22,17,6,22,0.253,1.181,,45135,,,875,,81,,28,,,,,,,1,2,1,2,0,1,0,0,0,0,0,0,0,1,2,9,0,1,20350,468,23960,485,-3610,-17,1,1,6,6,7,1,29441,679,36477,717,-7036,-38,2,4,10,10,12,2,36593,807,47695,860,-11102,-53,2,4,16,16,21,2,,,,,,,,,,,,,1,1
lol-game-116566854547769626,partial,,LPL,2026,,0,2026-07-31 08:05:00,2,16.14.794.5912,1,Blue,top,Breathe,,Anyone's Legend,,K'Sante,1,1490,1,2,8,27,11,,,0.1194,10979,442.1,0.1779,250,10.07,11,0.44,8,0.32,,,,,,,,,,,,,,,,,,,,,,,,4617,132,4716,134,-99,-2,0,2,0,0,0,1,6938,194,6197,176,741,18,0,3,0,0,0,2,8838,229,7836,209,1002,20,1,4,1,0,3,5,,,,,,,,,,,,,1,1
lol-game-116566854547769626,partial,,LPL,2026,,0,2026-07-31 08:05:00,2,16.14.794.5912,2,Blue,jng,Tarzan,,Anyone's Legend,,Pantheon,1,1490,12,1,8,27,11,,,0.2705,14127,568.9,0.2289,211,8.5,6,0.24,8,0.32,,,,,,,,,,,,,,,,,,,,,,,,5934,99,4484,96,1450,3,4,2,0,0,0,2,8093,141,7998,137,95,4,5,2,1,2,0,2,10780,173,12555,173,-1775,0,8,4,1,5,0,4,,,,,,,,,,,,,1,1
lol-game-116566854547769626,partial,,LPL,2026,,0,2026-07-31 08:05:00,2,16.14.794.5912,3,Blue,mid,Shanks,,Anyone's Legend,,Cassiopeia,1,1490,7,2,12,27,11,,,0.2485,13535,545.0,0.2194,238,9.58,15,0.6,4,0.16,,,,,,,,,,,,,,,,,,,,,,,,5057,110,3982,104,1075,6,2,1,0,0,0,1,7863,170,5670,148,2193,22,3,1,0,0,1,2,10151,207,7235,191,2916,16,5,5,1,0,2,3,,,,,,,,,,,,,1,1
lol-game-116566854547769626,partial,,LPL,2026,,0,2026-07-31 08:05:00,2,16.14.794.5912,4,Blue,bot,Hope,,Anyone's Legend,,Ziggs,1,1490,5,2,9,27,11,,,0.2602,14220,572.6,0.2305,281,11.32,18,0.72,6,0.24,,,,,,,,,,,,,,,,,,,,,,,,5133,125,5332,127,-199,-2,1,0,1,1,0,1,8387,190,7597,191,790,-1,2,0,1,1,2,1,11030,241,10490,255,540,-14,3,4,2,2,3,2,,,,,,,,,,,,,1,1
lol-game-116566854547769626,partial,,LPL,2026,,0,2026-07-31 08:05:00,2,16.14.794.5912,5,Blue,sup,Kael,,Anyone's Legend,,Camille,1,1490,2,4,14,27,11,,,0.1014,8843,356.1,0.1433,43,1.73,59,2.38,23,0.93,,,,,,,,,,,,,,,,,,,,,,,,3278,20,3055,25,223,-5,0,4,0,0,1,2,4737,30,4365,36,372,-6,0,5,1,0,3,3,6701,36,5756,39,945,-3,1,11,2,0,6,4,,,,,,,,,,,,,1,1
lol-game-116566854547769626,partial,,LPL,2026,,0,2026-07-31 08:05:00,2,16.14.794.5912,,Blue,team,,,Anyone's Legend,,,1,1490,27,11,51,27,11,1.087,1.53,,61704,,,1023,,109,,49,,,,,,,2,2,2,2,0,0,1,1,0,0,0,0,1,0,9,1,2,0,24019,486,21569,486,2450,0,7,9,1,1,1,7,36018,725,31827,688,4191,37,10,11,3,3,6,10,47500,886,43872,867,3628,19,18,28,7,7,14,18,,,,,,,,,,,,,1,1
lol-game-116566854547769626,partial,,LPL,2026,,0,2026-07-31 08:05:00,2,16.14.794.5912,6,Red,top,Zdz,,EDWARD GAMING,,Renekton,0,1490,0,7,4,11,27,,,0.1864,9299,374.5,0.1716,238,9.58,15,0.6,2,0.08,,,,,,,,,,,,,,,,,,,,,,,,4716,134,4617,132,99,2,0,0,1,0,2,0,6197,176,6938,194,-741,-18,0,0,2,0,3,0,7836,209,8838,229,-1002,-20,0,3,5,1,4,1,,,,,,,,,,,,,1,1
lol-game-116566854547769626,partial,,LPL,2026,,0,2026-07-31 08:05:00,2,16.14.794.5912,7,Red,jng,Xiaohao,,EDWARD GAMING,,Qiyana,0,1490,7,5,0,11,27,,,0.2182,14915,600.6,0.2753,203,8.17,14,0.56,7,0.28,,,,,,,,,,,,,,,,,,,,,,,,4484,96,5934,99,-1450,-3,0,0,2,4,2,0,7998,137,8093,141,-95,-4,2,0,2,5,2,1,12555,173,10780,173,1775,0,5,0,4,8,4,1,,,,,,,,,,,,,1,1
lol-game-116566854547769626,partial,,LPL,2026,,0,2026-07-31 08:05:00,2,16.14.794.5912,8,Red,mid,BuLLDoG,,EDWARD GAMING,,Viktor,0,1490,2,5,3,11,27,,,0.2983,10328,415.9,0.1906,231,9.3,14,0.56,8,0.32,,,,,,,,,,,,,,,,,,,,,,,,3982,104,5057,110,-1075,-6,0,0,1,2,1,0,5670,148,7863,170,-2193,-22,0,1,2,3,1,0,7235,191,10151,207,-2916,-16,0,2,3,5,5,1,,,,,,,,,,,,,1,1
lol-game-116566854547769626,partial,,LPL,2026,,0,2026-07-31 08:05:00,2,16.14.794.5912,9,Red,bot,Leave,,EDWARD GAMING,,Varus,0,1490,2,4,5,11,27,,,0.2124,12647,509.3,0.2334,295,11.88,12,0.48,15,0.6,,,,,,,,,,,,,,,,,,,,,,,,5332,127,5133,125,199,2,1,0,1,1,0,1,7597,191,8387,190,-790,1,1,2,1,2,0,1,10490,255,11030,241,-540,14,2,3,2,3,4,2,,,,,,,,,,,,,1,1
lol-game-116566854547769626,partial,,LPL,2026,,0,2026-07-31 08:05:00,2,16.14.794.5912,10,Red,sup,Parukia,,EDWARD GAMING,,Nautilus,0,1490,0,6,8,11,27,,,0.0846,6993,281.6,0.1291,40,1.61,56,2.26,12,0.48,,,,,,,,,,,,,,,,,,,,,,,,3055,25,3278,20,-223,5,0,1,2,0,4,0,4365,36,4737,30,-372,6,0,3,3,0,5,1,5756,39,6701,36,-945,3,0,6,4,1,11,2,,,,,,,,,,,,,1,1
lol-game-116566854547769626,partial,,LPL,2026,,0,2026-07-31 08:05:00,2,16.14.794.5912,,Red,team,,,EDWARD GAMING,,,0,1490,11,27,20,11,27,0.443,1.53,,54182,,,1007,,111,,44,,,,,,,2,2,2,2,1,0,1,0,0,0,0,0,0,1,1,9,0,2,21569,486,24019,486,-2450,0,1,1,7,7,9,1,31827,688,36018,725,-4191,-37,3,6,10,10,11,3,43872,867,47500,886,-3628,-19,7,14,18,18,28,7,,,,,,,,,,,,,1,1
lol-game-116566854547769629,partial,,LPL,2026,,0,2026-08-01 07:13:04,1,16.14.794.5912,1,Blue,top,Keshi,,THUNDER TALK GAMING,,Rumble,0,1586,2,4,0,3,15,,,0.3613,7722,292.1,0.2089,193,7.3,9,0.34,2,0.08,,,,,,,,,,,,,,,,,,,,,,,,1887,46,1907,46,-20,0,0,0,0,0,0,0,3556,97,3760,102,-204,-5,0,0,1,0,1,0,5514,148,5638,149,-124,-1,1,0,1,1,1,0,7516,191,8275,200,-759,-9,2,0,3,2,1,0,1,1
lol-game-116566854547769629,partial,,LPL,2026,,0,2026-08-01 07:13:04,1,16.14.794.5912,2,Blue,jng,Junhao,,THUNDER TALK GAMING,,Jarvan IV,0,1586,0,2,3,3,15,,,0.0939,7687,290.8,0.2079,174,6.58,6,0.23,7,0.26,,,,,,,,,,,,,,,,,,,,,,,,1965,40,2039,44,-74,-4,0,0,0,0,0,0,3814,95,4047,83,-233,12,0,0,0,1,1,0,5468,134,6639,126,-1171,8,0,1,1,3,3,0,7492,174,9729,168,-2237,6,0,3,1,5,4,0,1,1
lol-game-116566854547769629,partial,,LPL,2026,,0,2026-08-01 07:13:04,1,16.14.794.5912,3,Blue,mid,Heru,,THUNDER TALK GAMING,,Viktor,0,1586,0,4,3,3,15,,,0.2618,7103,268.7,0.1921,187,7.07,7,0.26,2,0.08,,,,,,,,,,,,,,,,,,,,,,,,1798,41,1945,47,-147,-6,0,0,0,0,0,0,3520,101,3804,107,-284,-6,0,0,0,0,0,0,4829,133,6020,159,-1191,-26,0,1,2,1,1,0,6820,184,8676,207,-1856,-23,0,3,3,1,5,0,1,1
lol-game-116566854547769629,partial,,LPL,2026,,0,2026-08-01 07:13:04,1,16.14.794.5912,4,Blue,bot,Ahn,,THUNDER TALK GAMING,,Corki,0,1586,1,3,1,3,15,,,0.2519,9560,361.7,0.2586,214,8.1,10,0.38,8,0.3,,,,,,,,,,,,,,,,,,,,,,,,1957,47,2009,43,-52,4,0,0,0,0,0,0,3869,106,4013,95,-144,11,0,0,1,1,0,0,6626,159,7088,149,-462,10,0,0,2,1,3,0,9328,212,10442,206,-1114,6,1,1,2,2,4,0,1,1
lol-game-116566854547769629,partial,,LPL,2026,,0,2026-08-01 07:13:04,1,16.14.794.5912,5,Blue,sup,Feather,,THUNDER TALK GAMING,,Alistar,0,1586,0,2,2,3,15,,,0.0311,4895,185.2,0.1324,31,1.17,35,1.32,9,0.34,,,,,,,,,,,,,,,,,,,,,,,,1278,6,1332,8,-54,-2,0,0,0,0,0,0,2225,18,2370,17,-145,1,0,0,0,0,1,0,3273,23,3542,25,-269,-2,0,1,0,0,3,1,4639,31,4955,29,-316,2,0,2,1,0,6,3,1,1
lol-game-116566854547769629,partial,,LPL,2026,,0,2026-08-01 07:13:04,1,16.14.794.5912,,Blue,team,,,THUNDER TALK GAMING,,,0,1586,3,15,9,3,15,0.113,0.681,,36967,,,799,,67,,28,,,,,,,0,3,0,3,0,0,0,0,0,0,0,0,0,1,1,9,0,1,8885,180,9232,188,-347,-8,0,0,0,0,0,0,16984,417,17994,404,-1010,13,0,0,2,2,3,0,25710,597,28927,608,-3217,-11,1,3,6,6,11,1,35795,792,42077,810,-6282,-18,3,9,10,10,20,3,1,1
lol-game-116566854547769629,partial,,LPL,2026,,0,2026-08-01 07:13:04,1,16.14.794.5912,6,Red,top,Breathe,,Anyone's Legend,,Ambessa,1,1586,5,0,1,15,3,,,0.2081,9987,377.8,0.205,214,8.1,8,0.3,4,0.15,,,,,,,,,,,,,,,,,,,,,,,,1907,46,1887,46,20,0,0,0,0,0,0,0,3760,102,3556,97,204,5,0,1,0,0,0,1,5638,149,5514,148,124,1,1,1,0,1,0,1,8275,200,7516,191,759,9,2,1,0,2,0,3,1,1
lol-game-116566854547769629,partial,,LPL,2026,,0,2026-08-01 07:13:04,1,16.14.794.5912,7,Red,jng,Tarzan,,Anyone's Legend,,Naafiri,1,1586,5,0,9,15,3,,,0.2151,10893,412.1,0.2236,176,6.66,6,0.23,3,0.11,,,,,,,,,,,,,,,,,,,,,,,,2039,44,1965,40,74,4,0,0,0,0,0,0,4047,83,3814,95,233,-12,1,1,0,0,0,0,6639,126,5468,134,1171,-8,3,3,0,0,1,1,9729,168,7492,174,2237,-6,5,4,0,0,3,1,1,1
lol-game-116566854547769629,partial,,LPL,2026,,0,2026-08-01 07:13:04,1,16.14.794.5912,8,Red,mid,Shanks,,Anyone's Legend,,Ryze,1,1586,2,0,8,15,3,,,0.1809,9958,376.7,0.2044,215,8.13,9,0.34,3,0.11,,,,,,,,,,,,,,,,,,,,,,,,1945,47,1798,41,147,6,0,0,0,0,0,0,3804,107,3520,101,284,6,0,0,0,0,0,0,6020,159,4829,133,1191,26,1,1,0,0,1,2,8676,207,6820,184,1856,23,1,5,0,0,3,3,1,1
lol-game-116566854547769629,partial,,LPL,2026,,0,2026-08-01 07:13:04,1,16.14.794.5912,9,Red,bot,Hope,,Anyone's Legend,,Ziggs,1,1586,3,0,8,15,3,,,0.3409,12019,454.7,0.2467,215,8.13,13,0.49,3,0.11,,,,,,,,,,,,,,,,,,,,,,,,2009,43,1957,47,52,-4,0,0,0,0,0,0,4013,95,3869,106,144,-11,1,0,0,0,0,1,7088,149,6626,159,462,-10,1,3,0,0,0,2,10442,206,9328,212,1114,-6,2,4,0,1,1,2,1,1
lol-game-116566854547769629,partial,,LPL,2026,,0,2026-08-01 07:13:04,1,16.14.794.5912,10,Red,sup,Kael,,Anyone's Legend,,Shen,1,1586,0,3,11,15,3,,,0.0549,5860,221.7,0.1203,30,1.13,49,1.85,12,0.45,,,,,,,,,,,,,,,,,,,,,,,,1332,8,1278,6,54,2,0,0,0,0,0,0,2370,17,2225,18,145,-1,0,1,0,0,0,0,3542,25,3273,23,269,2,0,3,1,0,1,0,4955,29,4639,31,316,-2,0,6,3,0,2,1,1,1
lol-game-116566854547769629,partial,,LPL,2026,,0,2026-08-01 07:13:04,1,16.14.794.5912,,Red,team,,,Anyone's Legend,,,1,1586,15,3,37,15,3,0.567,0.681,,48717,,,850,,85,,25,,,,,,,3,0,3,0,0,0,0,1,1,1,0,0,1,0,9,1,1,0,9232,188,8885,180,347,8,0,0,0,0,0,0,17994,404,16984,417,1010,-13,2,3,0,0,0,2,28927,608,25710,597,3217,11,6,11,1,1,3,6,42077,810,35795,792,6282,18,10,20,3,3,9,10,1,1
lol-game-116566854547769630,partial,,LPL,2026,,0,2026-08-01 08:05:00,2,16.14.794.5912,1,Blue,top,Breathe,,Anyone's Legend,,Gnar,1,1400,4,3,9,20,8,,,0.2276,10087,432.3,0.1961,177,7.59,11,0.47,4,0.17,,,,,,,,,,,,,,,,,,,,,,,,3276,83,4457,113,-1181,-30,0,0,1,0,1,0,5851,128,6594,161,-743,-33,2,1,2,0,2,1,8990,174,8320,214,670,-40,4,6,2,0,2,2,,,,,,,,,,,,,1,1
lol-game-116566854547769630,partial,,LPL,2026,,0,2026-08-01 08:05:00,2,16.14.794.5912,2,Blue,jng,Tarzan,,Anyone's Legend,,Skarner,1,1400,7,2,8,20,8,,,0.1714,11367,487.2,0.2209,160,6.86,8,0.34,6,0.26,,,,,,,,,,,,,,,,,,,,,,,,4075,90,3657,86,418,4,1,0,0,0,0,0,6035,120,6760,135,-725,-15,2,1,1,3,0,1,9054,146,8260,151,794,-5,4,6,1,4,0,3,,,,,,,,,,,,,1,1
lol-game-116566854547769630,partial,,LPL,2026,,0,2026-08-01 08:05:00,2,16.14.794.5912,3,Blue,mid,Shanks,,Anyone's Legend,,Sylas,1,1400,2,1,12,20,8,,,0.2696,10738,460.2,0.2087,241,10.33,6,0.26,7,0.3,,,,,,,,,,,,,,,,,,,,,,,,4534,107,3745,104,789,3,2,1,0,0,0,1,6435,165,5951,160,484,5,2,1,1,0,2,1,8341,197,7686,193,655,4,2,7,1,1,3,2,,,,,,,,,,,,,1,1
lol-game-116566854547769630,partial,,LPL,2026,,0,2026-08-01 08:05:00,2,16.14.794.5912,4,Blue,bot,Hope,,Anyone's Legend,,Ezreal,1,1400,7,0,5,20,8,,,0.2682,12535,537.2,0.2436,238,10.2,10,0.43,3,0.13,,,,,,,,,,,,,,,,,,,,,,,,3863,97,3576,95,287,2,0,0,0,0,0,1,6153,158,5696,140,457,18,0,0,0,0,1,2,9935,199,7705,179,2230,20,5,3,0,0,3,4,,,,,,,,,,,,,1,1
lol-game-116566854547769630,partial,,LPL,2026,,0,2026-08-01 08:05:00,2,16.14.794.5912,5,Blue,sup,Kael,,Anyone's Legend,,Rell,1,1400,0,2,16,20,8,,,0.0632,6724,288.2,0.1307,34,1.46,49,2.1,9,0.39,,,,,,,,,,,,,,,,,,,,,,,,2649,18,2694,19,-45,-1,0,2,0,1,0,1,3800,29,3906,27,-106,2,0,2,0,1,1,1,5484,30,5008,31,476,-1,0,11,2,1,2,4,,,,,,,,,,,,,1,1
lol-game-116566854547769630,partial,,LPL,2026,,0,2026-08-01 08:05:00,2,16.14.794.5912,,Blue,team,,,Anyone's Legend,,,1,1400,20,8,50,20,8,0.857,1.2,,51451,,,850,,84,,29,,,,,,,1,1,1,1,0,0,0,0,1,0,0,0,1,0,8,2,1,0,18397,395,18129,417,268,-22,3,3,1,1,1,3,28274,600,28907,623,-633,-23,6,5,4,4,6,6,41804,746,36979,768,4825,-22,15,33,6,6,10,15,,,,,,,,,,,,,1,1
lol-game-116566854547769630,partial,,LPL,2026,,0,2026-08-01 08:05:00,2,16.14.794.5912,6,Red,top,Keshi,,THUNDER TALK GAMING,,Jayce,0,1400,0,3,3,8,20,,,0.2466,9592,411.1,0.2183,241,10.33,11,0.47,9,0.39,,,,,,,,,,,,,,,,,,,,,,,,4457,113,3276,83,1181,30,0,1,0,0,0,1,6594,161,5851,128,743,33,0,2,1,2,1,2,8320,214,8990,174,-670,40,0,2,2,4,6,2,,,,,,,,,,,,,1,1
lol-game-116566854547769630,partial,,LPL,2026,,0,2026-08-01 08:05:00,2,16.14.794.5912,7,Red,jng,Junhao,,THUNDER TALK GAMING,,Pantheon,0,1400,5,4,1,8,20,,,0.2067,10167,435.7,0.2314,173,7.41,6,0.26,7,0.3,,,,,,,,,,,,,,,,,,,,,,,,3657,86,4075,90,-418,-4,0,0,0,1,0,0,6760,135,6035,120,725,15,3,0,1,2,1,1,8260,151,9054,146,-794,5,4,0,3,4,6,1,,,,,,,,,,,,,1,1
lol-game-116566854547769630,partial,,LPL,2026,,0,2026-08-01 08:05:00,2,16.14.794.5912,8,Red,mid,Heru,,THUNDER TALK GAMING,,Syndra,0,1400,1,3,5,8,20,,,0.2418,8607,368.9,0.1959,210,9.0,12,0.51,2,0.09,,,,,,,,,,,,,,,,,,,,,,,,3745,104,4534,107,-789,-3,0,0,1,2,1,0,5951,160,6435,165,-484,-5,0,2,1,2,1,1,7686,193,8341,197,-655,-4,1,3,2,2,7,1,,,,,,,,,,,,,1,1
lol-game-116566854547769630,partial,,LPL,2026,,0,2026-08-01 08:05:00,2,16.14.794.5912,9,Red,bot,Ahn,,THUNDER TALK GAMING,,Varus,0,1400,1,5,4,8,20,,,0.2426,9667,414.3,0.22,192,8.23,9,0.39,2,0.09,,,,,,,,,,,,,,,,,,,,,,,,3576,95,3863,97,-287,-2,0,0,1,0,0,0,5696,140,6153,158,-457,-18,0,1,2,0,0,0,7705,179,9935,199,-2230,-20,0,3,4,5,3,0,,,,,,,,,,,,,1,1
lol-game-116566854547769630,partial,,LPL,2026,,0,2026-08-01 08:05:00,2,16.14.794.5912,10,Red,sup,Feather,,THUNDER TALK GAMING,,Nautilus,0,1400,1,5,4,8,20,,,0.0624,5911,253.3,0.1345,34,1.46,45,1.93,12,0.51,,,,,,,,,,,,,,,,,,,,,,,,2694,19,2649,18,45,1,1,0,1,0,2,0,3906,27,3800,29,106,-2,1,1,1,0,2,0,5008,31,5484,30,-476,1,1,2,4,0,11,2,,,,,,,,,,,,,1,1
lol-game-116566854547769630,partial,,LPL,2026,,0,2026-08-01 08:05:00,2,16.14.794.5912,,Red,team,,,THUNDER TALK GAMING,,,0,1400,8,20,17,8,20,0.343,1.2,,43944,,,850,,83,,32,,,,,,,1,1,1,1,0,0,1,0,0,0,0,0,0,1,2,8,0,1,18129,417,18397,395,-268,22,1,1,3,3,3,1,28907,623,28274,600,633,23,4,6,6,6,5,4,36979,768,41804,746,-4825,22,6,10,15,15,33,6,,,,,,,,,,,,,1,1
lol-game-116566854547769633,partial,,LPL,2026,,0,2026-08-05 09:00:00,1,,1,Blue,top,Xiaoxu,,LGD GAMING,,Rumble,1,,1,7,7,15,12,,,,11336,,0.172,255,,0,,0,,,,,,,,,,,,,,,,,,,,,,,,,,,,,,,,,,,,,,,,,,,,,,,,,,,,,,,,,,,,,,,,,,,,,,,,,1,0
lol-game-116566854547769633,partial,,LPL,2026,,0,2026-08-05 09:00:00,1,,2,Blue,jng,JunJia,,LGD GAMING,,Jarvan IV,1,,4,2,6,15,12,,,,13228,,0.2007,237,,0,,0,,,,,,,,,,,,,,,,,,,,,,,,,,,,,,,,,,,,,,,,,,,,,,,,,,,,,,,,,,,,,,,,,,,,,,,,,1,0
lol-game-116566854547769633,partial,,LPL,2026,,0,2026-08-05 09:00:00,1,,3,Blue,mid,HongQ,,LGD GAMING,,Cassiopeia,1,,4,0,6,15,12,,,,14049,,0.2131,303,,0,,0,,,,,,,,,,,,,,,,,,,,,,,,,,,,,,,,,,,,,,,,,,,,,,,,,,,,,,,,,,,,,,,,,,,,,,,,,1,0
lol-game-116566854547769633,partial,,LPL,2026,,0,2026-08-05 09:00:00,1,,4,Blue,bot,GALA,,LGD GAMING,,Corki,1,,5,0,5,15,12,,,,18507,,0.2808,384,,0,,0,,,,,,,,,,,,,,,,,,,,,,,,,,,,,,,,,,,,,,,,,,,,,,,,,,,,,,,,,,,,,,,,,,,,,,,,,1,0
lol-game-116566854547769633,partial,,LPL,2026,,0,2026-08-05 09:00:00,1,,5,Blue,sup,Vampire,,LGD GAMING,,Alistar,1,,1,3,11,15,12,,,,8792,,0.1334,31,,0,,0,,,,,,,,,,,,,,,,,,,,,,,,,,,,,,,,,,,,,,,,,,,,,,,,,,,,,,,,,,,,,,,,,,,,,,,,,1,0
lol-game-116566854547769633,partial,,LPL,2026,,0,2026-08-05 09:00:00,1,,,Blue,team,,,LGD GAMING,,,1,,15,12,35,15,12,,,,65912,,,1210,,0,,0,,,,,,,3,2,0,0,0,0,0,0,0,0,0,0,0,1,6,6,,,,,,,,,,,,,,,,,,,,,,,,,,,,,,,,,,,,,,,,,,,,,,,,,,,1,0
lol-game-116566854547769633,partial,,LPL,2026,,0,2026-08-05 09:00:00,1,,6,Red,top,Burdol,,Beijing JDG Esports,,Yorick,0,,1,4,6,12,15,,,,12018,,0.1891,272,,0,,0,,,,,,,,,,,,,,,,,,,,,,,,,,,,,,,,,,,,,,,,,,,,,,,,,,,,,,,,,,,,,,,,,,,,,,,,,1,0
lol-game-116566854547769633,partial,,LPL,2026,,0,2026-08-05 09:00:00,1,,7,Red,jng,Heng,,Beijing JDG Esports,,Naafiri,0,,4,1,5,12,15,,,,15360,,0.2417,278,,0,,0,,,,,,,,,,,,,,,,,,,,,,,,,,,,,,,,,,,,,,,,,,,,,,,,,,,,,,,,,,,,,,,,,,,,,,,,,1,0
lol-game-116566854547769633,partial,,LPL,2026,,0,2026-08-05 09:00:00,1,,8,Red,mid,Tangyuan,,Beijing JDG Esports,,Akali,0,,4,2,2,12,15,,,,13418,,0.2112,282,,0,,0,,,,,,,,,,,,,,,,,,,,,,,,,,,,,,,,,,,,,,,,,,,,,,,,,,,,,,,,,,,,,,,,,,,,,,,,,1,0
lol-game-116566854547769633,partial,,LPL,2026,,0,2026-08-05 09:00:00,1,,9,Red,bot,Shaoye,,Beijing JDG Esports,,Lucian,0,,3,5,2,12,15,,,,14411,,0.2268,290,,0,,0,,,,,,,,,,,,,,,,,,,,,,,,,,,,,,,,,,,,,,,,,,,,,,,,,,,,,,,,,,,,,,,,,,,,,,,,,1,0
lol-game-116566854547769633,partial,,LPL,2026,,0,2026-08-05 09:00:00,1,,10,Red,sup,Crisp,,Beijing JDG Esports,,Shen,0,,0,3,8,12,15,,,,8330,,0.1311,50,,0,,0,,,,,,,,,,,,,,,,,,,,,,,,,,,,,,,,,,,,,,,,,,,,,,,,,,,,,,,,,,,,,,,,,,,,,,,,,1,0
lol-game-116566854547769633,partial,,LPL,2026,,0,2026-08-05 09:00:00,1,,,Red,team,,,Beijing JDG Esports,,,0,,12,15,23,12,15,,,,63537,,,1172,,0,,0,,,,,,,2,3,0,0,0,0,0,0,0,0,0,0,1,0,6,6,,,,,,,,,,,,,,,,,,,,,,,,,,,,,,,,,,,,,,,,,,,,,,,,,,,1,0
lol-game-116566854547769634,partial,,LPL,2026,,0,2026-08-05 10:15:09,2,16.15.800.8073,1,Blue,top,Xiaoxu,,Beijing JDG Esports,,Renekton,0,1730,1,4,0,7,14,,,0.1971,9763,338.6,0.195,267,9.26,16,0.55,2,0.07,,,,,,,,,,,,,,,,,,,,,,,,3796,104,3364,93,432,11,0,0,0,0,0,0,5343,153,5415,146,-72,7,0,0,0,0,0,0,6924,187,8040,190,-1116,-3,1,0,2,1,1,0,8272,226,10278,236,-2006,-10,1,0,3,1,2,0,1,1
lol-game-116566854547769634,partial,,LPL,2026,,0,2026-08-05 10:15:09,2,16.15.800.8073,2,Blue,jng,JunJia,,Beijing JDG Esports,,Qiyana,0,1730,4,4,2,7,14,,,0.1991,11435,396.6,0.2284,231,8.01,11,0.38,13,0.45,,,,,,,,,,,,,,,,,,,,,,,,3730,92,3587,85,143,7,0,0,0,0,0,0,6216,127,5622,131,594,-4,3,0,1,0,2,0,8424,164,7793,175,631,-11,4,1,2,1,3,1,10359,212,10602,224,-243,-12,4,2,3,2,5,1,1,1
lol-game-116566854547769634,partial,,LPL,2026,,0,2026-08-05 10:15:09,2,16.15.800.8073,3,Blue,mid,HongQ,,Beijing JDG Esports,,Viktor,0,1730,1,2,3,7,14,,,0.2869,10827,375.5,0.2163,289,10.02,15,0.52,11,0.38,,,,,,,,,,,,,,,,,,,,,,,,3610,106,3396,94,214,12,0,0,0,0,0,0,5267,148,5379,143,-112,5,0,1,1,1,0,0,7224,195,7261,193,-37,2,0,3,1,1,2,1,9489,260,9809,252,-320,8,1,3,1,2,4,1,1,1
lol-game-116566854547769634,partial,,LPL,2026,,0,2026-08-05 10:15:09,2,16.15.800.8073,4,Blue,bot,GALA,,Beijing JDG Esports,,Xerath,0,1730,0,1,5,7,14,,,0.2675,10737,372.4,0.2145,282,9.78,8,0.28,3,0.1,,,,,,,,,,,,,,,,,,,,,,,,3333,90,3367,90,-34,0,0,0,0,0,0,0,5398,141,6224,123,-826,18,0,2,0,1,1,1,7380,194,8752,174,-1372,20,0,4,0,2,1,1,9413,251,12201,231,-2788,20,0,5,0,3,3,1,1,1
lol-game-116566854547769634,partial,,LPL,2026,,0,2026-08-05 10:15:09,2,16.15.800.8073,5,Blue,sup,Vampire,,Beijing JDG Esports,,Rell,0,1730,1,3,6,7,14,,,0.0495,7294,253.0,0.1457,25,0.87,69,2.39,12,0.42,,,,,,,,,,,,,,,,,,,,,,,,2277,15,2348,17,-71,-2,0,0,0,0,0,0,3805,20,3616,24,189,-4,0,3,0,0,1,2,5334,21,4805,26,529,-5,1,5,0,0,3,3,6520,25,6193,27,327,-2,1,6,1,0,6,4,1,1
lol-game-116566854547769634,partial,,LPL,2026,,0,2026-08-05 10:15:09,2,16.15.800.8073,,Blue,team,,,Beijing JDG Esports,,,0,1730,7,14,16,7,14,0.243,0.728,,50056,,,1094,,119,,41,,,,,,,1,3,1,3,0,0,0,0,1,0,0,0,0,1,3,8,0,1,16746,407,16062,379,684,28,0,0,0,0,0,0,26029,589,26256,567,-227,22,3,6,2,2,4,3,35286,761,36651,758,-1365,3,6,13,5,5,10,6,44053,974,49083,970,-5030,4,7,16,8,8,20,7,1,1
lol-game-116566854547769634,partial,,LPL,2026,,0,2026-08-05 10:15:09,2,16.15.800.8073,6,Red,top,Burdol,,LGD GAMING,,Dr. Mundo,1,1730,2,0,6,14,7,,,0.337,12370,429.0,0.2027,257,8.91,14,0.49,11,0.38,,,,,,,,,,,,,,,,,,,,,,,,3364,93,3796,104,-432,-11,0,0,0,0,0,0,5415,146,5343,153,72,-7,0,0,0,0,0,0,8040,190,6924,187,1116,3,1,1,0,1,0,2,10278,236,8272,226,2006,10,1,2,0,1,0,3,1,1
lol-game-116566854547769634,partial,,LPL,2026,,0,2026-08-05 10:15:09,2,16.15.800.8073,7,Red,jng,Heng,,LGD GAMING,,Trundle,1,1730,2,1,8,14,7,,,0.1591,12351,428.4,0.2024,245,8.5,12,0.42,20,0.69,,,,,,,,,,,,,,,,,,,,,,,,3587,85,3730,92,-143,-7,0,0,0,0,0,0,5622,131,6216,127,-594,4,0,2,0,3,0,1,7793,175,8424,164,-631,11,1,3,1,4,1,2,10602,224,10359,212,243,12,2,5,1,4,2,3,1,1
lol-game-116566854547769634,partial,,LPL,2026,,0,2026-08-05 10:15:09,2,16.15.800.8073,8,Red,mid,Tangyuan,,LGD GAMING,,Sylas,1,1730,4,1,5,14,7,,,0.2583,12489,433.1,0.2047,276,9.57,15,0.52,3,0.1,,,,,,,,,,,,,,,,,,,,,,,,3396,94,3610,106,-214,-12,0,0,0,0,0,0,5379,143,5267,148,112,-5,1,0,0,0,1,1,7261,193,7224,195,37,-2,1,2,1,0,3,1,9809,252,9489,260,320,-8,2,4,1,1,3,1,1,1
lol-game-116566854547769634,partial,,LPL,2026,,0,2026-08-05 10:15:09,2,16.15.800.8073,9,Red,bot,Shaoye,,LGD GAMING,,Draven,1,1730,6,1,4,14,7,,,0.1839,15981,554.3,0.2619,266,9.23,19,0.66,10,0.35,,,,,,,,,,,,,,,,,,,,,,,,3367,90,3333,90,34,0,0,0,0,0,0,0,6224,123,5398,141,826,-18,1,1,1,0,2,0,8752,174,7380,194,1372,-20,2,1,1,0,4,0,12201,231,9413,251,2788,-20,3,3,1,0,5,0,1,1
lol-game-116566854547769634,partial,,LPL,2026,,0,2026-08-05 10:15:09,2,16.15.800.8073,10,Red,sup,Crisp,,LGD GAMING,,Nautilus,1,1730,0,4,11,14,7,,,0.0617,7823,271.3,0.1282,29,1.01,62,2.15,10,0.35,,,,,,,,,,,,,,,,,,,,,,,,2348,17,2277,15,71,2,0,0,0,0,0,0,3616,24,3805,20,-189,4,0,1,2,0,3,0,4805,26,5334,21,-529,5,0,3,3,1,5,0,6193,27,6520,25,-327,2,0,6,4,1,6,1,1,1
lol-game-116566854547769634,partial,,LPL,2026,,0,2026-08-05 10:15:09,2,16.15.800.8073,,Red,team,,,LGD GAMING,,,1,1730,14,7,34,14,7,0.486,0.728,,61014,,,1073,,122,,54,,,,,,,3,1,3,1,2,0,0,1,0,0,0,0,1,0,8,3,1,0,16062,379,16746,407,-684,-28,0,0,0,0,0,0,26256,567,26029,589,227,-22,2,4,3,3,6,2,36651,758,35286,761,1365,-3,5,10,6,6,13,5,49083,970,44053,974,5030,-4,8,20,7,7,16,8,1,1
lol-game-116566854547769635,partial,,LPL,2026,,0,2026-08-05 11:17:01,3,16.15.800.8073,1,Blue,top,Xiaoxu,,Beijing JDG Esports,,Jax,1,1885,4,3,6,19,14,,,0.1962,13046,415.3,0.201,262,8.34,19,0.6,4,0.13,,,,,,,,,,,,,,,,,,,,,,,,3815,85,3034,79,781,6,1,0,0,0,0,1,6500,136,4855,130,1645,6,2,0,0,0,1,2,8295,190,6738,172,1557,18,2,2,1,1,3,3,10283,222,8108,198,2175,24,3,4,2,1,6,5,1,1
lol-game-116566854547769635,partial,,LPL,2026,,0,2026-08-05 11:17:01,3,16.15.800.8073,2,Blue,jng,JunJia,,Beijing JDG Esports,,Lee Sin,1,1885,5,2,9,19,14,,,0.1578,13397,426.4,0.2065,237,7.54,22,0.7,7,0.22,,,,,,,,,,,,,,,,,,,,,,,,3865,74,4180,87,-315,-13,1,1,0,1,0,0,5564,115,6991,120,-1427,-5,1,1,1,4,0,0,7751,151,9037,146,-1286,5,2,4,1,5,1,1,10296,189,11202,187,-906,2,3,7,2,5,3,1,1,1
lol-game-116566854547769635,partial,,LPL,2026,,0,2026-08-05 11:17:01,3,16.15.800.8073,3,Blue,mid,HongQ,,Beijing JDG Esports,,Orianna,1,1885,5,3,10,19,14,,,0.2452,12505,398.0,0.1927,241,7.67,19,0.6,8,0.25,,,,,,,,,,,,,,,,,,,,,,,,3759,94,3734,96,25,-2,1,0,0,0,1,1,5562,140,5853,148,-291,-8,1,1,1,1,1,1,7879,173,7152,177,727,-4,4,2,3,1,4,1,10017,206,8851,222,1166,-16,4,7,3,1,7,1,1,1
lol-game-116566854547769635,partial,,LPL,2026,,0,2026-08-05 11:17:01,3,16.15.800.8073,4,Blue,bot,GALA,,Beijing JDG Esports,,Kai'Sa,1,1885,5,1,6,19,14,,,0.2768,17190,547.2,0.2649,322,10.25,14,0.45,10,0.32,,,,,,,,,,,,,,,,,,,,,,,,3924,96,2998,73,926,23,1,1,0,0,0,2,6747,147,5433,126,1314,21,1,1,1,0,1,2,9370,206,9078,175,292,31,1,5,1,2,3,3,13239,254,11835,217,1404,37,4,6,1,5,4,4,1,1
lol-game-116566854547769635,partial,,LPL,2026,,0,2026-08-05 11:17:01,3,16.15.800.8073,5,Blue,sup,Vampire,,Beijing JDG Esports,,Camille,1,1885,0,5,11,19,14,,,0.124,8752,278.6,0.1349,39,1.24,72,2.29,25,0.8,,,,,,,,,,,,,,,,,,,,,,,,2711,15,2413,22,298,-7,0,3,1,0,0,0,4142,23,3795,25,347,-2,0,4,2,0,2,0,5392,30,5003,29,389,1,0,6,3,0,5,1,7105,34,6535,33,570,1,0,9,5,1,6,3,1,1
lol-game-116566854547769635,partial,,LPL,2026,,0,2026-08-05 11:17:01,3,16.15.800.8073,,Blue,team,,,Beijing JDG Esports,,,1,1885,19,14,42,19,14,0.605,1.05,,64890,,,1101,,146,,54,,,,,,,4,1,4,1,3,0,0,0,1,0,0,0,1,0,8,1,1,0,18074,364,16359,357,1715,7,4,5,1,1,1,4,28515,561,26927,549,1588,12,5,7,5,5,5,5,38687,750,37008,699,1679,51,9,19,9,9,16,9,50940,905,46531,857,4409,48,14,33,13,13,26,14,1,1
lol-game-116566854547769635,partial,,LPL,2026,,0,2026-08-05 11:17:01,3,16.15.800.8073,6,Red,top,Burdol,,LGD GAMING,,Ambessa,0,1885,1,6,7,14,19,,,0.2345,9986,317.9,0.1766,241,7.67,12,0.38,10,0.32,,,,,,,,,,,,,,,,,,,,,,,,3034,79,3815,85,-781,-6,0,0,1,1,0,0,4855,130,6500,136,-1645,-6,0,1,2,2,0,0,6738,172,8295,190,-1557,-18,1,3,3,2,2,1,8108,198,10283,222,-2175,-24,1,6,5,3,4,2,1,1
lol-game-116566854547769635,partial,,LPL,2026,,0,2026-08-05 11:17:01,3,16.15.800.8073,7,Red,jng,Heng,,LGD GAMING,,Nocturne,0,1885,5,2,4,14,19,,,0.174,12907,410.8,0.2282,215,6.84,13,0.41,14,0.45,,,,,,,,,,,,,,,,,,,,,,,,4180,87,3865,74,315,13,1,0,0,1,1,0,6991,120,5564,115,1427,5,4,0,0,1,1,1,9037,146,7751,151,1286,-5,5,1,1,2,4,1,11202,187,10296,189,906,-2,5,3,1,3,7,2,1,1
lol-game-116566854547769635,partial,,LPL,2026,,0,2026-08-05 11:17:01,3,16.15.800.8073,8,Red,mid,Tangyuan,,LGD GAMING,,Syndra,0,1885,1,2,8,14,19,,,0.2477,10622,338.1,0.1878,259,8.24,17,0.54,9,0.29,,,,,,,,,,,,,,,,,,,,,,,,3734,96,3759,94,-25,2,0,1,1,1,0,0,5853,148,5562,140,291,8,1,1,1,1,1,1,7152,177,7879,173,-727,4,1,4,1,4,2,3,8851,222,10017,206,-1166,16,1,7,1,4,7,3,1,1
lol-game-116566854547769635,partial,,LPL,2026,,0,2026-08-05 11:17:01,3,16.15.800.8073,9,Red,bot,Shaoye,,LGD GAMING,,Xayah,0,1885,6,5,4,14,19,,,0.294,15111,481.0,0.2672,283,9.01,19,0.6,17,0.54,,,,,,,,,,,,,,,,,,,,,,,,2998,73,3924,96,-926,-23,0,0,2,1,1,0,5433,126,6747,147,-1314,-21,0,1,2,1,1,1,9078,175,9370,206,-292,-31,2,3,3,1,5,1,11835,217,13239,254,-1404,-37,5,4,4,4,6,1,1,1
lol-game-116566854547769635,partial,,LPL,2026,,0,2026-08-05 11:17:01,3,16.15.800.8073,10,Red,sup,Crisp,,LGD GAMING,,Leona,0,1885,1,4,7,14,19,,,0.0497,7929,252.4,0.1402,37,1.18,70,2.23,15,0.48,,,,,,,,,,,,,,,,,,,,,,,,2413,22,2711,15,-298,7,0,0,0,0,3,1,3795,25,4142,23,-347,2,0,2,0,0,4,2,5003,29,5392,30,-389,-1,0,5,1,0,6,3,6535,33,7105,34,-570,-1,1,6,3,0,9,5,1,1
lol-game-116566854547769635,partial,,LPL,2026,,0,2026-08-05 11:17:01,3,16.15.800.8073,,Red,team,,,LGD GAMING,,,0,1885,14,19,30,14,19,0.446,1.05,,56555,,,1035,,131,,65,,,,,,,1,4,1,4,0,0,1,0,0,0,0,0,0,1,1,8,0,1,16359,357,18074,364,-1715,-7,1,1,4,4,5,1,26927,549,28515,561,-1588,-12,5,5,5,5,7,5,37008,699,38687,750,-1679,-51,9,16,9,9,19,9,46531,857,50940,905,-4409,-48,13,26,14,14,33,13,1,1
lol-game-116566854547769637,partial,,LPL,2026,,0,2026-08-07 07:00:00,1,,1,Blue,top,Zdz,,EDWARD GAMING,,Ambessa,0,,0,0,0,0,0,,,,2425,,0.2161,65,,0,,0,,,,,,,,,,,,,,,,,,,,,,,,,,,,,,,,,,,,,,,,,,,,,,,,,,,,,,,,,,,,,,,,,,,,,,,,,1,0
lol-game-116566854547769637,partial,,LPL,2026,,0,2026-08-07 07:00:00,1,,2,Blue,jng,Jiejie,,EDWARD GAMING,,Jarvan IV,0,,0,0,0,0,0,,,,2368,,0.211,50,,0,,0,,,,,,,,,,,,,,,,,,,,,,,,,,,,,,,,,,,,,,,,,,,,,,,,,,,,,,,,,,,,,,,,,,,,,,,,,1,0
lol-game-116566854547769637,partial,,LPL,2026,,0,2026-08-07 07:00:00,1,,3,Blue,mid,BuLLDoG,,EDWARD GAMING,,Ryze,0,,0,0,0,0,0,,,,2513,,0.2239,68,,0,,0,,,,,,,,,,,,,,,,,,,,,,,,,,,,,,,,,,,,,,,,,,,,,,,,,,,,,,,,,,,,,,,,,,,,,,,,,1,0
lol-game-116566854547769637,partial,,LPL,2026,,0,2026-08-07 07:00:00,1,,4,Blue,bot,Leave,,EDWARD GAMING,,Lucian,0,,0,0,0,0,0,,,,2271,,0.2023,58,,0,,0,,,,,,,,,,,,,,,,,,,,,,,,,,,,,,,,,,,,,,,,,,,,,,,,,,,,,,,,,,,,,,,,,,,,,,,,,1,0
lol-game-116566854547769637,partial,,LPL,2026,,0,2026-08-07 07:00:00,1,,5,Blue,sup,Parukia,,EDWARD GAMING,,Milio,0,,0,0,0,0,0,,,,1647,,0.1467,10,,0,,0,,,,,,,,,,,,,,,,,,,,,,,,,,,,,,,,,,,,,,,,,,,,,,,,,,,,,,,,,,,,,,,,,,,,,,,,,1,0
lol-game-116566854547769637,partial,,LPL,2026,,0,2026-08-07 07:00:00,1,,,Blue,team,,,EDWARD GAMING,,,0,,0,0,0,0,0,,,,11224,,,251,,0,,0,,,,,,,0,1,0,0,0,0,0,0,0,0,0,0,0,0,0,0,,,,,,,,,,,,,,,,,,,,,,,,,,,,,,,,,,,,,,,,,,,,,,,,,,,1,0
lol-game-116566854547769637,partial,,LPL,2026,,0,2026-08-07 07:00:00,1,,6,Red,top,Xiaoxu,,Beijing JDG Esports,,Gnar,0,,0,0,0,0,0,,,,2471,,0.2205,67,,0,,0,,,,,,,,,,,,,,,,,,,,,,,,,,,,,,,,,,,,,,,,,,,,,,,,,,,,,,,,,,,,,,,,,,,,,,,,,1,0
lol-game-116566854547769637,partial,,LPL,2026,,0,2026-08-07 07:00:00,1,,7,Red,jng,JunJia,,Beijing JDG Esports,,Vi,0,,0,0,0,0,0,,,,2312,,0.2063,46,,0,,0,,,,,,,,,,,,,,,,,,,,,,,,,,,,,,,,,,,,,,,,,,,,,,,,,,,,,,,,,,,,,,,,,,,,,,,,,1,0
lol-game-116566854547769637,partial,,LPL,2026,,0,2026-08-07 07:00:00,1,,8,Red,mid,HongQ,,Beijing JDG Esports,,Akali,0,,0,0,0,0,0,,,,2440,,0.2177,64,,0,,0,,,,,,,,,,,,,,,,,,,,,,,,,,,,,,,,,,,,,,,,,,,,,,,,,,,,,,,,,,,,,,,,,,,,,,,,,1,0
lol-game-116566854547769637,partial,,LPL,2026,,0,2026-08-07 07:00:00,1,,9,Red,bot,GALA,,Beijing JDG Esports,,Xayah,0,,0,0,0,0,0,,,,2334,,0.2083,50,,0,,0,,,,,,,,,,,,,,,,,,,,,,,,,,,,,,,,,,,,,,,,,,,,,,,,,,,,,,,,,,,,,,,,,,,,,,,,,1,0
lol-game-116566854547769637,partial,,LPL,2026,,0,2026-08-07 07:00:00,1,,10,Red,sup,Vampire,,Beijing JDG Esports,,Rakan,0,,0,0,0,0,0,,,,1650,,0.1472,12,,0,,0,,,,,,,,,,,,,,,,,,,,,,,,,,,,,,,,,,,,,,,,,,,,,,,,,,,,,,,,,,,,,,,,,,,,,,,,,1,0
lol-game-116566854547769637,partial,,LPL,2026,,0,2026-08-07 07:00:00,1,,,Red,team,,,Beijing JDG Esports,,,0,,0,0,0,0,0,,,,11207,,,239,,0,,0,,,,,,,1,0,0,0,0,0,0,0,0,0,0,0,0,0,0,0,,,,,,,,,,,,,,,,,,,,,,,,,,,,,,,,,,,,,,,,,,,,,,,,,,,1,0
lol-game-116566854547769638,partial,,LPL,2026,,0,2026-08-07 08:35:00,2,16.15.800.8073,1,Blue,top,Xiaoxu,,Beijing JDG Esports,,Rumble,1,1666,0,2,7,17,9,,,0.1593,12284,442.4,0.1898,317,11.42,18,0.65,6,0.22,,,,,,,,,,,,,,,,,,,,,,,,4224,126,4706,121,-482,5,0,0,1,1,0,0,5882,176,6778,191,-896,-15,0,0,1,1,0,0,8782,246,9664,257,-882,-11,0,0,1,2,2,0,10706,285,11330,296,-624,-11,0,5,2,2,4,1,1,1
lol-game-116566854547769638,partial,,LPL,2026,,0,2026-08-07 08:35:00,2,16.15.800.8073,2,Blue,jng,JunJia,,Beijing JDG Esports,,Trundle,1,1666,5,0,11,17,9,,,0.1257,14384,518.0,0.2222,236,8.5,9,0.32,17,0.61,,,,,,,,,,,,,,,,,,,,,,,,4418,93,4121,89,297,4,0,3,0,0,1,0,6732,138,5954,130,778,8,1,4,0,0,2,0,10111,180,8227,179,1884,1,3,4,0,0,3,0,12745,221,10010,207,2735,14,5,6,0,1,4,1,1,1
lol-game-116566854547769638,partial,,LPL,2026,,0,2026-08-07 08:35:00,2,16.15.800.8073,3,Blue,mid,HongQ,,Beijing JDG Esports,,Viktor,1,1666,3,3,11,17,9,,,0.3618,12832,462.1,0.1982,270,9.72,17,0.61,7,0.25,,,,,,,,,,,,,,,,,,,,,,,,5288,128,3561,93,1727,35,2,1,0,0,0,2,8008,179,5615,135,2393,44,3,2,1,1,0,3,9390,210,7877,173,1513,37,3,2,3,2,1,3,11296,252,9376,193,1920,59,3,6,3,2,2,4,1,1
lol-game-116566854547769638,partial,,LPL,2026,,0,2026-08-07 08:35:00,2,16.15.800.8073,4,Blue,bot,GALA,,Beijing JDG Esports,,Corki,1,1666,9,1,3,17,9,,,0.2966,17114,616.4,0.2644,298,10.73,8,0.29,14,0.5,,,,,,,,,,,,,,,,,,,,,,,,4608,118,4226,122,382,-4,1,0,0,0,0,0,7515,178,6609,163,906,15,1,1,0,0,0,0,10181,221,9718,211,463,10,1,3,1,1,1,2,13695,275,12545,269,1150,6,4,3,1,2,2,3,1,1
lol-game-116566854547769638,partial,,LPL,2026,,0,2026-08-07 08:35:00,2,16.15.800.8073,5,Blue,sup,Vampire,,Beijing JDG Esports,,Nautilus,1,1666,0,3,10,17,9,,,0.0566,8118,292.4,0.1254,36,1.3,60,2.16,19,0.68,,,,,,,,,,,,,,,,,,,,,,,,2963,21,2646,19,317,2,0,2,0,0,0,1,4251,26,3736,23,515,3,0,3,0,0,1,2,5733,32,5476,26,257,6,0,4,1,1,3,2,6938,33,6619,26,319,7,0,6,2,1,5,3,1,1
lol-game-116566854547769638,partial,,LPL,2026,,0,2026-08-07 08:35:00,2,16.15.800.8073,,Blue,team,,,Beijing JDG Esports,,,1,1666,17,9,42,17,9,0.612,0.936,,64732,,,1157,,112,,63,,,,,,,3,1,3,1,0,2,1,0,0,0,0,0,1,1,9,3,2,0,21501,486,19260,444,2241,42,3,6,1,1,1,3,32388,697,28692,642,3696,55,5,10,2,2,3,5,44197,889,40962,846,3235,43,7,13,6,6,10,7,55380,1066,49880,991,5500,75,12,26,8,8,17,12,1,1
lol-game-116566854547769638,partial,,LPL,2026,,0,2026-08-07 08:35:00,2,16.15.800.8073,6,Red,top,Zdz,,EDWARD GAMING,,K'Sante,0,1666,2,2,5,9,17,,,0.1348,12760,459.5,0.2343,319,11.49,15,0.54,7,0.25,,,,,,,,,,,,,,,,,,,,,,,,4706,121,4224,126,482,-5,1,0,0,0,0,1,6778,191,5882,176,896,15,1,0,0,0,0,1,9664,257,8782,246,882,11,2,2,0,0,0,1,11330,296,10706,285,624,11,2,4,1,0,5,2,1,1
lol-game-116566854547769638,partial,,LPL,2026,,0,2026-08-07 08:35:00,2,16.15.800.8073,7,Red,jng,Jiejie,,EDWARD GAMING,,Naafiri,0,1666,1,2,5,9,17,,,0.2337,10769,387.8,0.1977,220,7.92,7,0.25,13,0.47,,,,,,,,,,,,,,,,,,,,,,,,4121,89,4418,93,-297,-4,0,1,0,0,3,0,5954,130,6732,138,-778,-8,0,2,0,1,4,0,8227,179,10111,180,-1884,-1,0,3,0,3,4,0,10010,207,12745,221,-2735,-14,1,4,1,5,6,0,1,1
lol-game-116566854547769638,partial,,LPL,2026,,0,2026-08-07 08:35:00,2,16.15.800.8073,8,Red,mid,BuLLDoG,,EDWARD GAMING,,Sylas,0,1666,3,5,2,9,17,,,0.2029,10445,376.2,0.1918,212,7.64,9,0.32,6,0.22,,,,,,,,,,,,,,,,,,,,,,,,3561,93,5288,128,-1727,-35,0,0,2,2,1,0,5615,135,8008,179,-2393,-44,1,0,3,3,2,1,7877,173,9390,210,-1513,-37,2,1,3,3,2,3,9376,193,11296,252,-1920,-59,2,2,4,3,6,3,1,1
lol-game-116566854547769638,partial,,LPL,2026,,0,2026-08-07 08:35:00,2,16.15.800.8073,9,Red,bot,Leave,,EDWARD GAMING,,Ezreal,0,1666,2,4,3,9,17,,,0.3489,13325,479.9,0.2447,284,10.23,13,0.47,8,0.29,,,,,,,,,,,,,,,,,,,,,,,,4226,122,4608,118,-382,4,0,0,0,1,0,0,6609,163,7515,178,-906,-15,0,0,0,1,1,0,9718,211,10181,221,-463,-10,1,1,2,1,3,1,12545,269,13695,275,-1150,-6,2,2,3,4,3,1,1,1
lol-game-116566854547769638,partial,,LPL,2026,,0,2026-08-07 08:35:00,2,16.15.800.8073,10,Red,sup,Parukia,,EDWARD GAMING,,Rell,0,1666,1,4,6,9,17,,,0.0797,7160,257.9,0.1315,26,0.94,71,2.56,8,0.29,,,,,,,,,,,,,,,,,,,,,,,,2646,19,2963,21,-317,-2,0,0,1,0,2,0,3736,23,4251,26,-515,-3,0,1,2,0,3,0,5476,26,5733,32,-257,-6,1,3,2,0,4,1,6619,26,6938,33,-319,-7,1,5,3,0,6,2,1,1
lol-game-116566854547769638,partial,,LPL,2026,,0,2026-08-07 08:35:00,2,16.15.800.8073,,Red,team,,,EDWARD GAMING,,,0,1666,9,17,21,9,17,0.324,0.936,,54459,,,1061,,115,,42,,,,,,,1,3,1,3,0,0,0,0,0,1,0,0,1,1,3,9,0,2,19260,444,21501,486,-2241,-42,1,1,3,3,6,1,28692,642,32388,697,-3696,-55,2,3,5,5,10,2,40962,846,44197,889,-3235,-43,6,10,7,7,13,6,49880,991,55380,1066,-5500,-75,8,17,12,12,26,8,1,1
lol-game-116566854547769641,partial,,LPL,2026,,0,2026-07-30 11:35:00,1,16.14.794.5912,1,Blue,top,Xiaoxu,,Beijing JDG Esports,,Ambessa,0,1859,0,5,2,13,23,,,0.136,11629,375.3,0.1925,282,9.1,18,0.58,4,0.13,,,,,,,,,,,,,,,,,,,,,,,,3683,95,4231,108,-548,-13,0,0,1,1,0,1,5467,146,6361,171,-894,-25,0,0,2,1,3,1,7588,203,8585,237,-997,-34,0,0,2,1,3,1,9004,239,11855,277,-2851,-38,0,1,4,4,7,1,1,1
lol-game-116566854547769641,partial,,LPL,2026,,0,2026-07-30 11:35:00,1,16.14.794.5912,2,Blue,jng,JunJia,,Beijing JDG Esports,,Jarvan IV,0,1859,3,4,8,13,23,,,0.1375,12072,389.6,0.1998,231,7.46,15,0.48,9,0.29,,,,,,,,,,,,,,,,,,,,,,,,4841,102,4236,93,605,9,1,4,0,0,1,1,6917,145,6857,127,60,18,2,4,0,2,2,2,8860,183,9462,175,-602,8,2,5,1,3,3,2,10604,208,13418,209,-2814,-1,3,7,3,7,7,2,1,1
lol-game-116566854547769641,partial,,LPL,2026,,0,2026-07-30 11:35:00,1,16.14.794.5912,3,Blue,mid,HongQ,,Beijing JDG Esports,,Locke,0,1859,5,5,5,13,23,,,0.298,12720,410.5,0.2105,266,8.59,12,0.39,12,0.39,,,,,,,,,,,,,,,,,,,,,,,,4942,109,3796,96,1146,13,3,1,0,0,0,3,6776,153,5364,129,1412,24,3,2,1,0,2,3,9101,200,7246,171,1855,29,4,2,2,1,3,4,11026,234,9079,184,1947,50,5,4,3,1,11,4,1,1
lol-game-116566854547769641,partial,,LPL,2026,,0,2026-07-30 11:35:00,1,16.14.794.5912,4,Blue,bot,GALA,,Beijing JDG Esports,,Sivir,0,1859,4,3,2,13,23,,,0.3097,16054,518.1,0.2657,382,12.33,15,0.48,16,0.52,,,,,,,,,,,,,,,,,,,,,,,,5480,122,4861,119,619,3,2,1,0,1,0,1,7874,183,8260,170,-386,13,2,1,0,2,0,1,10415,259,11408,239,-993,20,2,1,0,3,0,1,12606,298,14923,287,-2317,11,3,2,2,4,2,2,1,1
lol-game-116566854547769641,partial,,LPL,2026,,0,2026-07-30 11:35:00,1,16.14.794.5912,5,Blue,sup,Vampire,,Beijing JDG Esports,,Camille,0,1859,1,6,8,13,23,,,0.1188,7951,256.6,0.1316,32,1.03,78,2.52,19,0.61,,,,,,,,,,,,,,,,,,,,,,,,3124,19,2777,22,347,-3,1,3,1,0,1,1,4254,25,3924,25,330,0,1,4,2,0,2,1,5531,28,5057,29,474,-1,1,5,3,0,3,1,6666,29,6708,32,-42,-3,1,8,4,0,9,3,1,1
lol-game-116566854547769641,partial,,LPL,2026,,0,2026-07-30 11:35:00,1,16.14.794.5912,,Blue,team,,,Beijing JDG Esports,,,0,1859,13,23,25,13,23,0.42,1.162,,60426,,,1193,,138,,60,,,,,,,2,3,2,3,1,0,1,0,0,0,0,0,0,1,4,9,0,2,22070,447,19901,438,2169,9,7,9,2,2,2,7,31288,652,30766,622,522,30,8,11,5,5,9,8,41495,873,41758,851,-263,22,9,13,8,8,12,9,49906,1008,55983,989,-6077,19,12,22,16,16,36,12,1,1
lol-game-116566854547769641,partial,,LPL,2026,,0,2026-07-30 11:35:00,1,16.14.794.5912,6,Red,top,Keshi,,THUNDER TALK GAMING,,Rumble,1,1859,4,1,13,23,13,,,0.3436,15394,496.8,0.2155,338,10.91,15,0.48,5,0.16,,,,,,,,,,,,,,,,,,,,,,,,4231,108,3683,95,548,13,1,0,1,0,0,1,6361,171,5467,146,894,25,1,3,1,0,0,2,8585,237,7588,203,997,34,1,3,1,0,0,2,11855,277,9004,239,2851,38,4,7,1,0,1,4,1,1
lol-game-116566854547769641,partial,,LPL,2026,,0,2026-07-30 11:35:00,1,16.14.794.5912,7,Red,jng,Junhao,,THUNDER TALK GAMING,,Pantheon,1,1859,7,2,12,23,13,,,0.2672,15637,504.7,0.2189,246,7.94,12,0.39,7,0.23,,,,,,,,,,,,,,,,,,,,,,,,4236,93,4841,102,-605,-9,0,1,1,1,4,0,6857,127,6917,145,-60,-18,2,2,2,2,4,0,9462,175,8860,183,602,-8,3,3,2,2,5,1,13418,209,10604,208,2814,1,7,7,2,3,7,3,1,1
lol-game-116566854547769641,partial,,LPL,2026,,0,2026-07-30 11:35:00,1,16.14.794.5912,8,Red,mid,Heru,,THUNDER TALK GAMING,,Orianna,1,1859,4,4,15,23,13,,,0.1529,11582,373.8,0.1621,198,6.39,20,0.65,10,0.32,,,,,,,,,,,,,,,,,,,,,,,,3796,96,4942,109,-1146,-13,0,0,3,3,1,0,5364,129,6776,153,-1412,-24,0,2,3,3,2,1,7246,171,9101,200,-1855,-29,1,3,4,4,2,2,9079,184,11026,234,-1947,-50,1,11,4,5,4,3,1,1
lol-game-116566854547769641,partial,,LPL,2026,,0,2026-07-30 11:35:00,1,16.14.794.5912,9,Red,bot,Ahn,,THUNDER TALK GAMING,,Draven,1,1859,8,2,3,23,13,,,0.1813,20284,654.7,0.2839,344,11.1,19,0.61,13,0.42,,,,,,,,,,,,,,,,,,,,,,,,4861,119,5480,122,-619,-3,1,0,1,2,1,0,8260,170,7874,183,386,-13,2,0,1,2,1,0,11408,239,10415,259,993,-20,3,0,1,2,1,0,14923,287,12606,298,2317,-11,4,2,2,3,2,2,1,1
lol-game-116566854547769641,partial,,LPL,2026,,0,2026-07-30 11:35:00,1,16.14.794.5912,10,Red,sup,Feather,,THUNDER TALK GAMING,,Nautilus,1,1859,0,4,15,23,13,,,0.055,8546,275.8,0.1196,35,1.13,69,2.23,15,0.48,,,,,,,,,,,,,,,,,,,,,,,,2777,22,3124,19,-347,3,0,1,1,1,3,1,3924,25,4254,25,-330,0,0,2,1,1,4,2,5057,29,5531,28,-474,1,0,3,1,1,5,3,6708,32,6666,29,42,3,0,9,3,1,8,4,1,1
lol-game-116566854547769641,partial,,LPL,2026,,0,2026-07-30 11:35:00,1,16.14.794.5912,,Red,team,,,THUNDER TALK GAMING,,,1,1859,23,13,58,23,13,0.742,1.162,,71443,,,1161,,135,,50,,,,,,,3,2,3,2,0,0,0,3,0,0,0,0,1,0,9,4,2,0,19901,438,22070,447,-2169,-9,2,2,7,7,9,2,30766,622,31288,652,-522,-30,5,9,8,8,11,5,41758,851,41495,873,263,-22,8,12,9,9,13,8,55983,989,49906,1008,6077,-19,16,36,12,12,22,16,1,1
lol-game-116566854547769642,partial,,LPL,2026,,0,2026-07-30 12:35:00,2,16.14.794.5912,1,Blue,top,Keshi,,THUNDER TALK GAMING,,Gnar,0,1392,1,5,3,7,17,,,0.2062,10106,435.6,0.2093,256,11.03,10,0.43,5,0.22,,,,,,,,,,,,,,,,,,,,,,,,4447,124,5532,133,-1085,-9,0,0,3,3,0,0,6458,185,7862,192,-1404,-7,0,0,3,3,1,0,8759,225,10476,235,-1717,-10,1,2,4,4,4,0,,,,,,,,,,,,,1,1
lol-game-116566854547769642,partial,,LPL,2026,,0,2026-07-30 12:35:00,2,16.14.794.5912,2,Blue,jng,Junhao,,THUNDER TALK GAMING,,Vi,0,1392,2,3,1,7,17,,,0.1129,10034,432.5,0.2078,218,9.4,7,0.3,15,0.65,,,,,,,,,,,,,,,,,,,,,,,,5281,116,5410,110,-129,6,1,1,0,1,2,0,6759,147,8480,173,-1721,-26,1,1,1,2,2,0,8812,194,10804,199,-1992,-5,2,1,2,4,2,1,,,,,,,,,,,,,1,1
lol-game-116566854547769642,partial,,LPL,2026,,0,2026-07-30 12:35:00,2,16.14.794.5912,3,Blue,mid,Heru,,THUNDER TALK GAMING,,Ryze,0,1392,2,4,4,7,17,,,0.2931,10059,433.6,0.2083,248,10.69,13,0.56,3,0.13,,,,,,,,,,,,,,,,,,,,,,,,4694,124,5781,155,-1087,-31,0,2,2,1,1,0,6089,164,7768,199,-1679,-35,0,2,2,1,1,0,8664,226,10096,245,-1432,-19,1,4,3,2,3,0,,,,,,,,,,,,,1,1
lol-game-116566854547769642,partial,,LPL,2026,,0,2026-07-30 12:35:00,2,16.14.794.5912,4,Blue,bot,Ahn,,THUNDER TALK GAMING,,Jhin,0,1392,1,2,4,7,17,,,0.3062,11441,493.1,0.2369,268,11.55,12,0.52,11,0.47,,,,,,,,,,,,,,,,,,,,,,,,5609,127,5674,138,-65,-11,1,0,0,1,0,1,7827,199,7946,197,-119,2,1,0,0,1,0,1,9947,241,10181,239,-234,2,1,3,1,2,1,2,,,,,,,,,,,,,1,1
lol-game-116566854547769642,partial,,LPL,2026,,0,2026-07-30 12:35:00,2,16.14.794.5912,5,Blue,sup,Feather,,THUNDER TALK GAMING,,Shen,0,1392,1,3,3,7,17,,,0.0816,6655,286.9,0.1378,33,1.42,54,2.33,12,0.52,,,,,,,,,,,,,,,,,,,,,,,,3644,23,3387,12,257,11,1,1,1,0,2,2,4718,27,4621,17,97,10,1,1,1,0,2,2,5839,31,6020,19,-181,12,1,3,2,0,4,3,,,,,,,,,,,,,1,1
lol-game-116566854547769642,partial,,LPL,2026,,0,2026-07-30 12:35:00,2,16.14.794.5912,,Blue,team,,,THUNDER TALK GAMING,,,0,1392,7,17,15,7,17,0.302,1.034,,48295,,,1023,,96,,46,,,,,,,0,3,0,3,0,0,0,0,0,0,0,0,0,1,1,8,0,1,23675,514,25784,548,-2109,-34,3,4,6,6,5,3,31851,722,36677,778,-4826,-56,3,4,7,7,6,3,42021,917,47577,937,-5556,-20,6,13,12,12,14,6,,,,,,,,,,,,,1,1
lol-game-116566854547769642,partial,,LPL,2026,,0,2026-07-30 12:35:00,2,16.14.794.5912,6,Red,top,Xiaoxu,,Beijing JDG Esports,,Tristana,1,1392,6,0,5,17,7,,,0.3087,13045,562.3,0.2274,281,12.11,15,0.65,6,0.26,,,,,,,,,,,,,,,,,,,,,,,,5532,133,4447,124,1085,9,3,0,0,0,0,3,7862,192,6458,185,1404,7,3,1,0,0,0,3,10476,235,8759,225,1717,10,4,4,0,1,2,4,,,,,,,,,,,,,1,1
lol-game-116566854547769642,partial,,LPL,2026,,0,2026-07-30 12:35:00,2,16.14.794.5912,7,Red,jng,JunJia,,Beijing JDG Esports,,Naafiri,1,1392,6,1,2,17,7,,,0.2196,12878,555.1,0.2245,223,9.61,8,0.34,15,0.65,,,,,,,,,,,,,,,,,,,,,,,,5410,110,5281,116,129,-6,1,2,0,1,1,0,8480,173,6759,147,1721,26,2,2,0,1,1,1,10804,199,8812,194,1992,5,4,2,1,2,1,2,,,,,,,,,,,,,1,1
lol-game-116566854547769642,partial,,LPL,2026,,0,2026-07-30 12:35:00,2,16.14.794.5912,8,Red,mid,HongQ,,Beijing JDG Esports,,Anivia,1,1392,3,0,6,17,7,,,0.2474,12431,535.8,0.2167,273,11.77,20,0.86,4,0.17,,,,,,,,,,,,,,,,,,,,,,,,5781,155,4694,124,1087,31,1,1,0,0,2,2,7768,199,6089,164,1679,35,1,1,0,0,2,2,10096,245,8664,226,1432,19,2,3,0,1,4,3,,,,,,,,,,,,,1,1
lol-game-116566854547769642,partial,,LPL,2026,,0,2026-07-30 12:35:00,2,16.14.794.5912,9,Red,bot,GALA,,Beijing JDG Esports,,Varus,1,1392,2,2,3,17,7,,,0.1739,11795,508.4,0.2056,257,11.08,15,0.65,6,0.26,,,,,,,,,,,,,,,,,,,,,,,,5674,138,5609,127,65,11,1,0,1,1,0,0,7946,197,7827,199,119,-2,1,0,1,1,0,0,10181,239,9947,241,234,-2,2,1,2,1,3,1,,,,,,,,,,,,,1,1
lol-game-116566854547769642,partial,,LPL,2026,,0,2026-07-30 12:35:00,2,16.14.794.5912,10,Red,sup,Vampire,,Beijing JDG Esports,,Alistar,1,1392,0,4,9,17,7,,,0.0503,7220,311.2,0.1259,22,0.95,63,2.72,11,0.47,,,,,,,,,,,,,,,,,,,,,,,,3387,12,3644,23,-257,-11,0,2,2,1,1,1,4621,17,4718,27,-97,-10,0,2,2,1,1,1,6020,19,5839,31,181,-12,0,4,3,1,3,2,,,,,,,,,,,,,1,1
lol-game-116566854547769642,partial,,LPL,2026,,0,2026-07-30 12:35:00,2,16.14.794.5912,,Red,team,,,Beijing JDG Esports,,,1,1392,17,7,25,17,7,0.733,1.034,,57369,,,1056,,121,,42,,,,,,,3,0,3,0,0,0,1,1,1,0,0,0,1,0,8,1,1,0,25784,548,23675,514,2109,34,6,5,3,3,4,6,36677,778,31851,722,4826,56,7,6,3,3,4,7,47577,937,42021,917,5556,20,12,14,6,6,13,12,,,,,,,,,,,,,1,1
lol-game-116566854547769643,partial,,LPL,2026,,0,2026-07-30 13:25:00,3,16.14.794.5912,1,Blue,top,Xiaoxu,,Beijing JDG Esports,,Malphite,1,1815,8,0,4,23,5,,,0.2453,14419,476.7,0.2076,270,8.93,21,0.69,9,0.3,,,,,,,,,,,,,,,,,,,,,,,,4682,112,3556,90,1126,22,1,0,0,0,0,1,7086,164,5212,143,1874,21,2,0,0,0,0,1,9889,207,7603,195,2286,12,5,0,0,1,0,1,12271,251,9334,235,2937,16,6,2,0,1,0,2,1,1
lol-game-116566854547769643,partial,,LPL,2026,,0,2026-07-30 13:25:00,3,16.14.794.5912,2,Blue,jng,JunJia,,Beijing JDG Esports,,Trundle,1,1815,7,1,10,23,5,,,0.154,15935,526.8,0.2294,260,8.6,14,0.46,28,0.93,,,,,,,,,,,,,,,,,,,,,,,,4858,106,4624,101,234,5,1,2,0,0,0,1,7630,159,6678,137,952,22,1,3,0,0,1,1,10227,201,9288,157,939,44,2,6,1,2,2,3,13525,231,11437,192,2088,39,6,7,1,2,2,4,1,1
lol-game-116566854547769643,partial,,LPL,2026,,0,2026-07-30 13:25:00,3,16.14.794.5912,3,Blue,mid,HongQ,,Beijing JDG Esports,,Galio,1,1815,1,1,12,23,5,,,0.2,12752,421.6,0.1836,302,9.98,15,0.5,7,0.23,,,,,,,,,,,,,,,,,,,,,,,,4543,127,4185,126,358,1,0,0,0,0,0,0,6842,180,6162,189,680,-9,0,2,0,0,0,1,8782,232,7662,229,1120,3,0,4,1,0,1,2,10788,266,9190,260,1598,6,1,7,1,0,1,4,1,1
lol-game-116566854547769643,partial,,LPL,2026,,0,2026-07-30 13:25:00,3,16.14.794.5912,4,Blue,bot,GALA,,Beijing JDG Esports,,Ezreal,1,1815,7,1,7,23,5,,,0.2711,16791,555.1,0.2417,325,10.74,14,0.46,10,0.33,,,,,,,,,,,,,,,,,,,,,,,,6253,123,3569,84,2684,39,3,0,0,0,0,2,8580,176,6096,129,2484,47,4,0,0,0,0,3,10699,231,9416,193,1283,38,4,0,1,1,2,3,13151,276,11884,241,1267,35,4,5,1,1,2,5,1,1
lol-game-116566854547769643,partial,,LPL,2026,,0,2026-07-30 13:25:00,3,16.14.794.5912,5,Blue,sup,Vampire,,Beijing JDG Esports,,Seraphine,1,1815,0,2,15,23,5,,,0.1296,9565,316.2,0.1377,29,0.96,58,1.92,13,0.43,,,,,,,,,,,,,,,,,,,,,,,,3701,13,2903,16,798,-3,0,3,0,0,0,1,5009,17,4227,19,782,-2,0,4,1,1,0,1,6146,18,5369,22,777,-4,0,4,2,1,2,2,8053,27,6586,24,1467,3,0,10,2,1,2,2,1,1
lol-game-116566854547769643,partial,,LPL,2026,,0,2026-07-30 13:25:00,3,16.14.794.5912,,Blue,team,,,Beijing JDG Esports,,,1,1815,23,5,48,23,5,0.76,0.926,,69462,,,1186,,122,,67,,,,,,,4,0,4,0,2,0,1,1,0,0,0,0,0,1,10,0,3,0,24037,481,18837,417,5200,64,5,5,0,0,0,5,35147,696,28375,617,6772,79,7,9,1,1,1,7,45743,889,39338,796,6405,93,11,14,5,5,7,11,57788,1051,48431,952,9357,99,17,31,5,5,7,17,1,1
lol-game-116566854547769643,partial,,LPL,2026,,0,2026-07-30 13:25:00,3,16.14.794.5912,6,Red,top,Keshi,,THUNDER TALK GAMING,,Vayne,0,1815,1,3,0,5,23,,,0.1448,11425,377.7,0.1998,285,9.42,15,0.5,8,0.26,,,,,,,,,,,,,,,,,,,,,,,,3556,90,4682,112,-1126,-22,0,0,1,1,0,0,5212,143,7086,164,-1874,-21,0,0,1,2,0,0,7603,195,9889,207,-2286,-12,1,0,1,5,0,0,9334,235,12271,251,-2937,-16,1,0,2,6,2,0,1,1
lol-game-116566854547769643,partial,,LPL,2026,,0,2026-07-30 13:25:00,3,16.14.794.5912,7,Red,jng,Junhao,,THUNDER TALK GAMING,,Kha'Zix,0,1815,2,5,2,5,23,,,0.2946,13407,443.2,0.2344,232,7.67,9,0.3,9,0.3,,,,,,,,,,,,,,,,,,,,,,,,4624,101,4858,106,-234,-5,0,0,1,1,2,0,6678,137,7630,159,-952,-22,0,1,1,1,3,0,9288,157,10227,201,-939,-44,2,2,3,2,6,1,11437,192,13525,231,-2088,-39,2,2,4,6,7,1,1,1
lol-game-116566854547769643,partial,,LPL,2026,,0,2026-07-30 13:25:00,3,16.14.794.5912,8,Red,mid,Heru,,THUNDER TALK GAMING,,Cassiopeia,0,1815,0,5,1,5,23,,,0.1622,10561,349.1,0.1847,291,9.62,18,0.6,5,0.17,,,,,,,,,,,,,,,,,,,,,,,,4185,126,4543,127,-358,-1,0,0,0,0,0,0,6162,189,6842,180,-680,9,0,0,1,0,2,0,7662,229,8782,232,-1120,-3,0,1,2,0,4,1,9190,260,10788,266,-1598,-6,0,1,4,1,7,1,1,1
lol-game-116566854547769643,partial,,LPL,2026,,0,2026-07-30 13:25:00,3,16.14.794.5912,9,Red,bot,Ahn,,THUNDER TALK GAMING,,Kai'Sa,0,1815,1,6,2,5,23,,,0.2698,14063,464.9,0.2459,295,9.75,14,0.46,9,0.3,,,,,,,,,,,,,,,,,,,,,,,,3569,84,6253,123,-2684,-39,0,0,2,3,0,0,6096,129,8580,176,-2484,-47,0,0,3,4,0,0,9416,193,10699,231,-1283,-38,1,2,3,4,0,1,11884,241,13151,276,-1267,-35,1,2,5,4,5,1,1,1
lol-game-116566854547769643,partial,,LPL,2026,,0,2026-07-30 13:25:00,3,16.14.794.5912,10,Red,sup,Feather,,THUNDER TALK GAMING,,Neeko,0,1815,1,4,2,5,23,,,0.1286,7735,255.7,0.1352,32,1.06,76,2.51,15,0.5,,,,,,,,,,,,,,,,,,,,,,,,2903,16,3701,13,-798,3,0,0,1,0,3,0,4227,19,5009,17,-782,2,1,0,1,0,4,1,5369,22,6146,18,-777,4,1,2,2,0,4,2,6586,24,8053,27,-1467,-3,1,2,2,0,10,2,1,1
lol-game-116566854547769643,partial,,LPL,2026,,0,2026-07-30 13:25:00,3,16.14.794.5912,,Red,team,,,THUNDER TALK GAMING,,,0,1815,5,23,7,5,23,0.165,0.926,,57191,,,1135,,132,,46,,,,,,,0,4,0,4,0,0,0,0,0,0,0,0,1,0,0,10,0,3,18837,417,24037,481,-5200,-64,0,0,5,5,5,0,28375,617,35147,696,-6772,-79,1,1,7,7,9,1,39338,796,45743,889,-6405,-93,5,7,11,11,14,5,48431,952,57788,1051,-9357,-99,5,7,17,17,31,5,1,1
lol-game-116566854547769645,partial,,LPL,2026,,0,2026-07-22 09:15:00,1,16.14.794.5912,1,Blue,top,Zdz,,EDWARD GAMING,,Gnar,0,2447,2,4,6,11,21,,,0.2943,16906,414.5,0.2323,388,9.51,19,0.47,18,0.44,,,,,,,,,,,,,,,,,,,,,,,,4029,107,3448,91,581,16,0,0,0,0,0,0,7010,162,4899,136,2111,26,1,0,0,0,0,1,8880,214,7036,180,1844,34,1,2,1,1,3,2,10560,258,9395,229,1165,29,1,3,2,1,3,3,1,1
lol-game-116566854547769645,partial,,LPL,2026,,0,2026-07-22 09:15:00,1,16.14.794.5912,2,Blue,jng,Xiaohao,,EDWARD GAMING,,Lee Sin,0,2447,2,3,6,11,21,,,0.1392,14571,357.3,0.2002,281,6.89,28,0.69,18,0.44,,,,,,,,,,,,,,,,,,,,,,,,3949,91,3727,86,222,5,0,1,1,0,0,0,5957,130,5765,135,192,-5,0,2,2,0,3,0,7872,170,7874,165,-2,5,0,4,2,1,7,1,9203,192,10432,213,-1229,-21,0,5,2,1,8,1,1,1
lol-game-116566854547769645,partial,,LPL,2026,,0,2026-07-22 09:15:00,1,16.14.794.5912,3,Blue,mid,BuLLDoG,,EDWARD GAMING,,Cassiopeia,0,2447,4,4,3,11,21,,,0.189,15974,391.7,0.2194,363,8.9,31,0.76,14,0.34,,,,,,,,,,,,,,,,,,,,,,,,4114,116,4176,112,-62,4,0,1,0,1,0,0,5686,158,7265,176,-1579,-18,0,1,1,4,0,0,7746,191,8952,201,-1206,-10,2,2,2,5,2,2,10202,248,10962,234,-760,14,3,2,2,5,4,2,1,1
lol-game-116566854547769645,partial,,LPL,2026,,0,2026-07-22 09:15:00,1,16.14.794.5912,4,Blue,bot,Leave,,EDWARD GAMING,,Ziggs,0,2447,2,4,3,11,21,,,0.2622,15567,381.7,0.2139,346,8.48,16,0.39,7,0.17,,,,,,,,,,,,,,,,,,,,,,,,3855,103,3694,87,161,16,0,1,0,0,1,1,6201,156,6563,136,-362,20,0,1,1,1,1,1,8761,206,10229,186,-1468,20,2,1,2,3,3,1,10340,243,13312,229,-2972,14,2,2,2,5,3,1,1,1
lol-game-116566854547769645,partial,,LPL,2026,,0,2026-07-22 09:15:00,1,16.14.794.5912,5,Blue,sup,Parukia,,EDWARD GAMING,,Camille,0,2447,1,6,4,11,21,,,0.1153,9774,239.7,0.1343,32,0.78,111,2.72,23,0.56,,,,,,,,,,,,,,,,,,,,,,,,2903,13,2545,19,358,-6,1,0,0,0,1,0,4016,19,3710,21,306,-2,1,0,1,0,4,0,5315,21,5099,27,216,-6,1,2,3,0,8,0,6454,25,6666,27,-212,-2,1,3,4,0,10,0,1,1
lol-game-116566854547769645,partial,,LPL,2026,,0,2026-07-22 09:15:00,1,16.14.794.5912,,Blue,team,,,EDWARD GAMING,,,0,2447,11,21,22,11,21,0.27,0.785,,72792,,,1410,,205,,80,,,,,,,2,4,2,4,0,2,0,0,0,0,0,0,1,2,3,9,0,1,18850,430,17590,395,1260,35,1,3,1,1,2,1,28870,625,28202,604,668,21,2,4,5,5,8,2,38574,802,39190,759,-616,43,6,11,10,10,23,6,46759,966,50767,932,-4008,34,7,15,12,12,28,7,1,1
lol-game-116566854547769645,partial,,LPL,2026,,0,2026-07-22 09:15:00,1,16.14.794.5912,6,Red,top,Burdol,,LGD GAMING,,Ambessa,1,2447,1,4,7,21,11,,,0.1622,15480,379.6,0.1848,358,8.78,19,0.47,12,0.29,,,,,,,,,,,,,,,,,,,,,,,,3448,91,4029,107,-581,-16,0,0,0,0,0,0,4899,136,7010,162,-2111,-26,0,0,1,1,0,0,7036,180,8880,214,-1844,-34,1,3,2,1,2,1,9395,229,10560,258,-1165,-29,1,3,3,1,3,2,1,1
lol-game-116566854547769645,partial,,LPL,2026,,0,2026-07-22 09:15:00,1,16.14.794.5912,7,Red,jng,Heng,,LGD GAMING,,Skarner,1,2447,1,1,10,21,11,,,0.113,15925,390.5,0.1902,326,7.99,16,0.39,24,0.59,,,,,,,,,,,,,,,,,,,,,,,,3727,86,3949,91,-222,-5,0,0,0,0,1,1,5765,135,5957,130,-192,5,0,3,0,0,2,2,7874,165,7872,170,2,-5,1,7,1,0,4,2,10432,213,9203,192,1229,21,1,8,1,0,5,2,1,1
lol-game-116566854547769645,partial,,LPL,2026,,0,2026-07-22 09:15:00,1,16.14.794.5912,8,Red,mid,Tangyuan,,LGD GAMING,,Syndra,1,2447,10,2,7,21,11,,,0.2577,18702,458.6,0.2233,344,8.43,17,0.42,10,0.25,,,,,,,,,,,,,,,,,,,,,,,,4176,112,4114,116,62,-4,1,0,0,0,1,0,7265,176,5686,158,1579,18,4,0,0,0,1,1,8952,201,7746,191,1206,10,5,2,2,2,2,2,10962,234,10202,248,760,-14,5,4,2,3,2,2,1,1
lol-game-116566854547769645,partial,,LPL,2026,,0,2026-07-22 09:15:00,1,16.14.794.5912,9,Red,bot,Shaoye,,LGD GAMING,,Kai'Sa,1,2447,9,1,6,21,11,,,0.4231,22226,545.0,0.2654,361,8.85,18,0.44,14,0.34,,,,,,,,,,,,,,,,,,,,,,,,3694,87,3855,103,-161,-16,0,1,1,0,1,0,6563,136,6201,156,362,-20,1,1,1,0,1,1,10229,186,8761,206,1468,-20,3,3,1,2,1,2,13312,229,10340,243,2972,-14,5,3,1,2,2,2,1,1
lol-game-116566854547769645,partial,,LPL,2026,,0,2026-07-22 09:15:00,1,16.14.794.5912,10,Red,sup,Crisp,,LGD GAMING,,Rell,1,2447,0,3,17,21,11,,,0.0441,11411,279.8,0.1363,45,1.1,108,2.65,26,0.64,,,,,,,,,,,,,,,,,,,,,,,,2545,19,2903,13,-358,6,0,1,0,1,0,0,3710,21,4016,19,-306,2,0,4,0,1,0,1,5099,27,5315,21,-216,6,0,8,0,1,2,3,6666,27,6454,25,212,2,0,10,0,1,3,4,1,1
lol-game-116566854547769645,partial,,LPL,2026,,0,2026-07-22 09:15:00,1,16.14.794.5912,,Red,team,,,LGD GAMING,,,1,2447,21,11,47,21,11,0.515,0.785,,83744,,,1434,,178,,86,,,,,,,4,2,4,2,1,2,0,1,0,0,0,0,2,1,9,3,1,0,17590,395,18850,430,-1260,-35,1,2,1,1,3,1,28202,604,28870,625,-668,-21,5,8,2,2,4,5,39190,759,38574,802,616,-43,10,23,6,6,11,10,50767,932,46759,966,4008,-34,12,28,7,7,15,12,1,1
lol-game-116566854547769646,partial,,LPL,2026,,0,2026-07-22 10:25:00,2,16.14.794.5912,1,Blue,top,Burdol,,LGD GAMING,,Rumble,1,1973,4,3,12,20,11,,,0.2429,13978,425.1,0.1783,259,7.88,19,0.58,3,0.09,,,,,,,,,,,,,,,,,,,,,,,,4641,127,4698,125,-57,2,0,0,2,0,1,0,6659,188,6707,184,-48,4,0,1,2,0,1,0,9852,211,7868,206,1984,5,2,8,2,0,1,2,11442,235,10827,236,615,-1,2,10,3,2,2,3,1,1
lol-game-116566854547769646,partial,,LPL,2026,,0,2026-07-22 10:25:00,2,16.14.794.5912,2,Blue,jng,Heng,,LGD GAMING,,Qiyana,1,1973,4,2,12,20,11,,,0.2461,18811,572.1,0.24,307,9.34,11,0.33,17,0.52,,,,,,,,,,,,,,,,,,,,,,,,5348,121,5418,122,-70,-1,0,0,0,0,3,0,8000,163,7437,166,563,-3,1,0,0,0,3,0,11762,203,8717,184,3045,19,2,8,1,0,4,2,14588,248,10472,204,4116,44,3,8,2,0,9,3,1,1
lol-game-116566854547769646,partial,,LPL,2026,,0,2026-07-22 10:25:00,2,16.14.794.5912,3,Blue,mid,Tangyuan,,LGD GAMING,,Ryze,1,1973,3,1,14,20,11,,,0.2045,16538,502.9,0.211,354,10.77,22,0.67,8,0.24,,,,,,,,,,,,,,,,,,,,,,,,5595,167,6311,157,-716,10,0,0,0,1,1,0,7914,230,8039,202,-125,28,0,1,0,1,1,1,10873,274,10292,246,581,28,1,8,0,1,2,2,13083,306,13321,282,-238,24,2,11,1,2,5,2,1,1
lol-game-116566854547769646,partial,,LPL,2026,,0,2026-07-22 10:25:00,2,16.14.794.5912,4,Blue,bot,Shaoye,,LGD GAMING,,Yunara,1,1973,9,4,7,20,11,,,0.2639,18662,567.5,0.2381,320,9.73,22,0.67,11,0.33,,,,,,,,,,,,,,,,,,,,,,,,4383,110,7149,154,-2766,-44,0,0,2,3,0,0,7218,180,9723,224,-2505,-44,0,0,2,3,0,0,11627,223,11943,260,-316,-37,5,2,2,4,0,2,14159,251,15583,322,-1424,-71,7,4,3,6,1,3,1,1
lol-game-116566854547769646,partial,,LPL,2026,,0,2026-07-22 10:25:00,2,16.14.794.5912,5,Blue,sup,Crisp,,LGD GAMING,,Lulu,1,1973,0,1,19,20,11,,,0.0427,10403,316.4,0.1327,50,1.52,79,2.4,15,0.46,,,,,,,,,,,,,,,,,,,,,,,,3492,33,3985,18,-493,15,0,0,0,0,3,0,4744,39,5243,22,-499,17,0,0,0,0,3,0,6669,42,6368,23,301,19,0,9,0,0,4,2,8132,43,7569,26,563,17,0,13,1,0,8,3,1,1
lol-game-116566854547769646,partial,,LPL,2026,,0,2026-07-22 10:25:00,2,16.14.794.5912,,Blue,team,,,LGD GAMING,,,1,1973,20,11,64,20,11,0.608,0.943,,78392,,,1290,,153,,54,,,,,,,1,4,1,4,1,0,0,0,0,0,0,0,3,0,9,4,1,0,23459,558,27561,576,-4102,-18,0,0,4,4,8,0,34535,800,37149,798,-2614,2,1,2,4,4,8,1,50783,953,45188,919,5595,34,10,35,5,5,11,10,61404,1083,57772,1070,3632,13,14,46,10,10,25,14,1,1
lol-game-116566854547769646,partial,,LPL,2026,,0,2026-07-22 10:25:00,2,16.14.794.5912,6,Red,top,Zdz,,EDWARD GAMING,,K'Sante,0,1973,2,5,3,11,20,,,0.1619,12432,378.1,0.1763,257,7.82,19,0.58,4,0.12,,,,,,,,,,,,,,,,,,,,,,,,4698,125,4641,127,57,-2,0,1,0,0,0,2,6707,184,6659,188,48,-4,0,1,0,0,1,2,7868,206,9852,211,-1984,-5,0,1,2,2,8,2,10827,236,11442,235,-615,1,2,2,3,2,10,3,1,1
lol-game-116566854547769646,partial,,LPL,2026,,0,2026-07-22 10:25:00,2,16.14.794.5912,7,Red,jng,Xiaohao,,EDWARD GAMING,,Jarvan IV,0,1973,0,4,10,11,20,,,0.122,13022,396.0,0.1846,256,7.79,17,0.52,21,0.64,,,,,,,,,,,,,,,,,,,,,,,,5418,122,5348,121,70,1,0,3,0,0,0,0,7437,166,8000,163,-563,3,0,3,0,1,0,0,8717,184,11762,203,-3045,-19,0,4,2,2,8,1,10472,204,14588,248,-4116,-44,0,9,3,3,8,2,1,1
lol-game-116566854547769646,partial,,LPL,2026,,0,2026-07-22 10:25:00,2,16.14.794.5912,8,Red,mid,BuLLDoG,,EDWARD GAMING,,Twisted Fate,0,1973,2,2,5,11,20,,,0.2898,16405,498.9,0.2326,355,10.8,23,0.7,8,0.24,,,,,,,,,,,,,,,,,,,,,,,,6311,157,5595,167,716,-10,1,1,0,0,0,0,8039,202,7914,230,125,-28,1,1,1,0,1,0,10292,246,10873,274,-581,-28,1,2,2,1,8,0,13321,282,13083,306,238,-24,2,5,2,2,11,1,1,1
lol-game-116566854547769646,partial,,LPL,2026,,0,2026-07-22 10:25:00,2,16.14.794.5912,9,Red,bot,Leave,,EDWARD GAMING,,Lucian,0,1973,6,4,2,11,20,,,0.3827,19170,583.0,0.2718,406,12.35,15,0.46,23,0.7,,,,,,,,,,,,,,,,,,,,,,,,7149,154,4383,110,2766,44,3,0,0,0,0,2,9723,224,7218,180,2505,44,3,0,0,0,0,2,11943,260,11627,223,316,37,4,0,2,5,2,2,15583,322,14159,251,1424,71,6,1,3,7,4,3,1,1
lol-game-116566854547769646,partial,,LPL,2026,,0,2026-07-22 10:25:00,2,16.14.794.5912,10,Red,sup,Parukia,,EDWARD GAMING,,Milio,0,1973,1,5,8,11,20,,,0.0436,9494,288.7,0.1346,28,0.85,90,2.74,6,0.18,,,,,,,,,,,,,,,,,,,,,,,,3985,18,3492,33,493,-15,0,3,0,0,0,0,5243,22,4744,39,499,-17,0,3,0,0,0,0,6368,23,6669,42,-301,-19,0,4,2,0,9,0,7569,26,8132,43,-563,-17,0,8,3,0,13,1,1,1
lol-game-116566854547769646,partial,,LPL,2026,,0,2026-07-22 10:25:00,2,16.14.794.5912,,Red,team,,,EDWARD GAMING,,,0,1973,11,20,28,11,20,0.335,0.943,,70523,,,1302,,164,,62,,,,,,,4,1,4,1,2,0,0,0,1,1,0,0,0,3,4,9,0,1,27561,576,23459,558,4102,18,4,8,0,0,0,4,37149,798,34535,800,2614,-2,4,8,1,1,2,4,45188,919,50783,953,-5595,-34,5,11,10,10,35,5,57772,1070,61404,1083,-3632,-13,10,25,14,14,46,10,1,1
lol-game-116566854547769649,partial,,LPL,2026,,0,2026-08-06 07:15:00,1,16.15.800.8073,1,Blue,top,Keshi,,THUNDER TALK GAMING,,Jayce,0,2013,3,3,1,8,22,,,0.2768,14630,436.1,0.2342,315,9.39,19,0.57,13,0.39,,,,,,,,,,,,,,,,,,,,,,,,4454,108,3667,100,787,8,0,1,0,0,0,1,6695,164,5584,146,1111,18,1,1,0,1,2,1,9883,226,7135,187,2748,39,2,1,0,1,3,2,11639,254,10683,233,956,21,3,1,1,3,6,3,1,1
lol-game-116566854547769649,partial,,LPL,2026,,0,2026-08-06 07:15:00,1,16.15.800.8073,2,Blue,jng,Junhao,,THUNDER TALK GAMING,,Lee Sin,0,2013,2,5,4,8,22,,,0.1361,12237,364.7,0.1959,240,7.15,21,0.63,18,0.54,,,,,,,,,,,,,,,,,,,,,,,,4294,92,4560,78,-266,14,1,0,0,2,0,0,6109,136,6560,126,-451,10,1,1,1,2,3,0,8221,179,8609,158,-388,21,1,2,1,3,3,0,9534,201,11540,204,-2006,-3,1,3,3,4,7,0,1,1
lol-game-116566854547769649,partial,,LPL,2026,,0,2026-08-06 07:15:00,1,16.15.800.8073,3,Blue,mid,Heru,,THUNDER TALK GAMING,,Orianna,0,2013,2,2,3,8,22,,,0.1836,13742,409.6,0.22,331,9.87,18,0.54,6,0.18,,,,,,,,,,,,,,,,,,,,,,,,4041,120,4161,123,-120,-3,0,0,0,0,0,0,5888,181,6576,181,-688,0,0,1,0,2,3,0,7354,220,8567,246,-1213,-26,0,1,0,2,3,0,9705,270,10716,271,-1011,-1,1,2,1,3,5,0,1,1
lol-game-116566854547769649,partial,,LPL,2026,,0,2026-08-06 07:15:00,1,16.15.800.8073,4,Blue,bot,Ahn,,THUNDER TALK GAMING,,Ziggs,0,2013,1,8,5,8,22,,,0.3515,13642,406.6,0.2184,268,7.99,17,0.51,6,0.18,,,,,,,,,,,,,,,,,,,,,,,,3538,95,4006,103,-468,-8,0,0,2,0,2,0,5432,132,7103,151,-1671,-19,0,1,4,2,3,0,7468,178,9872,212,-2404,-34,0,2,5,2,4,0,9171,214,15015,272,-5844,-58,0,3,7,5,6,0,1,1
lol-game-116566854547769649,partial,,LPL,2026,,0,2026-08-06 07:15:00,1,16.15.800.8073,5,Blue,sup,Feather,,THUNDER TALK GAMING,,Nautilus,0,2013,0,4,7,8,22,,,0.0519,8223,245.1,0.1316,33,0.98,73,2.18,9,0.27,,,,,,,,,,,,,,,,,,,,,,,,2572,21,2664,16,-92,5,0,0,0,0,1,0,3628,27,4029,19,-401,8,0,1,2,0,6,1,5005,30,5117,21,-112,9,0,2,2,0,7,1,6184,33,6681,25,-497,8,0,4,3,0,12,2,1,1
lol-game-116566854547769649,partial,,LPL,2026,,0,2026-08-06 07:15:00,1,16.15.800.8073,,Blue,team,,,THUNDER TALK GAMING,,,0,2013,8,22,20,8,22,0.238,0.894,,62474,,,1187,,148,,52,,,,,,,0,4,0,4,0,0,0,0,0,0,0,0,0,2,3,9,0,1,18899,436,19058,420,-159,16,1,1,2,2,3,1,27752,640,29852,623,-2100,17,2,5,7,7,17,2,37931,833,39300,824,-1369,9,3,8,8,8,20,3,46233,972,54635,1005,-8402,-33,5,13,15,15,36,5,1,1
lol-game-116566854547769649,partial,,LPL,2026,,0,2026-08-06 07:15:00,1,16.15.800.8073,6,Red,top,Burdol,,LGD GAMING,,Rumble,1,2013,4,3,9,22,8,,,0.2706,13160,392.3,0.1818,260,7.75,13,0.39,11,0.33,,,,,,,,,,,,,,,,,,,,,,,,3667,100,4454,108,-787,-8,0,0,1,0,1,0,5584,146,6695,164,-1111,-18,1,2,1,1,1,0,7135,187,9883,226,-2748,-39,1,3,2,2,1,0,10683,233,11639,254,-956,-21,3,6,3,3,1,1,1,1
lol-game-116566854547769649,partial,,LPL,2026,,0,2026-08-06 07:15:00,1,16.15.800.8073,7,Red,jng,Heng,,LGD GAMING,,Naafiri,1,2013,5,1,9,22,8,,,0.2206,15114,450.5,0.2088,254,7.57,8,0.24,12,0.36,,,,,,,,,,,,,,,,,,,,,,,,4560,78,4294,92,266,-14,2,0,0,1,0,0,6560,126,6109,136,451,-10,2,3,0,1,1,1,8609,158,8221,179,388,-21,3,3,0,1,2,1,11540,204,9534,201,2006,3,4,7,0,1,3,3,1,1
lol-game-116566854547769649,partial,,LPL,2026,,0,2026-08-06 07:15:00,1,16.15.800.8073,8,Red,mid,Tangyuan,,LGD GAMING,,Cassiopeia,1,2013,4,0,8,22,8,,,0.1822,14504,432.3,0.2003,327,9.75,19,0.57,16,0.48,,,,,,,,,,,,,,,,,,,,,,,,4161,123,4041,120,120,3,0,0,0,0,0,0,6576,181,5888,181,688,0,2,3,0,0,1,0,8567,246,7354,220,1213,26,2,3,0,0,1,0,10716,271,9705,270,1011,1,3,5,0,1,2,1,1,1
lol-game-116566854547769649,partial,,LPL,2026,,0,2026-08-06 07:15:00,1,16.15.800.8073,9,Red,bot,Shaoye,,LGD GAMING,,Corki,1,2013,9,1,7,22,8,,,0.2838,20577,613.3,0.2842,334,9.96,20,0.6,12,0.36,,,,,,,,,,,,,,,,,,,,,,,,4006,103,3538,95,468,8,0,2,0,0,0,2,7103,151,5432,132,1671,19,2,3,0,0,1,4,9872,212,7468,178,2404,34,2,4,0,0,2,5,15015,272,9171,214,5844,58,5,6,0,0,3,7,1,1
lol-game-116566854547769649,partial,,LPL,2026,,0,2026-08-06 07:15:00,1,16.15.800.8073,10,Red,sup,Crisp,,LGD GAMING,,Rell,1,2013,0,3,16,22,8,,,0.0428,9039,269.4,0.1249,35,1.04,82,2.44,19,0.57,,,,,,,,,,,,,,,,,,,,,,,,2664,16,2572,21,92,-5,0,1,0,0,0,0,4029,19,3628,27,401,-8,0,6,1,0,1,2,5117,21,5005,30,112,-9,0,7,1,0,2,2,6681,25,6184,33,497,-8,0,12,2,0,4,3,1,1
lol-game-116566854547769649,partial,,LPL,2026,,0,2026-08-06 07:15:00,1,16.15.800.8073,,Red,team,,,LGD GAMING,,,1,2013,22,8,49,22,8,0.656,0.894,,72394,,,1210,,142,,70,,,,,,,4,0,4,0,1,0,0,2,1,0,0,0,2,0,9,3,1,0,19058,420,18899,436,159,-16,2,3,1,1,1,2,29852,623,27752,640,2100,-17,7,17,2,2,5,7,39300,824,37931,833,1369,-9,8,20,3,3,8,8,54635,1005,46233,972,8402,33,15,36,5,5,13,15,1,1
lol-game-116566854547769650,partial,,LPL,2026,,0,2026-08-06 08:15:00,2,16.15.800.8073,1,Blue,top,Burdol,,LGD GAMING,,Aatrox,0,1655,4,4,4,14,23,,,0.2394,12101,438.7,0.2181,227,8.23,10,0.36,4,0.15,,,,,,,,,,,,,,,,,,,,,,,,4464,102,4144,113,320,-11,1,3,0,0,0,3,6888,142,6243,161,645,-19,2,3,1,1,1,4,8512,184,9663,230,-1151,-46,2,3,2,3,3,4,10415,217,12379,264,-1964,-47,3,4,3,5,7,4,1,1
lol-game-116566854547769650,partial,,LPL,2026,,0,2026-08-06 08:15:00,2,16.15.800.8073,2,Blue,jng,Heng,,LGD GAMING,,Vi,0,1655,3,5,9,14,23,,,0.1533,10965,397.5,0.1976,185,6.71,6,0.22,12,0.44,,,,,,,,,,,,,,,,,,,,,,,,5273,91,5109,110,164,-19,3,2,0,1,1,0,7337,134,6847,153,490,-19,3,5,0,1,2,1,9278,168,9749,191,-471,-23,3,6,1,4,4,1,10433,181,12604,242,-2171,-61,3,8,3,5,7,1,1,1
lol-game-116566854547769650,partial,,LPL,2026,,0,2026-08-06 08:15:00,2,16.15.800.8073,3,Blue,mid,Tangyuan,,LGD GAMING,,Ahri,0,1655,4,3,9,14,23,,,0.2778,12034,436.3,0.2169,258,9.35,9,0.33,12,0.44,,,,,,,,,,,,,,,,,,,,,,,,5155,120,4350,125,805,-5,2,3,0,0,0,2,6939,165,6248,165,691,0,2,6,1,1,1,3,9048,206,8367,212,681,-6,3,6,2,1,6,3,11133,238,11963,262,-830,-24,4,8,2,5,9,3,1,1
lol-game-116566854547769650,partial,,LPL,2026,,0,2026-08-06 08:15:00,2,16.15.800.8073,4,Blue,bot,Shaoye,,LGD GAMING,,Varus,0,1655,3,5,2,14,23,,,0.2735,12704,460.6,0.2289,256,9.28,18,0.65,6,0.22,,,,,,,,,,,,,,,,,,,,,,,,4858,116,5985,134,-1127,-18,0,1,1,1,1,0,7340,151,8300,182,-960,-31,2,1,1,2,2,0,9712,205,10697,253,-985,-48,2,2,2,2,3,1,12207,252,13517,299,-1310,-47,3,2,4,2,9,3,1,1
lol-game-116566854547769650,partial,,LPL,2026,,0,2026-08-06 08:15:00,2,16.15.800.8073,5,Blue,sup,Crisp,,LGD GAMING,,Leona,0,1655,0,6,9,14,23,,,0.056,7686,278.6,0.1385,46,1.67,59,2.14,16,0.58,,,,,,,,,,,,,,,,,,,,,,,,3230,26,3153,26,77,0,0,3,1,0,1,1,4606,35,4405,29,201,6,0,5,2,0,4,1,5930,40,5821,32,109,8,0,6,3,0,8,1,7055,44,7384,35,-329,9,0,8,5,0,15,2,1,1
lol-game-116566854547769650,partial,,LPL,2026,,0,2026-08-06 08:15:00,2,16.15.800.8073,,Blue,team,,,LGD GAMING,,,0,1655,14,23,33,14,23,0.508,1.341,,55490,,,972,,102,,50,,,,,,,0,5,0,4,0,0,0,0,0,0,0,1,0,1,3,9,0,1,22980,455,22741,508,239,-53,6,12,2,2,3,6,33110,627,32043,690,1067,-63,9,20,5,5,10,9,42480,803,44297,918,-1817,-115,10,23,10,10,24,10,51243,932,57847,1102,-6604,-170,13,30,17,17,47,13,1,1
lol-game-116566854547769650,partial,,LPL,2026,,0,2026-08-06 08:15:00,2,16.15.800.8073,6,Red,top,Keshi,,THUNDER TALK GAMING,,Ambessa,1,1655,6,4,8,23,14,,,0.2418,14164,513.5,0.2064,283,10.26,13,0.47,5,0.18,,,,,,,,,,,,,,,,,,,,,,,,4144,113,4464,102,-320,11,0,0,3,1,3,0,6243,161,6888,142,-645,19,1,1,4,2,3,1,9663,230,8512,184,1151,46,3,3,4,2,3,2,12379,264,10415,217,1964,47,5,7,4,3,4,3,1,1
lol-game-116566854547769650,partial,,LPL,2026,,0,2026-08-06 08:15:00,2,16.15.800.8073,7,Red,jng,Junhao,,THUNDER TALK GAMING,,Pantheon,1,1655,7,1,8,23,14,,,0.2182,14694,532.7,0.2141,263,9.53,9,0.33,3,0.11,,,,,,,,,,,,,,,,,,,,,,,,5109,110,5273,91,-164,19,1,1,0,3,2,0,6847,153,7337,134,-490,19,1,2,1,3,5,0,9749,191,9278,168,471,23,4,4,1,3,6,1,12604,242,10433,181,2171,61,5,7,1,3,8,3,1,1
lol-game-116566854547769650,partial,,LPL,2026,,0,2026-08-06 08:15:00,2,16.15.800.8073,8,Red,mid,Heru,,THUNDER TALK GAMING,,Ryze,1,1655,8,4,11,23,14,,,0.2902,14771,535.5,0.2153,278,10.08,14,0.51,8,0.29,,,,,,,,,,,,,,,,,,,,,,,,4350,125,5155,120,-805,5,0,0,2,2,3,0,6248,165,6939,165,-691,0,1,1,3,2,6,1,8367,212,9048,206,-681,6,1,6,3,3,6,2,11963,262,11133,238,830,24,5,9,3,4,8,2,1,1
lol-game-116566854547769650,partial,,LPL,2026,,0,2026-08-06 08:15:00,2,16.15.800.8073,9,Red,bot,Ahn,,THUNDER TALK GAMING,,Sivir,1,1655,2,3,13,23,14,,,0.1921,15868,575.3,0.2312,328,11.89,15,0.54,15,0.54,,,,,,,,,,,,,,,,,,,,,,,,5985,134,4858,116,1127,18,1,1,0,0,1,1,8300,182,7340,151,960,31,2,2,0,2,1,1,10697,253,9712,205,985,48,2,3,1,2,2,2,13517,299,12207,252,1310,47,2,9,3,3,2,4,1,1
lol-game-116566854547769650,partial,,LPL,2026,,0,2026-08-06 08:15:00,2,16.15.800.8073,10,Red,sup,Feather,,THUNDER TALK GAMING,,Shen,1,1655,0,2,20,23,14,,,0.0576,9123,330.7,0.1329,38,1.38,71,2.57,11,0.4,,,,,,,,,,,,,,,,,,,,,,,,3153,26,3230,26,-77,0,0,1,1,0,3,1,4405,29,4606,35,-201,-6,0,4,1,0,5,2,5821,32,5930,40,-109,-8,0,8,1,0,6,3,7384,35,7055,44,329,-9,0,15,2,0,8,5,1,1
lol-game-116566854547769650,partial,,LPL,2026,,0,2026-08-06 08:15:00,2,16.15.800.8073,,Red,team,,,THUNDER TALK GAMING,,,1,1655,23,14,60,23,14,0.834,1.341,,68620,,,1190,,122,,42,,,,,,,5,0,4,0,2,0,1,0,1,0,1,0,1,0,9,3,1,0,22741,508,22980,455,-239,53,2,3,6,6,12,2,32043,690,33110,627,-1067,63,5,10,9,9,20,5,44297,918,42480,803,1817,115,10,24,10,10,23,10,57847,1102,51243,932,6604,170,17,47,13,13,30,17,1,1
lol-game-116566854547769651,partial,,LPL,2026,,0,2026-08-06 09:07:00,3,16.15.800.8073,1,Blue,top,Keshi,,THUNDER TALK GAMING,,Jax,1,1927,1,3,4,22,14,,,0.1439,11737,365.4,0.1797,255,7.94,16,0.5,10,0.31,,,,,,,,,,,,,,,,,,,,,,,,3202,81,3878,98,-676,-17,0,0,1,1,0,0,4960,118,6186,139,-1226,-21,1,1,2,3,2,1,6459,158,8230,183,-1771,-25,1,1,2,3,2,3,8192,206,9650,213,-1458,-7,1,1,2,3,3,3,1,1
lol-game-116566854547769651,partial,,LPL,2026,,0,2026-08-06 09:07:00,3,16.15.800.8073,2,Blue,jng,Junhao,,THUNDER TALK GAMING,,Skarner,1,1927,5,3,15,22,14,,,0.2442,14093,438.8,0.2158,218,6.79,15,0.47,11,0.34,,,,,,,,,,,,,,,,,,,,,,,,4005,74,4882,91,-877,-17,1,2,1,2,1,1,5826,110,7041,130,-1215,-20,1,6,2,3,1,2,8557,152,9147,179,-590,-27,3,7,2,3,1,2,10108,181,11528,235,-1420,-54,3,7,3,3,2,2,1,1
lol-game-116566854547769651,partial,,LPL,2026,,0,2026-08-06 09:07:00,3,16.15.800.8073,3,Blue,mid,Heru,,THUNDER TALK GAMING,,Locke,1,1927,11,4,5,22,14,,,0.2388,14751,459.3,0.2259,236,7.35,17,0.53,12,0.37,,,,,,,,,,,,,,,,,,,,,,,,4189,93,4408,102,-219,-9,2,0,2,2,2,1,6298,131,6202,150,96,-19,3,1,3,2,4,2,8094,161,8074,190,20,-29,4,2,4,3,4,3,9778,202,10225,247,-447,-45,4,2,4,4,4,3,1,1
lol-game-116566854547769651,partial,,LPL,2026,,0,2026-08-06 09:07:00,3,16.15.800.8073,4,Blue,bot,Ahn,,THUNDER TALK GAMING,,Lucian,1,1927,3,4,10,22,14,,,0.3132,15188,472.9,0.2325,325,10.12,14,0.44,17,0.53,,,,,,,,,,,,,,,,,,,,,,,,4199,99,3232,78,967,21,1,1,1,0,2,1,6732,151,5707,120,1025,31,2,3,2,1,2,2,9455,212,7989,175,1466,37,2,6,2,1,2,2,11839,271,9978,220,1861,51,2,6,2,1,2,2,1,1
lol-game-116566854547769651,partial,,LPL,2026,,0,2026-08-06 09:07:00,3,16.15.800.8073,5,Blue,sup,Feather,,THUNDER TALK GAMING,,Milio,1,1927,2,0,17,22,14,,,0.0599,9542,297.1,0.1461,36,1.12,60,1.87,13,0.4,,,,,,,,,,,,,,,,,,,,,,,,2540,17,2276,17,264,0,0,2,0,0,0,1,4503,25,3438,23,1065,2,2,5,0,0,0,2,5782,29,4675,27,1107,2,2,7,0,0,1,2,6849,31,5844,34,1005,-3,2,7,0,0,2,2,1,1
lol-game-116566854547769651,partial,,LPL,2026,,0,2026-08-06 09:07:00,3,16.15.800.8073,,Blue,team,,,THUNDER TALK GAMING,,,1,1927,22,14,51,22,14,0.685,1.121,,65311,,,1070,,122,,63,,,,,,,2,3,2,3,1,0,0,0,1,0,0,0,1,0,8,2,1,0,18135,364,18676,386,-541,-22,4,5,5,5,5,4,28319,535,28574,562,-255,-27,9,16,9,9,9,9,38347,712,38115,754,232,-42,12,23,10,10,10,12,46766,891,47225,949,-459,-58,12,23,11,11,13,12,1,1
lol-game-116566854547769651,partial,,LPL,2026,,0,2026-08-06 09:07:00,3,16.15.800.8073,6,Red,top,Burdol,,LGD GAMING,,Gnar,0,1927,3,5,4,14,22,,,0.2917,11353,353.5,0.1918,244,7.6,15,0.47,14,0.44,,,,,,,,,,,,,,,,,,,,,,,,3878,98,3202,81,676,17,1,0,0,0,0,1,6186,139,4960,118,1226,21,3,2,1,1,1,2,8230,183,6459,158,1771,25,3,2,3,1,1,2,9650,213,8192,206,1458,7,3,3,3,1,1,2,1,1
lol-game-116566854547769651,partial,,LPL,2026,,0,2026-08-06 09:07:00,3,16.15.800.8073,7,Red,jng,Heng,,LGD GAMING,,Qiyana,0,1927,4,4,3,14,22,,,0.1828,14496,451.4,0.2449,267,8.31,14,0.44,15,0.47,,,,,,,,,,,,,,,,,,,,,,,,4882,91,4005,74,877,17,2,1,1,1,2,1,7041,130,5826,110,1215,20,3,1,2,1,6,2,9147,179,8557,152,590,27,3,1,2,3,7,2,11528,235,10108,181,1420,54,3,2,2,3,7,3,1,1
lol-game-116566854547769651,partial,,LPL,2026,,0,2026-08-06 09:07:00,3,16.15.800.8073,8,Red,mid,Tangyuan,,LGD GAMING,,Syndra,0,1927,5,5,6,14,22,,,0.3221,12529,390.1,0.2116,288,8.97,15,0.47,7,0.22,,,,,,,,,,,,,,,,,,,,,,,,4408,102,4189,93,219,9,2,2,1,2,0,2,6202,150,6298,131,-96,19,2,4,2,3,1,3,8074,190,8094,161,-20,29,3,4,3,4,2,4,10225,247,9778,202,447,45,4,4,3,4,2,4,1,1
lol-game-116566854547769651,partial,,LPL,2026,,0,2026-08-06 09:07:00,3,16.15.800.8073,9,Red,bot,Shaoye,,LGD GAMING,,Draven,0,1927,2,4,3,14,22,,,0.1356,13481,419.8,0.2277,261,8.13,17,0.53,11,0.34,,,,,,,,,,,,,,,,,,,,,,,,3232,78,4199,99,-967,-21,0,2,1,1,1,1,5707,120,6732,151,-1025,-31,1,2,2,2,3,2,7989,175,9455,212,-1466,-37,1,2,2,2,6,2,9978,220,11839,271,-1861,-51,1,2,2,2,6,2,1,1
lol-game-116566854547769651,partial,,LPL,2026,,0,2026-08-06 09:07:00,3,16.15.800.8073,10,Red,sup,Crisp,,LGD GAMING,,Camille,0,1927,0,4,4,14,22,,,0.0678,7339,228.5,0.124,34,1.06,73,2.27,15,0.47,,,,,,,,,,,,,,,,,,,,,,,,2276,17,2540,17,-264,0,0,0,1,0,2,0,3438,23,4503,25,-1065,-2,0,0,2,2,5,0,4675,27,5782,29,-1107,-2,0,1,2,2,7,0,5844,34,6849,31,-1005,3,0,2,2,2,7,0,1,1
lol-game-116566854547769651,partial,,LPL,2026,,0,2026-08-06 09:07:00,3,16.15.800.8073,,Red,team,,,LGD GAMING,,,0,1927,14,22,20,14,22,0.436,1.121,,59198,,,1094,,134,,62,,,,,,,3,2,3,2,0,0,1,0,2,0,0,0,0,1,2,8,0,1,18676,386,18135,364,541,22,5,5,4,4,5,5,28574,562,28319,535,255,27,9,9,9,9,16,9,38115,754,38347,712,-232,42,10,10,12,12,23,10,47225,949,46766,891,459,58,11,13,12,12,23,11,1,1
lol-game-116566854547769653,partial,,LPL,2026,,0,2026-07-26 09:00:00,1,,1,Blue,top,Zdz,,EDWARD GAMING,,Jayce,0,1732,2,4,2,6,22,,,0.307,11169,386.9,0.2245,278,9.63,14,0.48,13,0.45,,,,,,,,,,,,,,,,,,,,,,,,,,,,,,,,,,,,,,,,225,,,,,,,,,,,,,,,,,,,,,,,,,,,,,,,,1,0
lol-game-116566854547769653,partial,,LPL,2026,,0,2026-07-26 09:00:00,1,,2,Blue,jng,Xiaohao,,EDWARD GAMING,,Trundle,0,1732,3,4,2,6,22,,,0.102,11225,388.9,0.2256,197,6.82,12,0.42,12,0.42,,,,,,,,,,,,,,,,,,,,,,,,,,,,,,,,,,,,,,,,-138,,,,,,,,,,,,,,,,,,,,,,,,,,,,,,,,1,0
lol-game-116566854547769653,partial,,LPL,2026,,0,2026-07-26 09:00:00,1,,3,Blue,mid,BuLLDoG,,EDWARD GAMING,,Ryze,0,1732,1,2,3,6,22,,,0.171,11483,397.8,0.2308,286,9.91,20,0.69,6,0.21,,,,,,,,,,,,,,,,,,,,,,,,,,,,,,,,,,,,,,,,-37,,,,,,,,,,,,,,,,,,,,,,,,,,,,,,,,1,0
lol-game-116566854547769653,partial,,LPL,2026,,0,2026-07-26 09:00:00,1,,4,Blue,bot,Leave,,EDWARD GAMING,,Ziggs,0,1732,0,4,2,6,22,,,0.361,9584,332.0,0.1926,222,7.69,11,0.38,1,0.03,,,,,,,,,,,,,,,,,,,,,,,,,,,,,,,,,,,,,,,,-806,,,,,,,,,,,,,,,,,,,,,,,,,,,,,,,,1,0
lol-game-116566854547769653,partial,,LPL,2026,,0,2026-07-26 09:00:00,1,,5,Blue,sup,Parukia,,EDWARD GAMING,,Nautilus,0,1732,0,8,3,6,22,,,0.059,6292,218.0,0.1265,29,1.0,59,2.04,6,0.21,,,,,,,,,,,,,,,,,,,,,,,,,,,,,,,,,,,,,,,,-298,,,,,,,,,,,,,,,,,,,,,,,,,,,,,,,,1,0
lol-game-116566854547769653,partial,,LPL,2026,,0,2026-07-26 09:00:00,1,,,Blue,team,,,EDWARD GAMING,,,0,1732,6,22,12,6,22,0.208,0.97,,49800,,,1012,,116,,38,,,,,,,1,4,0,0,0,0,0,0,0,0,0,0,0,1,2,9,,,,,,,,,,,,,,,,,,,,,,,,,,,,,,,,,,,,,,,,,,,,,,,,,,,1,0
lol-game-116566854547769653,partial,,LPL,2026,,0,2026-07-26 09:00:00,1,,6,Red,top,Keshi,,THUNDER TALK GAMING,,Olaf,1,1732,4,3,9,22,6,,,0.139,13037,451.6,0.2044,262,9.08,14,0.48,8,0.28,,,,,,,,,,,,,,,,,,,,,,,,,,,,,,,,,,,,,,,,-225,,,,,,,,,,,,,,,,,,,,,,,,,,,,,,,,1,0
lol-game-116566854547769653,partial,,LPL,2026,,0,2026-07-26 09:00:00,1,,7,Red,jng,Junhao,,THUNDER TALK GAMING,,Jarvan IV,1,1732,6,0,16,22,6,,,0.262,13472,466.7,0.2112,250,8.66,10,0.35,13,0.45,,,,,,,,,,,,,,,,,,,,,,,,,,,,,,,,,,,,,,,,138,,,,,,,,,,,,,,,,,,,,,,,,,,,,,,,,1,0
lol-game-116566854547769653,partial,,LPL,2026,,0,2026-07-26 09:00:00,1,,8,Red,mid,Heru,,THUNDER TALK GAMING,,Syndra,1,1732,6,1,11,22,6,,,0.269,13441,465.6,0.2108,298,10.32,14,0.48,6,0.21,,,,,,,,,,,,,,,,,,,,,,,,,,,,,,,,,,,,,,,,37,,,,,,,,,,,,,,,,,,,,,,,,,,,,,,,,1,0
lol-game-116566854547769653,partial,,LPL,2026,,0,2026-07-26 09:00:00,1,,9,Red,bot,Ahn,,THUNDER TALK GAMING,,Sivir,1,1732,6,1,13,22,6,,,0.264,16100,557.7,0.2524,294,10.18,14,0.48,8,0.28,,,,,,,,,,,,,,,,,,,,,,,,,,,,,,,,,,,,,,,,806,,,,,,,,,,,,,,,,,,,,,,,,,,,,,,,,1,0
lol-game-116566854547769653,partial,,LPL,2026,,0,2026-07-26 09:00:00,1,,10,Red,sup,Feather,,THUNDER TALK GAMING,,Shen,1,1732,0,1,17,22,6,,,0.066,7726,267.6,0.1211,43,1.49,63,2.18,18,0.62,,,,,,,,,,,,,,,,,,,,,,,,,,,,,,,,,,,,,,,,298,,,,,,,,,,,,,,,,,,,,,,,,,,,,,,,,1,0
lol-game-116566854547769653,partial,,LPL,2026,,0,2026-07-26 09:00:00,1,,,Red,team,,,THUNDER TALK GAMING,,,1,1732,22,6,66,22,6,0.762,0.97,,63800,,,1147,,115,,53,,,,,,,4,1,0,0,0,0,0,0,0,0,0,0,1,0,9,2,,,,,,,,,,,,,,,,,,,,,,,,,,,,,,,,,,,,,,,,,,,,,,,,,,,1,0
lol-game-116566854547769654,partial,,LPL,2026,,0,2026-07-26 10:17:00,2,16.14.794.5912,1,Blue,top,Keshi,,THUNDER TALK GAMING,,Ambessa,1,2152,4,3,4,11,8,,,0.2426,15278,426.0,0.2135,338,9.42,9,0.25,4,0.11,,,,,,,,,,,,,,,,,,,,,,,,3220,83,4294,99,-1074,-16,0,0,2,2,0,0,4851,137,6130,154,-1279,-17,0,0,2,2,0,0,6429,185,8300,202,-1871,-17,0,0,3,2,1,0,8380,246,10348,248,-1968,-2,0,2,3,3,1,0,1,1
lol-game-116566854547769654,partial,,LPL,2026,,0,2026-07-26 10:17:00,2,16.14.794.5912,2,Blue,jng,Junhao,,THUNDER TALK GAMING,,Naafiri,1,2152,3,0,5,11,8,,,0.1852,14902,415.5,0.2082,291,8.11,10,0.28,22,0.61,,,,,,,,,,,,,,,,,,,,,,,,3987,85,3578,82,409,3,1,0,0,0,0,0,5819,134,5310,119,509,15,1,0,0,0,1,0,7464,169,7227,164,237,5,1,0,0,0,2,0,9269,212,8940,192,329,20,1,1,0,0,3,1,1,1
lol-game-116566854547769654,partial,,LPL,2026,,0,2026-07-26 10:17:00,2,16.14.794.5912,3,Blue,mid,Heru,,THUNDER TALK GAMING,,Cassiopeia,1,2152,2,5,7,11,8,,,0.2413,14251,397.3,0.1991,315,8.78,17,0.47,9,0.25,,,,,,,,,,,,,,,,,,,,,,,,3732,109,3646,103,86,6,0,0,0,0,0,0,5405,159,5554,150,-149,9,0,0,1,1,0,0,7398,220,7330,198,68,22,0,0,1,1,1,0,10095,261,8849,236,1246,25,2,0,2,1,2,1,1,1
lol-game-116566854547769654,partial,,LPL,2026,,0,2026-07-26 10:17:00,2,16.14.794.5912,4,Blue,bot,Ahn,,THUNDER TALK GAMING,,Jhin,1,2152,2,0,8,11,8,,,0.2542,17362,484.1,0.2426,373,10.4,22,0.61,10,0.28,,,,,,,,,,,,,,,,,,,,,,,,3800,109,3472,89,328,20,0,1,0,0,0,0,6183,167,5911,152,272,15,0,1,0,0,0,0,8485,228,8713,220,-228,8,0,1,0,1,0,0,10950,291,11017,286,-67,5,0,3,0,1,0,0,1,1
lol-game-116566854547769654,partial,,LPL,2026,,0,2026-07-26 10:17:00,2,16.14.794.5912,5,Blue,sup,Feather,,THUNDER TALK GAMING,,Seraphine,1,2152,0,0,11,11,8,,,0.0767,9775,272.5,0.1366,42,1.17,68,1.9,16,0.45,,,,,,,,,,,,,,,,,,,,,,,,2457,19,2504,24,-47,-5,0,1,0,0,0,1,3559,28,3702,34,-143,-6,0,1,0,0,0,1,4681,33,4916,39,-235,-6,0,1,0,0,1,1,5889,36,6046,43,-157,-7,0,3,0,0,2,1,1,1
lol-game-116566854547769654,partial,,LPL,2026,,0,2026-07-26 10:17:00,2,16.14.794.5912,,Blue,team,,,THUNDER TALK GAMING,,,1,2152,11,8,35,11,8,0.307,0.53,,71568,,,1359,,126,,61,,,,,,,2,3,2,3,2,0,0,0,0,0,0,0,2,0,8,3,2,0,17196,405,17494,397,-298,8,1,2,2,2,0,1,25817,625,26607,609,-790,16,1,2,3,3,1,1,34457,835,36486,823,-2029,12,1,2,4,4,5,1,44583,1046,45200,1005,-617,41,3,9,5,5,8,3,1,1
lol-game-116566854547769654,partial,,LPL,2026,,0,2026-07-26 10:17:00,2,16.14.794.5912,6,Red,top,Zdz,,EDWARD GAMING,,Gnar,0,2152,3,2,3,8,11,,,0.2657,14022,390.9,0.2233,337,9.4,18,0.5,7,0.2,,,,,,,,,,,,,,,,,,,,,,,,4294,99,3220,83,1074,16,2,0,0,0,0,2,6130,154,4851,137,1279,17,2,0,0,0,0,2,8300,202,6429,185,1871,17,2,1,0,0,0,3,10348,248,8380,246,1968,2,3,1,0,0,2,3,1,1
lol-game-116566854547769654,partial,,LPL,2026,,0,2026-07-26 10:17:00,2,16.14.794.5912,7,Red,jng,Xiaohao,,EDWARD GAMING,,Vi,0,2152,1,3,4,8,11,,,0.1052,12465,347.5,0.1985,244,6.8,12,0.33,15,0.42,,,,,,,,,,,,,,,,,,,,,,,,3578,82,3987,85,-409,-3,0,0,0,1,0,0,5310,119,5819,134,-509,-15,0,1,0,1,0,0,7227,164,7464,169,-237,-5,0,2,0,1,0,0,8940,192,9269,212,-329,-20,0,3,1,1,1,0,1,1
lol-game-116566854547769654,partial,,LPL,2026,,0,2026-07-26 10:17:00,2,16.14.794.5912,8,Red,mid,BuLLDoG,,EDWARD GAMING,,Ahri,0,2152,2,2,4,8,11,,,0.2517,11985,334.2,0.1909,285,7.95,14,0.39,9,0.25,,,,,,,,,,,,,,,,,,,,,,,,3646,103,3732,109,-86,-6,0,0,0,0,0,0,5554,150,5405,159,149,-9,1,0,0,0,0,1,7330,198,7398,220,-68,-22,1,1,0,0,0,1,8849,236,10095,261,-1246,-25,1,2,1,2,0,2,1,1
lol-game-116566854547769654,partial,,LPL,2026,,0,2026-07-26 10:17:00,2,16.14.794.5912,9,Red,bot,Leave,,EDWARD GAMING,,Ezreal,0,2152,2,2,1,8,11,,,0.2932,15791,440.3,0.2515,377,10.51,14,0.39,11,0.31,,,,,,,,,,,,,,,,,,,,,,,,3472,89,3800,109,-328,-20,0,0,0,0,1,0,5911,152,6183,167,-272,-15,0,0,0,0,1,0,8713,220,8485,228,228,-8,1,0,0,0,1,0,11017,286,10950,291,67,-5,1,0,0,0,3,0,1,1
lol-game-116566854547769654,partial,,LPL,2026,,0,2026-07-26 10:17:00,2,16.14.794.5912,10,Red,sup,Parukia,,EDWARD GAMING,,Karma,0,2152,0,2,5,8,11,,,0.0841,8521,237.6,0.1357,53,1.48,94,2.62,21,0.59,,,,,,,,,,,,,,,,,,,,,,,,2504,24,2457,19,47,5,0,0,1,0,1,0,3702,34,3559,28,143,6,0,0,1,0,1,0,4916,39,4681,33,235,6,0,1,1,0,1,0,6046,43,5889,36,157,7,0,2,1,0,3,0,1,1
lol-game-116566854547769654,partial,,LPL,2026,,0,2026-07-26 10:17:00,2,16.14.794.5912,,Red,team,,,EDWARD GAMING,,,0,2152,8,11,17,8,11,0.223,0.53,,62784,,,1296,,152,,63,,,,,,,3,2,3,2,1,0,0,1,0,1,0,0,0,2,3,8,0,2,17494,397,17196,405,298,-8,2,0,1,1,2,2,26607,609,25817,625,790,-16,3,1,1,1,2,3,36486,823,34457,835,2029,-12,4,5,1,1,2,4,45200,1005,44583,1046,617,-41,5,8,3,3,9,5,1,1
lol-game-116566854547769725,partial,,LPL,2026,,0,2026-08-07 09:45:00,1,16.15.800.8073,1,Blue,top,Keshi,,THUNDER TALK GAMING,,K'Sante,1,1549,4,0,8,31,7,,,0.1194,12648,489.9,0.1995,280,10.85,14,0.54,6,0.23,,,,,,,,,,,,,,,,,,,,,,,,4209,120,3979,115,230,5,0,0,0,0,0,0,6656,181,7244,170,-588,11,1,2,0,3,0,0,9136,220,8970,225,166,-5,2,7,0,3,1,1,11428,273,11306,284,122,-11,2,7,0,3,1,1,1,1
lol-game-116566854547769725,partial,,LPL,2026,,0,2026-08-07 09:45:00,1,16.15.800.8073,2,Blue,jng,Junhao,,THUNDER TALK GAMING,,Pantheon,1,1549,9,2,11,31,7,,,0.2395,13579,526.0,0.2142,220,8.52,8,0.31,8,0.31,,,,,,,,,,,,,,,,,,,,,,,,4458,90,3749,84,709,6,1,3,0,0,0,1,7025,126,5594,122,1431,4,4,4,1,0,3,2,9982,172,6818,145,3164,27,5,9,2,0,3,5,12868,214,8662,193,4206,21,8,10,2,0,3,6,1,1
lol-game-116566854547769725,partial,,LPL,2026,,0,2026-08-07 09:45:00,1,16.15.800.8073,3,Blue,mid,Heru,,THUNDER TALK GAMING,,Ahri,1,1549,10,0,12,31,7,,,0.2908,13215,511.9,0.2085,225,8.72,15,0.58,5,0.19,,,,,,,,,,,,,,,,,,,,,,,,4273,102,4133,112,140,-10,1,3,0,0,0,1,7263,150,5978,154,1285,-4,4,6,0,0,4,3,9915,177,7300,169,2615,8,8,9,0,1,4,4,12468,216,8975,208,3493,8,9,11,0,1,4,5,1,1
lol-game-116566854547769725,partial,,LPL,2026,,0,2026-08-07 09:45:00,1,16.15.800.8073,4,Blue,bot,Ahn,,THUNDER TALK GAMING,,Sivir,1,1549,5,3,21,31,7,,,0.2821,15168,587.5,0.2393,234,9.06,15,0.58,6,0.23,,,,,,,,,,,,,,,,,,,,,,,,4542,100,3838,93,704,7,2,1,1,0,1,1,7934,156,6733,151,1201,5,2,7,2,1,1,3,11387,200,8402,193,2985,7,4,14,2,1,2,5,14654,233,10605,247,4049,-14,5,18,2,1,2,6,1,1
lol-game-116566854547769725,partial,,LPL,2026,,0,2026-08-07 09:45:00,1,16.15.800.8073,5,Blue,sup,Feather,,THUNDER TALK GAMING,,Shen,1,1549,3,2,22,31,7,,,0.0682,8785,340.3,0.1386,41,1.59,55,2.13,21,0.81,,,,,,,,,,,,,,,,,,,,,,,,3063,21,2922,13,141,8,1,2,0,1,0,2,4469,24,4239,18,230,6,1,8,2,1,3,4,6308,30,5270,21,1038,9,3,15,2,1,4,7,8206,38,6417,23,1789,15,3,18,2,1,4,9,1,1
lol-game-116566854547769725,partial,,LPL,2026,,0,2026-08-07 09:45:00,1,16.15.800.8073,,Blue,team,,,THUNDER TALK GAMING,,,1,1549,31,7,74,31,7,1.201,1.472,,63395,,,1000,,107,,46,,,,,,,3,1,3,1,0,1,1,0,0,1,0,0,1,0,10,1,2,0,20545,433,18621,417,1924,16,5,9,1,1,1,5,33347,637,29788,615,3559,22,12,27,5,5,11,12,46728,799,36760,753,9968,46,22,54,6,6,14,22,59624,974,45965,955,13659,19,27,64,6,6,14,27,1,1
lol-game-116566854547769725,partial,,LPL,2026,,0,2026-08-07 09:45:00,1,16.15.800.8073,6,Red,top,Cube,,Xi'an Team WE,,Rumble,0,1549,3,2,1,7,31,,,0.308,11621,450.1,0.2431,291,11.27,11,0.43,3,0.12,,,,,,,,,,,,,,,,,,,,,,,,3979,115,4209,120,-230,-5,0,0,0,0,0,0,7244,170,6656,181,588,-11,3,0,0,1,2,0,8970,225,9136,220,-166,5,3,1,1,2,7,0,11306,284,11428,273,-122,11,3,1,1,2,7,0,1,1
lol-game-116566854547769725,partial,,LPL,2026,,0,2026-08-07 09:45:00,1,16.15.800.8073,7,Red,jng,Monki,,Xi'an Team WE,,Vi,0,1549,0,7,3,7,31,,,0.0748,8778,340.0,0.1836,193,7.48,11,0.43,8,0.31,,,,,,,,,,,,,,,,,,,,,,,,3749,84,4458,90,-709,-6,0,0,1,1,3,0,5594,122,7025,126,-1431,-4,0,3,2,4,4,1,6818,145,9982,172,-3164,-27,0,3,5,5,9,2,8662,193,12868,214,-4206,-21,0,3,6,8,10,2,1,1
lol-game-116566854547769725,partial,,LPL,2026,,0,2026-08-07 09:45:00,1,16.15.800.8073,8,Red,mid,Karis,,Xi'an Team WE,,Ryze,0,1549,1,6,5,7,31,,,0.2279,9266,358.9,0.1939,208,8.06,10,0.39,2,0.08,,,,,,,,,,,,,,,,,,,,,,,,4133,112,4273,102,-140,10,0,0,1,1,3,0,5978,154,7263,150,-1285,4,0,4,3,4,6,0,7300,169,9915,177,-2615,-8,1,4,4,8,9,0,8975,208,12468,216,-3493,-8,1,4,5,9,11,0,1,1
lol-game-116566854547769725,partial,,LPL,2026,,0,2026-08-07 09:45:00,1,16.15.800.8073,9,Red,bot,About,,Xi'an Team WE,,Yunara,0,1549,2,7,2,7,31,,,0.246,11571,448.2,0.2421,247,9.57,13,0.5,10,0.39,,,,,,,,,,,,,,,,,,,,,,,,3838,93,4542,100,-704,-7,0,1,1,2,1,1,6733,151,7934,156,-1201,-5,1,1,3,2,7,2,8402,193,11387,200,-2985,-7,1,2,5,4,14,2,10605,247,14654,233,-4049,14,1,2,6,5,18,2,1,1
lol-game-116566854547769725,partial,,LPL,2026,,0,2026-08-07 09:45:00,1,16.15.800.8073,10,Red,sup,Erha,,Xi'an Team WE,,Neeko,0,1549,1,9,4,7,31,,,0.1434,6563,254.2,0.1373,23,0.89,49,1.9,10,0.39,,,,,,,,,,,,,,,,,,,,,,,,2922,13,3063,21,-141,-8,1,0,2,1,2,0,4239,18,4469,24,-230,-6,1,3,4,1,8,2,5270,21,6308,30,-1038,-9,1,4,7,3,15,2,6417,23,8206,38,-1789,-15,1,4,9,3,18,2,1,1
lol-game-116566854547769725,partial,,LPL,2026,,0,2026-08-07 09:45:00,1,16.15.800.8073,,Red,team,,,Xi'an Team WE,,,0,1549,7,31,15,7,31,0.271,1.472,,47799,,,962,,94,,33,,,,,,,1,3,1,3,0,1,0,0,0,0,0,0,0,1,1,10,0,2,18621,417,20545,433,-1924,-16,1,1,5,5,9,1,29788,615,33347,637,-3559,-22,5,11,12,12,27,5,36760,753,46728,799,-9968,-46,6,14,22,22,54,6,45965,955,59624,974,-13659,-19,6,14,27,27,64,6,1,1
lol-game-116566854547769726,partial,,LPL,2026,,0,2026-08-07 10:35:00,2,16.15.800.8073,1,Blue,top,Keshi,,THUNDER TALK GAMING,,Ambessa,0,1772,2,5,2,14,21,,,0.1772,10658,360.9,0.1976,262,8.87,15,0.51,2,0.07,,,,,,,,,,,,,,,,,,,,,,,,3792,102,5330,112,-1538,-10,0,0,2,3,0,0,5548,163,7525,171,-1977,-8,0,0,2,3,0,0,7447,208,9990,211,-2543,-3,0,1,3,5,1,0,9263,247,12169,250,-2906,-3,1,1,3,6,4,0,1,1
lol-game-116566854547769726,partial,,LPL,2026,,0,2026-08-07 10:35:00,2,16.15.800.8073,2,Blue,jng,Junhao,,THUNDER TALK GAMING,,Naafiri,0,1772,3,4,5,14,21,,,0.161,11281,382.0,0.2091,229,7.75,11,0.37,11,0.37,,,,,,,,,,,,,,,,,,,,,,,,4288,71,4295,75,-7,-4,2,2,2,1,2,2,6403,132,6056,110,347,22,2,2,2,1,3,3,8170,173,7919,148,251,25,2,3,2,1,3,4,9889,211,9690,179,199,32,2,5,3,1,6,5,1,1
lol-game-116566854547769726,partial,,LPL,2026,,0,2026-08-07 10:35:00,2,16.15.800.8073,3,Blue,mid,Heru,,THUNDER TALK GAMING,,Viktor,0,1772,4,4,7,14,21,,,0.3315,11351,384.3,0.2104,251,8.5,14,0.47,5,0.17,,,,,,,,,,,,,,,,,,,,,,,,4485,99,3845,88,640,11,2,2,0,0,2,1,6769,143,5770,131,999,12,4,2,1,1,2,2,8262,179,7968,178,294,1,4,3,2,2,2,2,9788,218,10918,229,-1130,-11,4,5,3,4,2,2,1,1
lol-game-116566854547769726,partial,,LPL,2026,,0,2026-08-07 10:35:00,2,16.15.800.8073,4,Blue,bot,Ahn,,THUNDER TALK GAMING,,Corki,0,1772,5,5,3,14,21,,,0.2554,13077,442.8,0.2424,258,8.74,11,0.37,18,0.61,,,,,,,,,,,,,,,,,,,,,,,,3829,72,3878,85,-49,-13,2,1,2,1,1,0,6132,125,6096,138,36,-13,2,1,2,1,1,0,8436,166,9153,198,-717,-32,3,1,3,2,3,0,11177,224,11926,255,-749,-31,4,2,4,3,5,0,1,1
lol-game-116566854547769726,partial,,LPL,2026,,0,2026-08-07 10:35:00,2,16.15.800.8073,5,Blue,sup,Feather,,THUNDER TALK GAMING,,Nautilus,0,1772,0,3,11,14,21,,,0.0748,7577,256.6,0.1405,34,1.15,70,2.37,14,0.47,,,,,,,,,,,,,,,,,,,,,,,,3155,12,3082,10,73,2,0,6,0,1,0,3,4257,19,4291,21,-34,-2,0,6,0,1,0,3,5393,28,5831,23,-438,5,0,7,1,1,3,3,6609,33,7272,27,-663,6,0,9,2,1,7,4,1,1
lol-game-116566854547769726,partial,,LPL,2026,,0,2026-08-07 10:35:00,2,16.15.800.8073,,Blue,team,,,THUNDER TALK GAMING,,,0,1772,14,21,28,14,21,0.474,1.185,,53944,,,1034,,121,,50,,,,,,,1,3,1,3,0,0,0,0,1,0,0,0,0,1,1,8,0,1,19549,356,20430,370,-881,-14,6,11,6,6,5,6,29109,582,29738,571,-629,11,8,11,7,7,6,8,37708,754,40861,758,-3153,-4,9,15,11,11,12,9,46726,933,51975,940,-5249,-7,11,22,15,15,24,11,1,1
lol-game-116566854547769726,partial,,LPL,2026,,0,2026-08-07 10:35:00,2,16.15.800.8073,6,Red,top,Cube,,Xi'an Team WE,,Jayce,1,1772,7,0,7,21,14,,,0.3667,14528,491.9,0.2273,278,9.41,14,0.47,16,0.54,,,,,,,,,,,,,,,,,,,,,,,,5330,112,3792,102,1538,10,3,0,0,0,0,2,7525,171,5548,163,1977,8,3,0,0,0,0,2,9990,211,7447,208,2543,3,5,1,0,0,1,3,12169,250,9263,247,2906,3,6,4,0,1,1,3,1,1
lol-game-116566854547769726,partial,,LPL,2026,,0,2026-08-07 10:35:00,2,16.15.800.8073,7,Red,jng,Monki,,Xi'an Team WE,,Nocturne,1,1772,1,6,8,21,14,,,0.1507,11384,385.5,0.1781,205,6.94,9,0.3,10,0.34,,,,,,,,,,,,,,,,,,,,,,,,4295,75,4288,71,7,4,1,2,2,2,2,2,6056,110,6403,132,-347,-22,1,3,3,2,2,2,7919,148,8170,173,-251,-25,1,3,4,2,3,2,9690,179,9889,211,-199,-32,1,6,5,2,5,3,1,1
lol-game-116566854547769726,partial,,LPL,2026,,0,2026-08-07 10:35:00,2,16.15.800.8073,8,Red,mid,Karis,,Xi'an Team WE,,Akali,1,1772,8,2,3,21,14,,,0.2281,14513,491.4,0.227,254,8.6,8,0.27,11,0.37,,,,,,,,,,,,,,,,,,,,,,,,3845,88,4485,99,-640,-11,0,2,1,2,2,0,5770,131,6769,143,-999,-12,1,2,2,4,2,1,7968,178,8262,179,-294,-1,2,2,2,4,3,2,10918,229,9788,218,1130,11,4,2,2,4,5,3,1,1
lol-game-116566854547769726,partial,,LPL,2026,,0,2026-08-07 10:35:00,2,16.15.800.8073,9,Red,bot,About,,Xi'an Team WE,,Jhin,1,1772,4,0,9,21,14,,,0.2057,14842,502.6,0.2322,287,9.72,18,0.61,8,0.27,,,,,,,,,,,,,,,,,,,,,,,,3878,85,3829,72,49,13,1,1,0,2,1,2,6096,138,6132,125,-36,13,1,1,0,2,1,2,9153,198,8436,166,717,32,2,3,0,3,1,3,11926,255,11177,224,749,31,3,5,0,4,2,4,1,1
lol-game-116566854547769726,partial,,LPL,2026,,0,2026-08-07 10:35:00,2,16.15.800.8073,10,Red,sup,Erha,,Xi'an Team WE,,Leona,1,1772,1,6,10,21,14,,,0.0488,8653,293.0,0.1354,27,0.91,67,2.27,16,0.54,,,,,,,,,,,,,,,,,,,,,,,,3082,10,3155,12,-73,-2,1,0,3,0,6,0,4291,21,4257,19,34,2,1,0,3,0,6,0,5831,23,5393,28,438,-5,1,3,3,0,7,1,7272,27,6609,33,663,-6,1,7,4,0,9,2,1,1
lol-game-116566854547769726,partial,,LPL,2026,,0,2026-08-07 10:35:00,2,16.15.800.8073,,Red,team,,,Xi'an Team WE,,,1,1772,21,14,37,21,14,0.711,1.185,,63920,,,1051,,116,,61,,,,,,,3,1,3,1,0,0,0,1,1,1,0,0,1,0,8,1,1,0,20430,370,19549,356,881,14,6,5,6,6,11,6,29738,571,29109,582,629,-11,7,6,8,8,11,7,40861,758,37708,754,3153,4,11,12,9,9,15,11,51975,940,46726,933,5249,7,15,24,11,11,22,15,1,1
lol-game-116566854547769727,partial,,LPL,2026,,0,2026-08-07 09:00:00,3,,1,Blue,top,Cube,,THUNDER TALK GAMING,,Ornn,0,,1,3,3,4,20,,,,10642,,0.1805,227,,0,,0,,,,,,,,,,,,,,,,,,,,,,,,,,,,,,,,,,,,,,,,,,,,,,,,,,,,,,,,,,,,,,,,,,,,,,,,,1,0
lol-game-116566854547769727,partial,,LPL,2026,,0,2026-08-07 09:00:00,3,,2,Blue,jng,Monki,,THUNDER TALK GAMING,,Graves,0,,2,5,1,4,20,,,,14535,,0.2465,306,,0,,0,,,,,,,,,,,,,,,,,,,,,,,,,,,,,,,,,,,,,,,,,,,,,,,,,,,,,,,,,,,,,,,,,,,,,,,,,1,0
lol-game-116566854547769727,partial,,LPL,2026,,0,2026-08-07 09:00:00,3,,3,Blue,mid,Karis,,THUNDER TALK GAMING,,Sylas,0,,0,5,2,4,20,,,,11178,,0.1895,259,,0,,0,,,,,,,,,,,,,,,,,,,,,,,,,,,,,,,,,,,,,,,,,,,,,,,,,,,,,,,,,,,,,,,,,,,,,,,,,1,0
lol-game-116566854547769727,partial,,LPL,2026,,0,2026-08-07 09:00:00,3,,4,Blue,bot,About,,THUNDER TALK GAMING,,Ziggs,0,,1,3,0,4,20,,,,14056,,0.2384,312,,0,,0,,,,,,,,,,,,,,,,,,,,,,,,,,,,,,,,,,,,,,,,,,,,,,,,,,,,,,,,,,,,,,,,,,,,,,,,,1,0
lol-game-116566854547769727,partial,,LPL,2026,,0,2026-08-07 09:00:00,3,,5,Blue,sup,Erha,,THUNDER TALK GAMING,,Camille,0,,0,4,2,4,20,,,,8561,,0.1452,49,,0,,0,,,,,,,,,,,,,,,,,,,,,,,,,,,,,,,,,,,,,,,,,,,,,,,,,,,,,,,,,,,,,,,,,,,,,,,,,1,0
lol-game-116566854547769727,partial,,LPL,2026,,0,2026-08-07 09:00:00,3,,,Blue,team,,,THUNDER TALK GAMING,,,0,,4,20,8,4,20,,,,58972,,,1153,,0,,0,,,,,,,1,4,0,0,0,0,0,0,0,0,0,0,1,1,3,5,,,,,,,,,,,,,,,,,,,,,,,,,,,,,,,,,,,,,,,,,,,,,,,,,,,1,0
lol-game-116566854547769727,partial,,LPL,2026,,0,2026-08-07 09:00:00,3,,6,Red,top,Keshi,,Xi'an Team WE,,Renekton,0,,5,2,5,20,4,,,,13567,,0.2062,299,,0,,0,,,,,,,,,,,,,,,,,,,,,,,,,,,,,,,,,,,,,,,,,,,,,,,,,,,,,,,,,,,,,,,,,,,,,,,,,1,0
lol-game-116566854547769727,partial,,LPL,2026,,0,2026-08-07 09:00:00,3,,7,Red,jng,Junhao,,Xi'an Team WE,,Lee Sin,0,,4,2,8,20,4,,,,13130,,0.1995,244,,0,,0,,,,,,,,,,,,,,,,,,,,,,,,,,,,,,,,,,,,,,,,,,,,,,,,,,,,,,,,,,,,,,,,,,,,,,,,,1,0
lol-game-116566854547769727,partial,,LPL,2026,,0,2026-08-07 09:00:00,3,,8,Red,mid,Heru,,Xi'an Team WE,,Annie,0,,5,0,8,20,4,,,,13032,,0.198,259,,0,,0,,,,,,,,,,,,,,,,,,,,,,,,,,,,,,,,,,,,,,,,,,,,,,,,,,,,,,,,,,,,,,,,,,,,,,,,,1,0
lol-game-116566854547769727,partial,,LPL,2026,,0,2026-08-07 09:00:00,3,,9,Red,bot,Ahn,,Xi'an Team WE,,Kalista,0,,5,0,7,20,4,,,,16945,,0.2575,351,,0,,0,,,,,,,,,,,,,,,,,,,,,,,,,,,,,,,,,,,,,,,,,,,,,,,,,,,,,,,,,,,,,,,,,,,,,,,,,1,0
lol-game-116566854547769727,partial,,LPL,2026,,0,2026-08-07 09:00:00,3,,10,Red,sup,Feather,,Xi'an Team WE,,Renata Glasc,0,,1,0,13,20,4,,,,9128,,0.1387,39,,0,,0,,,,,,,,,,,,,,,,,,,,,,,,,,,,,,,,,,,,,,,,,,,,,,,,,,,,,,,,,,,,,,,,,,,,,,,,,1,0
lol-game-116566854547769727,partial,,LPL,2026,,0,2026-08-07 09:00:00,3,,,Red,team,,,Xi'an Team WE,,,0,,20,4,41,20,4,,,,65802,,,1192,,0,,0,,,,,,,4,1,0,0,0,0,0,0,0,0,0,0,1,1,5,3,,,,,,,,,,,,,,,,,,,,,,,,,,,,,,,,,,,,,,,,,,,,,,,,,,,1,0
lol-game-116566854547835305,partial,,LPL,2026,,0,2026-08-02 10:17:00,1,16.14.794.5912,1,Blue,top,sheer,,Suzhou LNG Esports,,Rumble,0,1672,2,4,3,11,21,,,0.2143,9558,343.0,0.1805,223,8.0,16,0.57,0,0.0,,,,,,,,,,,,,,,,,,,,,,,,4120,106,4317,122,-197,-16,1,0,0,0,0,1,6331,155,6429,174,-98,-19,2,0,0,1,0,2,7704,190,9067,244,-1363,-54,2,0,1,2,0,2,9138,223,10864,270,-1726,-47,2,2,2,3,2,3,1,1
lol-game-116566854547835305,partial,,LPL,2026,,0,2026-08-02 10:17:00,1,16.14.794.5912,2,Blue,jng,Weiwei,,Suzhou LNG Esports,,Naafiri,0,1672,3,6,4,11,21,,,0.1829,10681,383.3,0.2017,192,6.89,11,0.39,8,0.29,,,,,,,,,,,,,,,,,,,,,,,,3788,83,4117,96,-329,-13,0,0,0,0,1,0,5764,115,5898,125,-134,-10,1,2,2,0,2,1,7895,157,8417,162,-522,-5,2,2,3,2,3,2,9844,174,10926,204,-1082,-30,3,4,5,2,9,2,1,1
lol-game-116566854547835305,partial,,LPL,2026,,0,2026-08-02 10:17:00,1,16.14.794.5912,3,Blue,mid,Nia,,Suzhou LNG Esports,,Galio,0,1672,1,3,7,11,21,,,0.1308,9490,340.6,0.1793,236,8.47,12,0.43,7,0.25,,,,,,,,,,,,,,,,,,,,,,,,3507,91,4200,122,-693,-31,0,0,1,0,1,0,5700,144,6579,165,-879,-21,1,3,1,1,1,1,7156,180,8164,205,-1008,-25,1,4,1,1,3,1,8730,222,9917,225,-1187,-3,1,6,2,2,5,2,1,1
lol-game-116566854547835305,partial,,LPL,2026,,0,2026-08-02 10:17:00,1,16.14.794.5912,4,Blue,bot,1xn,,Suzhou LNG Esports,,Zeri,0,1672,5,4,4,11,21,,,0.3795,15785,566.4,0.2982,322,11.56,15,0.54,15,0.54,,,,,,,,,,,,,,,,,,,,,,,,4684,110,4206,105,478,5,1,0,0,1,0,1,8259,171,7122,160,1137,11,2,2,0,1,1,2,10607,237,10201,218,406,19,2,3,1,2,4,2,14204,301,14218,269,-14,32,4,4,2,6,5,3,1,1
lol-game-116566854547835305,partial,,LPL,2026,,0,2026-08-02 10:17:00,1,16.14.794.5912,5,Blue,sup,MISSING,,Suzhou LNG Esports,,Nautilus,0,1672,0,4,11,11,21,,,0.0925,7428,266.6,0.1403,32,1.15,62,2.22,14,0.5,,,,,,,,,,,,,,,,,,,,,,,,3125,21,2788,18,337,3,0,2,0,0,1,0,4484,27,4138,26,346,1,0,6,0,0,2,0,5682,30,5597,32,85,-2,0,7,1,0,6,0,6776,30,7368,39,-592,-9,0,10,2,0,12,0,1,1
lol-game-116566854547835305,partial,,LPL,2026,,0,2026-08-02 10:17:00,1,16.14.794.5912,,Blue,team,,,Suzhou LNG Esports,,,0,1672,11,21,29,11,21,0.395,1.148,,52942,,,1005,,116,,44,,,,,,,1,3,1,3,0,0,0,0,1,0,0,0,0,1,0,8,0,1,19224,411,19628,463,-404,-52,2,2,1,1,3,2,30538,612,30166,650,372,-38,6,13,3,3,6,6,39044,794,41446,861,-2402,-67,7,16,7,7,16,7,48692,950,53293,1007,-4601,-57,10,26,13,13,33,10,1,1
lol-game-116566854547835305,partial,,LPL,2026,,0,2026-08-02 10:17:00,1,16.14.794.5912,6,Red,top,TheShy,,Invictus Gaming,,Jayce,1,1672,5,3,5,21,11,,,0.2991,12849,461.1,0.198,281,10.08,10,0.36,4,0.14,,,,,,,,,,,,,,,,,,,,,,,,4317,122,4120,106,197,16,0,0,1,1,0,0,6429,174,6331,155,98,19,1,0,2,2,0,0,9067,244,7704,190,1363,54,2,0,2,2,0,1,10864,270,9138,223,1726,47,3,2,3,2,2,2,1,1
lol-game-116566854547835305,partial,,LPL,2026,,0,2026-08-02 10:17:00,1,16.14.794.5912,7,Red,jng,Wei,,Invictus Gaming,,Trundle,1,1672,4,2,13,21,11,,,0.1125,13105,470.3,0.2019,212,7.61,12,0.43,23,0.83,,,,,,,,,,,,,,,,,,,,,,,,4117,96,3788,83,329,13,0,1,0,0,0,0,5898,125,5764,115,134,10,0,2,1,1,2,2,8417,162,7895,157,522,5,2,3,2,2,2,3,10926,204,9844,174,1082,30,2,9,2,3,4,5,1,1
lol-game-116566854547835305,partial,,LPL,2026,,0,2026-08-02 10:17:00,1,16.14.794.5912,8,Red,mid,Rookie,,Invictus Gaming,,Cassiopeia,1,1672,2,3,10,21,11,,,0.2066,11505,412.9,0.1773,233,8.36,13,0.47,6,0.22,,,,,,,,,,,,,,,,,,,,,,,,4200,122,3507,91,693,31,0,1,0,0,0,1,6579,165,5700,144,879,21,1,1,1,1,3,1,8164,205,7156,180,1008,25,1,3,1,1,4,1,9917,225,8730,222,1187,3,2,5,2,1,6,2,1,1
lol-game-116566854547835305,partial,,LPL,2026,,0,2026-08-02 10:17:00,1,16.14.794.5912,9,Red,bot,Assum,,Invictus Gaming,,Sivir,1,1672,10,3,9,21,11,,,0.3039,18594,667.2,0.2865,307,11.02,14,0.5,8,0.29,,,,,,,,,,,,,,,,,,,,,,,,4206,105,4684,110,-478,-5,1,0,1,1,0,0,7122,160,8259,171,-1137,-11,1,1,2,2,2,0,10201,218,10607,237,-406,-19,2,4,2,2,3,1,14218,269,14204,301,14,-32,6,5,3,4,4,2,1,1
lol-game-116566854547835305,partial,,LPL,2026,,0,2026-08-02 10:17:00,1,16.14.794.5912,10,Red,sup,Meiko,,Invictus Gaming,,Bard,1,1672,0,0,19,21,11,,,0.078,8844,317.4,0.1363,42,1.51,72,2.58,26,0.93,,,,,,,,,,,,,,,,,,,,,,,,2788,18,3125,21,-337,-3,0,1,0,0,2,0,4138,26,4484,27,-346,-1,0,2,0,0,6,0,5597,32,5682,30,-85,2,0,6,0,0,7,1,7368,39,6776,30,592,9,0,12,0,0,10,2,1,1
lol-game-116566854547835305,partial,,LPL,2026,,0,2026-08-02 10:17:00,1,16.14.794.5912,,Red,team,,,Invictus Gaming,,,1,1672,21,11,56,21,11,0.754,1.148,,64897,,,1075,,121,,67,,,,,,,3,1,3,1,0,0,2,0,0,1,0,0,1,0,8,0,1,0,19628,463,19224,411,404,52,1,3,2,2,2,1,30166,650,30538,612,-372,38,3,6,6,6,13,3,41446,861,39044,794,2402,67,7,16,7,7,16,7,53293,1007,48692,950,4601,57,13,33,10,10,26,13,1,1
lol-game-116566854547835306,partial,,LPL,2026,,0,2026-08-02 11:15:00,2,16.14.794.5912,1,Blue,top,TheShy,,Invictus Gaming,,Gnar,1,1225,7,1,5,20,8,,,0.2874,13222,647.6,0.2322,243,11.9,10,0.49,3,0.15,,,,,,,,,,,,,,,,,,,,,,,,6395,146,4848,138,1547,8,1,1,0,0,0,2,8565,197,6976,177,1589,20,2,1,1,1,2,2,12870,238,8174,190,4696,48,7,5,1,2,2,5,,,,,,,,,,,,,1,1
lol-game-116566854547835306,partial,,LPL,2026,,0,2026-08-02 11:15:00,2,16.14.794.5912,2,Blue,jng,Wei,,Invictus Gaming,,Vi,1,1225,6,2,9,20,8,,,0.1198,12062,590.8,0.2118,180,8.82,12,0.59,9,0.44,,,,,,,,,,,,,,,,,,,,,,,,6109,112,5203,106,906,6,3,0,0,1,1,1,8093,153,7023,137,1070,16,3,1,1,2,2,2,11664,179,8325,150,3339,29,6,8,2,2,4,4,,,,,,,,,,,,,1,1
lol-game-116566854547835306,partial,,LPL,2026,,0,2026-08-02 11:15:00,2,16.14.794.5912,3,Blue,mid,Rookie,,Invictus Gaming,,Orianna,1,1225,1,0,10,20,8,,,0.2273,11122,544.8,0.1953,263,12.88,11,0.54,9,0.44,,,,,,,,,,,,,,,,,,,,,,,,6070,163,4595,122,1475,41,0,2,0,0,0,1,8016,220,6222,173,1794,47,0,2,0,0,1,1,10794,261,7904,200,2890,61,1,9,0,1,2,2,,,,,,,,,,,,,1,1
lol-game-116566854547835306,partial,,LPL,2026,,0,2026-08-02 11:15:00,2,16.14.794.5912,4,Blue,bot,Assum,,Invictus Gaming,,Ezreal,1,1225,4,3,8,20,8,,,0.2356,12392,607.0,0.2176,229,11.22,11,0.54,7,0.34,,,,,,,,,,,,,,,,,,,,,,,,5928,137,5911,140,17,-3,1,1,2,0,1,2,8452,197,8784,204,-332,-7,1,2,2,1,2,2,11659,227,10428,246,1231,-19,3,8,3,1,3,4,,,,,,,,,,,,,1,1
lol-game-116566854547835306,partial,,LPL,2026,,0,2026-08-02 11:15:00,2,16.14.794.5912,5,Blue,sup,Meiko,,Invictus Gaming,,Karma,1,1225,2,2,14,20,8,,,0.13,8147,399.0,0.1431,26,1.27,43,2.11,13,0.64,,,,,,,,,,,,,,,,,,,,,,,,4075,16,4221,20,-146,-4,1,2,1,2,1,0,5380,22,5541,25,-161,-3,1,3,2,2,4,0,7802,24,6559,27,1243,-3,2,13,2,2,5,4,,,,,,,,,,,,,1,1
lol-game-116566854547835306,partial,,LPL,2026,,0,2026-08-02 11:15:00,2,16.14.794.5912,,Blue,team,,,Invictus Gaming,,,1,1225,20,8,46,20,8,0.98,1.371,,56945,,,941,,87,,41,,,,,,,4,0,4,0,0,1,2,1,0,0,0,0,1,0,9,0,1,0,28577,574,24778,526,3799,48,6,6,3,3,3,6,38506,789,34546,716,3960,73,7,9,6,6,11,7,54789,929,41390,813,13399,116,19,43,8,8,16,19,,,,,,,,,,,,,1,1
lol-game-116566854547835306,partial,,LPL,2026,,0,2026-08-02 11:15:00,2,16.14.794.5912,6,Red,top,sheer,,Suzhou LNG Esports,,Ambessa,0,1225,2,5,2,8,20,,,0.2143,8226,402.9,0.1974,190,9.31,10,0.49,2,0.1,,,,,,,,,,,,,,,,,,,,,,,,4848,138,6395,146,-1547,-8,0,0,2,1,1,0,6976,177,8565,197,-1589,-20,1,2,2,2,1,1,8174,190,12870,238,-4696,-48,2,2,5,7,5,1,,,,,,,,,,,,,1,1
lol-game-116566854547835306,partial,,LPL,2026,,0,2026-08-02 11:15:00,2,16.14.794.5912,7,Red,jng,Weiwei,,Suzhou LNG Esports,,Jarvan IV,0,1225,2,4,4,8,20,,,0.2081,8382,410.5,0.2011,150,7.35,10,0.49,14,0.69,,,,,,,,,,,,,,,,,,,,,,,,5203,106,6109,112,-906,-6,1,1,1,3,0,0,7023,137,8093,153,-1070,-16,2,2,2,3,1,1,8325,150,11664,179,-3339,-29,2,4,4,6,8,2,,,,,,,,,,,,,1,1
lol-game-116566854547835306,partial,,LPL,2026,,0,2026-08-02 11:15:00,2,16.14.794.5912,8,Red,mid,Nia,,Suzhou LNG Esports,,Akali,0,1225,1,3,2,8,20,,,0.208,7956,389.7,0.1909,200,9.8,6,0.29,4,0.2,,,,,,,,,,,,,,,,,,,,,,,,4595,122,6070,163,-1475,-41,0,0,1,0,2,0,6222,173,8016,220,-1794,-47,0,1,1,0,2,0,7904,200,10794,261,-2890,-61,1,2,2,1,9,0,,,,,,,,,,,,,1,1
lol-game-116566854547835306,partial,,LPL,2026,,0,2026-08-02 11:15:00,2,16.14.794.5912,9,Red,bot,1xn,,Suzhou LNG Esports,,Yunara,0,1225,1,4,3,8,20,,,0.2699,10480,513.3,0.2515,246,12.05,11,0.54,5,0.24,,,,,,,,,,,,,,,,,,,,,,,,5911,140,5928,137,-17,3,0,1,2,1,1,2,8784,204,8452,197,332,7,1,2,2,1,2,2,10428,246,11659,227,-1231,19,1,3,4,3,8,3,,,,,,,,,,,,,1,1
lol-game-116566854547835306,partial,,LPL,2026,,0,2026-08-02 11:15:00,2,16.14.794.5912,10,Red,sup,MISSING,,Suzhou LNG Esports,,Lulu,0,1225,2,4,5,8,20,,,0.0997,6634,324.9,0.1592,27,1.32,50,2.45,13,0.64,,,,,,,,,,,,,,,,,,,,,,,,4221,20,4075,16,146,4,2,1,0,1,2,1,5541,25,5380,22,161,3,2,4,0,1,3,2,6559,27,7802,24,-1243,3,2,5,4,2,13,2,,,,,,,,,,,,,1,1
lol-game-116566854547835306,partial,,LPL,2026,,0,2026-08-02 11:15:00,2,16.14.794.5912,,Red,team,,,Suzhou LNG Esports,,,0,1225,8,20,16,8,20,0.392,1.371,,41678,,,813,,87,,38,,,,,,,0,4,0,4,0,0,0,0,0,0,0,0,0,1,0,9,0,1,24778,526,28577,574,-3799,-48,3,3,6,6,6,3,34546,716,38506,789,-3960,-73,6,11,7,7,9,6,41390,813,54789,929,-13399,-116,8,16,19,19,43,8,,,,,,,,,,,,,1,1
lol-game-116566854547835309,partial,,LPL,2026,,0,2026-08-06 10:25:00,1,16.15.800.8073,1,Blue,top,HOYA,,Shenzhen NINJAS IN PYJAMAS,,Varus,0,1922,7,4,6,16,22,,,0.3514,13771,429.9,0.2143,261,8.15,21,0.66,10,0.31,,,,,,,,,,,,,,,,,,,,,,,,4606,112,4098,108,508,4,1,0,1,0,2,1,7555,169,5702,151,1853,18,3,0,1,0,2,2,10227,202,7120,171,3107,31,6,4,1,0,4,4,11455,225,9037,210,2418,15,6,4,1,1,4,4,1,1
lol-game-116566854547835309,partial,,LPL,2026,,0,2026-08-06 10:25:00,1,16.15.800.8073,2,Blue,jng,Guwon,,Shenzhen NINJAS IN PYJAMAS,,Vi,0,1922,3,7,4,16,22,,,0.1542,12110,378.0,0.1885,215,6.71,9,0.28,11,0.34,,,,,,,,,,,,,,,,,,,,,,,,4702,90,4545,87,157,3,2,1,0,1,2,0,6492,127,6874,139,-382,-12,2,2,0,2,2,0,9018,164,8923,164,95,0,3,3,2,3,3,1,10633,198,10930,204,-297,-6,3,3,3,3,5,1,1,1
lol-game-116566854547835309,partial,,LPL,2026,,0,2026-08-06 10:25:00,1,16.15.800.8073,3,Blue,mid,Care,,Shenzhen NINJAS IN PYJAMAS,,Locke,0,1922,3,3,6,16,22,,,0.187,13582,424.0,0.2114,279,8.71,11,0.34,9,0.28,,,,,,,,,,,,,,,,,,,,,,,,3959,107,4359,119,-400,-12,0,1,0,0,2,0,5725,162,6433,179,-708,-17,0,1,1,0,3,0,7901,197,8168,211,-267,-14,1,4,2,0,6,1,10469,252,10448,256,21,-4,1,4,2,1,7,1,1,1
lol-game-116566854547835309,partial,,LPL,2026,,0,2026-08-06 10:25:00,1,16.15.800.8073,4,Blue,bot,Photic,,Shenzhen NINJAS IN PYJAMAS,,Kai'Sa,0,1922,3,4,4,16,22,,,0.2255,16269,507.9,0.2532,319,9.96,14,0.44,9,0.28,,,,,,,,,,,,,,,,,,,,,,,,4237,110,4009,111,228,-1,0,1,1,0,1,0,7461,166,6756,173,705,-7,0,1,1,0,2,0,10744,204,9320,218,1424,-14,2,4,1,1,2,1,12965,258,11954,280,1011,-22,2,4,2,1,4,1,1,1
lol-game-116566854547835309,partial,,LPL,2026,,0,2026-08-06 10:25:00,1,16.15.800.8073,5,Blue,sup,NIPfengyue,,Shenzhen NINJAS IN PYJAMAS,,Shen,0,1922,0,4,12,16,22,,,0.0819,8514,265.8,0.1325,23,0.72,96,3.0,13,0.41,,,,,,,,,,,,,,,,,,,,,,,,3116,13,3634,11,-518,2,0,3,1,2,0,3,4371,17,4856,21,-485,-4,0,4,1,2,1,4,6022,18,6541,28,-519,-10,0,11,1,3,3,6,7061,21,7747,33,-686,-12,0,11,1,3,4,6,1,1
lol-game-116566854547835309,partial,,LPL,2026,,0,2026-08-06 10:25:00,1,16.15.800.8073,,Blue,team,,,Shenzhen NINJAS IN PYJAMAS,,,0,1922,16,22,32,16,22,0.499,1.186,,64246,,,1097,,151,,52,,,,,,,1,4,1,4,0,0,0,0,1,0,0,0,1,1,4,9,0,2,20620,432,20645,436,-25,-4,3,6,3,3,7,4,31604,641,30621,663,983,-22,5,8,4,4,10,6,43912,785,40072,792,3840,-7,12,26,7,7,18,13,52583,954,50116,983,2467,-29,12,26,9,9,24,13,1,1
lol-game-116566854547835309,partial,,LPL,2026,,0,2026-08-06 10:25:00,1,16.15.800.8073,6,Red,top,TheShy,,Invictus Gaming,,Rumble,1,1922,2,6,8,22,16,,,0.1752,11992,374.4,0.1701,250,7.8,13,0.41,3,0.09,,,,,,,,,,,,,,,,,,,,,,,,4098,108,4606,112,-508,-4,0,2,1,1,0,1,5702,151,7555,169,-1853,-18,0,2,2,3,0,1,7120,171,10227,202,-3107,-31,0,4,4,6,4,1,9037,210,11455,225,-2418,-15,1,4,4,6,4,1,1,1
lol-game-116566854547835309,partial,,LPL,2026,,0,2026-08-06 10:25:00,1,16.15.800.8073,7,Red,jng,Wei,,Invictus Gaming,,Naafiri,1,1922,6,1,11,22,16,,,0.2095,15379,480.1,0.2182,259,8.09,14,0.44,13,0.41,,,,,,,,,,,,,,,,,,,,,,,,4545,87,4702,90,-157,-3,1,2,0,2,1,0,6874,139,6492,127,382,12,2,2,0,2,2,0,8923,164,9018,164,-95,0,3,3,1,3,3,2,10930,204,10633,198,297,6,3,5,1,3,3,3,1,1
lol-game-116566854547835309,partial,,LPL,2026,,0,2026-08-06 10:25:00,1,16.15.800.8073,8,Red,mid,Rookie,,Invictus Gaming,,Orianna,1,1922,4,1,16,22,16,,,0.2859,14785,461.6,0.2098,302,9.43,18,0.56,6,0.19,,,,,,,,,,,,,,,,,,,,,,,,4359,119,3959,107,400,12,0,2,0,0,1,0,6433,179,5725,162,708,17,0,3,0,0,1,1,8168,211,7901,197,267,14,0,6,1,1,4,2,10448,256,10469,252,-21,4,1,7,1,1,4,2,1,1
lol-game-116566854547835309,partial,,LPL,2026,,0,2026-08-06 10:25:00,1,16.15.800.8073,9,Red,bot,Assum,,Invictus Gaming,,Corki,1,1922,7,2,5,22,16,,,0.2475,17827,556.5,0.2529,329,10.27,18,0.56,16,0.5,,,,,,,,,,,,,,,,,,,,,,,,4009,111,4237,110,-228,1,0,1,0,0,1,1,6756,173,7461,166,-705,7,0,2,0,0,1,1,9320,218,10744,204,-1424,14,1,2,1,2,4,1,11954,280,12965,258,-1011,22,1,4,1,2,4,2,1,1
lol-game-116566854547835309,partial,,LPL,2026,,0,2026-08-06 10:25:00,1,16.15.800.8073,10,Red,sup,Meiko,,Invictus Gaming,,Bard,1,1922,3,7,13,22,16,,,0.0819,10496,327.7,0.1489,39,1.22,69,2.15,26,0.81,,,,,,,,,,,,,,,,,,,,,,,,3634,11,3116,13,518,-2,2,0,3,0,3,1,4856,21,4371,17,485,4,2,1,4,0,4,1,6541,28,6022,18,519,10,3,3,6,0,11,1,7747,33,7061,21,686,12,3,4,6,0,11,1,1,1
lol-game-116566854547835309,partial,,LPL,2026,,0,2026-08-06 10:25:00,1,16.15.800.8073,,Red,team,,,Invictus Gaming,,,1,1922,22,16,53,22,16,0.687,1.186,,70479,,,1179,,132,,64,,,,,,,4,1,4,1,1,0,0,1,2,0,0,0,1,1,9,4,2,0,20645,436,20620,432,25,4,3,7,4,3,6,3,30621,663,31604,641,-983,22,4,10,6,5,8,4,40072,792,43912,785,-3840,7,7,18,13,12,26,7,50116,983,52583,954,-2467,29,9,24,13,12,26,9,1,1
lol-game-116566854547835310,partial,,LPL,2026,,0,2026-08-06 11:25:00,2,16.15.800.8073,1,Blue,top,TheShy,,Invictus Gaming,,Zaahen,0,1666,3,5,2,12,27,,,0.2126,11002,396.2,0.2016,223,8.03,8,0.29,7,0.25,,,,,,,,,,,,,,,,,,,,,,,,4819,132,4064,109,755,23,0,0,0,0,0,0,7002,166,6549,159,453,7,2,1,1,1,2,1,9245,211,8181,203,1064,8,2,2,1,1,3,2,10552,219,10745,230,-193,-11,3,2,3,2,7,2,1,1
lol-game-116566854547835310,partial,,LPL,2026,,0,2026-08-06 11:25:00,2,16.15.800.8073,2,Blue,jng,Wei,,Invictus Gaming,,Nocturne,0,1666,1,7,6,12,27,,,0.13,10343,372.5,0.1896,179,6.45,13,0.47,15,0.54,,,,,,,,,,,,,,,,,,,,,,,,4492,94,4341,93,151,1,0,2,1,0,2,1,6204,122,5931,120,273,2,0,5,2,0,4,2,8508,162,7674,144,834,18,1,5,3,0,7,2,9764,173,9818,162,-54,11,1,6,6,1,14,2,1,1
lol-game-116566854547835310,partial,,LPL,2026,,0,2026-08-06 11:25:00,2,16.15.800.8073,3,Blue,mid,Rookie,,Invictus Gaming,,Ryze,0,1666,2,4,2,12,27,,,0.2236,10560,380.3,0.1935,247,8.9,15,0.54,5,0.18,,,,,,,,,,,,,,,,,,,,,,,,4878,124,5475,124,-597,0,1,0,0,3,0,1,6863,164,7939,167,-1076,-3,2,2,0,5,1,2,8509,200,11293,212,-2784,-12,2,2,1,8,1,2,9973,236,14970,243,-4997,-7,2,2,3,15,3,2,1,1
lol-game-116566854547835310,partial,,LPL,2026,,0,2026-08-06 11:25:00,2,16.15.800.8073,4,Blue,bot,Assum,,Invictus Gaming,,Lucian,0,1666,5,7,1,12,27,,,0.3559,14281,514.3,0.2617,293,10.55,12,0.43,14,0.5,,,,,,,,,,,,,,,,,,,,,,,,6778,128,4435,92,2343,36,5,0,2,1,3,3,9296,181,6561,134,2735,47,5,1,3,1,5,4,11766,234,8510,182,3256,52,5,1,4,1,6,4,13723,284,11847,237,1876,47,5,1,6,2,14,5,1,1
lol-game-116566854547835310,partial,,LPL,2026,,0,2026-08-06 11:25:00,2,16.15.800.8073,5,Blue,sup,Meiko,,Invictus Gaming,,Milio,0,1666,1,4,8,12,27,,,0.0779,8374,301.6,0.1535,24,0.86,52,1.87,12,0.43,,,,,,,,,,,,,,,,,,,,,,,,4041,15,3435,15,606,0,0,6,2,1,2,1,5688,19,4546,15,1142,4,1,8,2,1,4,1,6932,22,5859,16,1073,6,1,8,2,1,7,1,7864,23,7485,19,379,4,1,8,3,1,16,1,1,1
lol-game-116566854547835310,partial,,LPL,2026,,0,2026-08-06 11:25:00,2,16.15.800.8073,,Blue,team,,,Invictus Gaming,,,0,1666,12,27,19,12,27,0.432,1.405,,54560,,,966,,100,,53,,,,,,,1,3,1,3,1,0,0,0,0,0,0,0,0,2,5,9,0,2,25008,493,21750,433,3258,60,6,8,5,5,7,6,35053,652,31526,595,3527,57,10,17,8,8,16,10,44960,829,41517,757,3443,72,11,18,11,11,24,11,51876,935,54865,891,-2989,44,12,19,21,21,54,12,1,1
lol-game-116566854547835310,partial,,LPL,2026,,0,2026-08-06 11:25:00,2,16.15.800.8073,6,Red,top,HOYA,,Shenzhen NINJAS IN PYJAMAS,,Olaf,1,1666,4,2,10,27,12,,,0.2012,13285,478.5,0.2034,248,8.93,13,0.47,6,0.22,,,,,,,,,,,,,,,,,,,,,,,,4064,109,4819,132,-755,-23,0,0,0,0,0,0,6549,159,7002,166,-453,-7,1,2,1,2,1,1,8181,203,9245,211,-1064,-8,1,3,2,2,2,1,10745,230,10552,219,193,11,2,7,2,3,2,3,1,1
lol-game-116566854547835310,partial,,LPL,2026,,0,2026-08-06 11:25:00,2,16.15.800.8073,7,Red,jng,Guwon,,Shenzhen NINJAS IN PYJAMAS,,Trundle,1,1666,1,2,18,27,12,,,0.0961,11332,408.1,0.1735,167,6.01,11,0.4,13,0.47,,,,,,,,,,,,,,,,,,,,,,,,4341,93,4492,94,-151,-1,0,2,1,0,2,1,5931,120,6204,122,-273,-2,0,4,2,0,5,2,7674,144,8508,162,-834,-18,0,7,2,1,5,3,9818,162,9764,173,54,-11,1,14,2,1,6,6,1,1
lol-game-116566854547835310,partial,,LPL,2026,,0,2026-08-06 11:25:00,2,16.15.800.8073,8,Red,mid,Care,,Shenzhen NINJAS IN PYJAMAS,,Cassiopeia,1,1666,17,2,6,27,12,,,0.3844,17501,630.3,0.268,261,9.4,14,0.5,10,0.36,,,,,,,,,,,,,,,,,,,,,,,,5475,124,4878,124,597,0,3,0,1,1,0,0,7939,167,6863,164,1076,3,5,1,2,2,2,0,11293,212,8509,200,2784,12,8,1,2,2,2,1,14970,243,9973,236,4997,7,15,3,2,2,2,3,1,1
lol-game-116566854547835310,partial,,LPL,2026,,0,2026-08-06 11:25:00,2,16.15.800.8073,9,Red,bot,Photic,,Shenzhen NINJAS IN PYJAMAS,,Xayah,1,1666,4,5,17,27,12,,,0.2582,14407,518.9,0.2206,262,9.44,14,0.5,11,0.4,,,,,,,,,,,,,,,,,,,,,,,,4435,92,6778,128,-2343,-36,1,3,3,5,0,2,6561,134,9296,181,-2735,-47,1,5,4,5,1,3,8510,182,11766,234,-3256,-52,1,6,4,5,1,4,11847,237,13723,284,-1876,-47,2,14,5,5,1,6,1,1
lol-game-116566854547835310,partial,,LPL,2026,,0,2026-08-06 11:25:00,2,16.15.800.8073,10,Red,sup,NIPfengyue,,Shenzhen NINJAS IN PYJAMAS,,Rakan,1,1666,1,1,21,27,12,,,0.06,8789,316.5,0.1346,22,0.79,73,2.63,8,0.29,,,,,,,,,,,,,,,,,,,,,,,,3435,15,4041,15,-606,0,1,2,1,0,6,2,4546,15,5688,19,-1142,-4,1,4,1,1,8,2,5859,16,6932,22,-1073,-6,1,7,1,1,8,2,7485,19,7864,23,-379,-4,1,16,1,1,8,3,1,1
lol-game-116566854547835310,partial,,LPL,2026,,0,2026-08-06 11:25:00,2,16.15.800.8073,,Red,team,,,Shenzhen NINJAS IN PYJAMAS,,,1,1666,27,12,72,27,12,0.972,1.405,,65314,,,960,,125,,48,,,,,,,3,1,3,1,1,0,0,1,0,1,0,0,2,0,9,5,2,0,21750,433,25008,493,-3258,-60,5,7,6,6,8,5,31526,595,35053,652,-3527,-57,8,16,10,10,17,8,41517,757,44960,829,-3443,-72,11,24,11,11,18,11,54865,891,51876,935,2989,-44,21,54,12,12,19,21,1,1
lol-game-116566854547835311,partial,,LPL,2026,,0,2026-08-06 12:25:00,3,16.15.800.8073,1,Blue,top,HOYA,,Shenzhen NINJAS IN PYJAMAS,,Poppy,1,2516,4,4,5,16,21,,,0.1579,15242,363.5,0.1746,252,6.01,12,0.29,6,0.14,,,,,,,,,,,,,,,,,,,,,,,,4575,110,4914,120,-339,-10,1,0,0,0,1,0,6410,155,7554,171,-1144,-16,1,0,1,1,1,0,8495,191,9040,204,-545,-13,2,0,1,1,1,1,9680,214,10834,237,-1154,-23,2,0,3,1,2,1,1,1
lol-game-116566854547835311,partial,,LPL,2026,,0,2026-08-06 12:25:00,3,16.15.800.8073,2,Blue,jng,Guwon,,Shenzhen NINJAS IN PYJAMAS,,Skarner,1,2516,0,7,6,16,21,,,0.1125,14156,337.6,0.1622,253,6.03,22,0.52,14,0.33,,,,,,,,,,,,,,,,,,,,,,,,5063,108,5610,103,-547,5,0,3,3,2,2,2,6613,137,7566,140,-953,-3,0,3,3,2,3,2,8060,163,9223,162,-1163,1,0,3,4,2,5,2,9242,184,11730,201,-2488,-17,0,3,5,3,7,2,1,1
lol-game-116566854547835311,partial,,LPL,2026,,0,2026-08-06 12:25:00,3,16.15.800.8073,3,Blue,mid,Care,,Shenzhen NINJAS IN PYJAMAS,,Sylas,1,2516,6,4,5,16,21,,,0.2012,21031,501.5,0.2409,402,9.59,12,0.29,12,0.29,,,,,,,,,,,,,,,,,,,,,,,,5206,119,5677,145,-471,-26,2,0,1,2,1,0,7156,157,8103,194,-947,-37,2,0,1,3,2,0,8572,186,9882,230,-1310,-44,2,1,1,3,4,0,11463,249,12870,282,-1407,-33,2,1,1,5,5,0,1,1
lol-game-116566854547835311,partial,,LPL,2026,,0,2026-08-06 12:25:00,3,16.15.800.8073,4,Blue,bot,Photic,,Shenzhen NINJAS IN PYJAMAS,,Sivir,1,2516,6,2,6,16,21,,,0.4298,25260,602.4,0.2894,536,12.78,23,0.55,29,0.69,,,,,,,,,,,,,,,,,,,,,,,,6369,150,5404,124,965,26,1,2,1,0,4,2,8838,213,7375,174,1463,39,1,2,1,0,4,2,10977,263,10841,232,136,31,1,3,2,3,4,2,13317,329,13477,286,-160,43,1,3,2,3,5,2,1,1
lol-game-116566854547835311,partial,,LPL,2026,,0,2026-08-06 12:25:00,3,16.15.800.8073,5,Blue,sup,NIPfengyue,,Shenzhen NINJAS IN PYJAMAS,,Karma,1,2516,0,4,13,16,21,,,0.0985,11608,276.8,0.133,33,0.79,114,2.72,19,0.45,,,,,,,,,,,,,,,,,,,,,,,,3540,16,4178,19,-638,-3,0,3,0,1,4,0,4826,21,5773,28,-947,-7,0,3,1,1,6,0,5905,21,7578,34,-1673,-13,0,4,3,2,9,0,7002,26,8911,38,-1909,-12,0,4,3,2,12,0,1,1
lol-game-116566854547835311,partial,,LPL,2026,,0,2026-08-06 12:25:00,3,16.15.800.8073,,Blue,team,,,Shenzhen NINJAS IN PYJAMAS,,,1,2516,16,21,35,16,21,0.382,0.882,,87297,,,1476,,183,,80,,,,,,,4,3,4,3,1,1,0,2,0,0,0,0,2,2,9,7,1,1,24753,503,25783,511,-1030,-8,4,8,5,5,12,4,33843,683,36371,707,-2528,-24,4,8,7,7,16,4,42009,824,46564,862,-4555,-38,5,11,11,11,23,5,50704,1002,57822,1044,-7118,-42,5,11,14,14,31,5,1,1
lol-game-116566854547835311,partial,,LPL,2026,,0,2026-08-06 12:25:00,3,16.15.800.8073,6,Red,top,TheShy,,Invictus Gaming,,Jax,0,2516,3,5,2,21,16,,,0.1278,16521,394.0,0.1895,317,7.56,27,0.64,5,0.12,,,,,,,,,,,,,,,,,,,,,,,,4914,120,4575,110,339,10,0,1,0,1,0,0,7554,171,6410,155,1144,16,1,1,0,1,0,1,9040,204,8495,191,545,13,1,1,1,2,0,1,10834,237,9680,214,1154,23,1,2,1,2,0,3,1,1
lol-game-116566854547835311,partial,,LPL,2026,,0,2026-08-06 12:25:00,3,16.15.800.8073,7,Red,jng,Wei,,Invictus Gaming,,Wukong,0,2516,4,3,11,21,16,,,0.1149,17294,412.4,0.1984,283,6.75,26,0.62,29,0.69,,,,,,,,,,,,,,,,,,,,,,,,5610,103,5063,108,547,-5,2,2,2,0,3,3,7566,140,6613,137,953,3,2,3,2,0,3,3,9223,162,8060,163,1163,-1,2,5,2,0,3,4,11730,201,9242,184,2488,17,3,7,2,0,3,5,1,1
lol-game-116566854547835311,partial,,LPL,2026,,0,2026-08-06 12:25:00,3,16.15.800.8073,8,Red,mid,Rookie,,Invictus Gaming,,Viktor,0,2516,7,2,10,21,16,,,0.4045,18782,447.9,0.2155,386,9.21,15,0.36,10,0.24,,,,,,,,,,,,,,,,,,,,,,,,5677,145,5206,119,471,26,2,1,0,2,0,1,8103,194,7156,157,947,37,3,2,0,2,0,1,9882,230,8572,186,1310,44,3,4,0,2,1,1,12870,282,11463,249,1407,33,5,5,0,2,1,1,1,1
lol-game-116566854547835311,partial,,LPL,2026,,0,2026-08-06 12:25:00,3,16.15.800.8073,9,Red,bot,Assum,,Invictus Gaming,,Ezreal,0,2516,4,4,8,21,16,,,0.2185,20976,500.2,0.2406,416,9.92,23,0.55,20,0.48,,,,,,,,,,,,,,,,,,,,,,,,5404,124,6369,150,-965,-26,0,4,2,1,2,1,7375,174,8838,213,-1463,-39,0,4,2,1,2,1,10841,232,10977,263,-136,-31,3,4,2,1,3,2,13477,286,13317,329,160,-43,3,5,2,1,3,2,1,1
lol-game-116566854547835311,partial,,LPL,2026,,0,2026-08-06 12:25:00,3,16.15.800.8073,10,Red,sup,Meiko,,Invictus Gaming,,Seraphine,0,2516,3,2,18,21,16,,,0.1344,13591,324.1,0.1559,59,1.41,101,2.41,28,0.67,,,,,,,,,,,,,,,,,,,,,,,,4178,19,3540,16,638,3,1,4,0,0,3,0,5773,28,4826,21,947,7,1,6,0,0,3,1,7578,34,5905,21,1673,13,2,9,0,0,4,3,8911,38,7002,26,1909,12,2,12,0,0,4,3,1,1
lol-game-116566854547835311,partial,,LPL,2026,,0,2026-08-06 12:25:00,3,16.15.800.8073,,Red,team,,,Invictus Gaming,,,0,2516,21,16,49,21,16,0.501,0.882,,87164,,,1461,,192,,92,,,,,,,3,4,3,4,0,0,0,3,0,0,0,0,2,2,7,9,1,1,25783,511,24753,503,1030,8,5,12,4,4,8,5,36371,707,33843,683,2528,24,7,16,4,4,8,7,46564,862,42009,824,4555,38,11,23,5,5,11,11,57822,1044,50704,1002,7118,42,14,31,5,5,11,14,1,1
lol-game-116566854547835313,partial,,LPL,2026,,0,2026-07-25 09:25:00,1,16.14.794.5912,1,Blue,top,Zika,,WeiboGaming,,Jax,1,1669,6,1,7,26,7,,,0.1469,13289,477.7,0.1872,231,8.3,15,0.54,5,0.18,,,,,,,,,,,,,,,,,,,,,,,,4788,106,5265,137,-477,-31,1,0,1,1,1,1,6486,149,6809,180,-323,-31,1,1,1,1,1,2,8207,176,8563,232,-356,-56,1,4,1,1,1,3,9929,210,10415,285,-486,-75,2,5,1,1,1,3,1,1
lol-game-116566854547835313,partial,,LPL,2026,,0,2026-07-25 09:25:00,1,16.14.794.5912,2,Blue,jng,Jiejie,,WeiboGaming,,Jarvan IV,1,1669,5,1,20,26,7,,,0.242,15338,551.4,0.2161,246,8.84,16,0.58,9,0.32,,,,,,,,,,,,,,,,,,,,,,,,5717,106,5333,117,384,-11,2,3,0,1,1,0,7963,145,6917,151,1046,-6,2,6,1,1,2,1,10835,177,8458,185,2377,-8,4,10,1,1,2,2,13030,214,9974,219,3056,-5,5,12,1,1,2,2,1,1
lol-game-116566854547835313,partial,,LPL,2026,,0,2026-07-25 09:25:00,1,16.14.794.5912,3,Blue,mid,Xiaohu,,WeiboGaming,,Cassiopeia,1,1669,3,0,14,26,7,,,0.2011,13304,478.3,0.1874,242,8.7,14,0.5,7,0.25,,,,,,,,,,,,,,,,,,,,,,,,5666,152,5110,141,556,11,1,0,0,0,1,1,7837,190,7140,177,697,13,1,3,0,1,1,2,9663,215,9239,204,424,11,1,8,0,2,1,3,10882,232,11184,235,-302,-3,1,10,0,3,1,4,1,1
lol-game-116566854547835313,partial,,LPL,2026,,0,2026-07-25 09:25:00,1,16.14.794.5912,4,Blue,bot,Elk,,WeiboGaming,,Sivir,1,1669,9,2,14,26,7,,,0.3488,19659,706.7,0.277,348,12.51,14,0.5,15,0.54,,,,,,,,,,,,,,,,,,,,,,,,6567,135,5326,126,1241,9,1,4,0,0,2,2,9823,194,7828,193,1995,1,3,5,0,0,3,2,13301,237,9805,244,3496,-7,7,7,1,0,4,2,16244,308,12519,310,3725,-2,7,9,2,0,4,2,1,1
lol-game-116566854547835313,partial,,LPL,2026,,0,2026-07-25 09:25:00,1,16.14.794.5912,5,Blue,sup,Jwei,,WeiboGaming,,Shen,1,1669,3,3,17,26,7,,,0.0613,9386,337.4,0.1322,40,1.44,84,3.02,16,0.58,,,,,,,,,,,,,,,,,,,,,,,,3767,28,4060,28,-293,0,1,3,2,1,2,2,5301,33,5137,32,164,1,2,4,2,1,3,2,6957,37,6287,35,670,2,2,10,2,1,4,5,8261,38,7309,38,952,0,3,12,2,1,4,7,1,1
lol-game-116566854547835313,partial,,LPL,2026,,0,2026-07-25 09:25:00,1,16.14.794.5912,,Blue,team,,,WeiboGaming,,,1,1669,26,7,72,26,7,0.935,1.186,,70976,,,1107,,143,,52,,,,,,,3,2,3,2,0,1,0,0,0,2,0,0,2,0,10,2,2,0,26505,527,25094,549,1411,-22,6,10,3,3,7,6,37410,711,33831,733,3579,-22,9,19,4,4,10,9,48963,842,42352,900,6611,-58,15,39,5,5,12,15,58346,1002,51401,1087,6945,-85,18,48,6,6,12,18,1,1
lol-game-116566854547835313,partial,,LPL,2026,,0,2026-07-25 09:25:00,1,16.14.794.5912,6,Red,top,TheShy,,Invictus Gaming,,Ambessa,0,1669,1,5,2,7,26,,,0.2248,11276,405.4,0.1996,296,10.64,9,0.32,4,0.14,,,,,,,,,,,,,,,,,,,,,,,,5265,137,4788,106,477,31,1,1,1,1,0,1,6809,180,6486,149,323,31,1,1,2,1,1,1,8563,232,8207,176,356,56,1,1,3,1,4,1,10415,285,9929,210,486,75,1,1,3,2,5,1,1,1
lol-game-116566854547835313,partial,,LPL,2026,,0,2026-07-25 09:25:00,1,16.14.794.5912,7,Red,jng,Wei,,Invictus Gaming,,Lee Sin,0,1669,1,4,3,7,26,,,0.1327,10838,389.6,0.1918,228,8.2,28,1.01,8,0.29,,,,,,,,,,,,,,,,,,,,,,,,5333,117,5717,106,-384,11,1,1,0,2,3,0,6917,151,7963,145,-1046,6,1,2,1,2,6,1,8458,185,10835,177,-2377,8,1,2,2,4,10,1,9974,219,13030,214,-3056,5,1,2,2,5,12,1,1,1
lol-game-116566854547835313,partial,,LPL,2026,,0,2026-07-25 09:25:00,1,16.14.794.5912,8,Red,mid,Rookie,,Invictus Gaming,,Locke,0,1669,3,6,1,7,26,,,0.1561,12492,449.1,0.2211,260,9.35,16,0.58,9,0.32,,,,,,,,,,,,,,,,,,,,,,,,5110,141,5666,152,-556,-11,0,1,1,1,0,0,7140,177,7837,190,-697,-13,1,1,2,1,3,0,9239,204,9663,215,-424,-11,2,1,3,1,8,0,11184,235,10882,232,302,3,3,1,4,1,10,0,1,1
lol-game-116566854547835313,partial,,LPL,2026,,0,2026-07-25 09:25:00,1,16.14.794.5912,9,Red,bot,Assum,,Invictus Gaming,,Ziggs,0,1669,1,3,4,7,26,,,0.3814,13902,499.8,0.246,326,11.72,16,0.58,8,0.29,,,,,,,,,,,,,,,,,,,,,,,,5326,126,6567,135,-1241,-9,0,2,2,1,4,0,7828,193,9823,194,-1995,-1,0,3,2,3,5,0,9805,244,13301,237,-3496,7,0,4,2,7,7,1,12519,310,16244,308,-3725,2,0,4,2,7,9,2,1,1
lol-game-116566854547835313,partial,,LPL,2026,,0,2026-07-25 09:25:00,1,16.14.794.5912,10,Red,sup,Meiko,,Invictus Gaming,,Camille,0,1669,1,8,4,7,26,,,0.1051,7994,287.4,0.1415,39,1.4,67,2.41,23,0.83,,,,,,,,,,,,,,,,,,,,,,,,4060,28,3767,28,293,0,1,2,2,1,3,2,5137,32,5301,33,-164,-1,1,3,2,2,4,2,6287,35,6957,37,-670,-2,1,4,5,2,10,2,7309,38,8261,38,-952,0,1,4,7,3,12,2,1,1
lol-game-116566854547835313,partial,,LPL,2026,,0,2026-07-25 09:25:00,1,16.14.794.5912,,Red,team,,,Invictus Gaming,,,0,1669,7,26,14,7,26,0.252,1.186,,56502,,,1149,,136,,52,,,,,,,2,3,2,3,0,0,0,1,0,1,0,0,0,2,2,10,0,2,25094,549,26505,527,-1411,22,3,7,6,6,10,3,33831,733,37410,711,-3579,22,4,10,9,9,19,4,42352,900,48963,842,-6611,58,5,12,15,15,39,5,51401,1087,58346,1002,-6945,85,6,12,18,18,48,6,1,1
lol-game-116566854547835314,partial,,LPL,2026,,0,2026-07-25 10:25:00,2,16.14.794.5912,1,Blue,top,Zika,,WeiboGaming,,Renekton,0,1379,3,1,1,9,20,,,0.2988,11824,514.5,0.2273,254,11.05,10,0.44,6,0.26,,,,,,,,,,,,,,,,,,,,,,,,5872,169,5990,162,-118,7,0,0,0,1,1,0,8106,210,7645,209,461,1,1,0,0,1,1,2,9822,236,9513,236,309,0,2,1,0,2,3,3,,,,,,,,,,,,,1,1
lol-game-116566854547835314,partial,,LPL,2026,,0,2026-07-25 10:25:00,2,16.14.794.5912,2,Blue,jng,Jiejie,,WeiboGaming,,Jayce,0,1379,3,6,3,9,20,,,0.3269,12930,562.6,0.2486,231,10.05,7,0.3,12,0.52,,,,,,,,,,,,,,,,,,,,,,,,6435,128,6432,135,3,-7,1,2,2,2,1,1,9364,184,8069,172,1295,12,2,2,3,2,1,1,11709,223,11127,200,582,23,3,2,4,5,5,1,,,,,,,,,,,,,1,1
lol-game-116566854547835314,partial,,LPL,2026,,0,2026-07-25 10:25:00,2,16.14.794.5912,3,Blue,mid,Xiaohu,,WeiboGaming,,Anivia,0,1379,1,4,4,9,20,,,0.1703,9764,424.8,0.1877,236,10.27,15,0.65,3,0.13,,,,,,,,,,,,,,,,,,,,,,,,5686,157,5782,137,-96,20,0,2,0,1,4,0,7791,208,8279,197,-488,11,0,4,0,2,4,0,9177,229,11223,252,-2046,-23,1,4,3,4,6,0,,,,,,,,,,,,,1,1
lol-game-116566854547835314,partial,,LPL,2026,,0,2026-07-25 10:25:00,2,16.14.794.5912,4,Blue,bot,Elk,,WeiboGaming,,Syndra,0,1379,2,5,2,9,20,,,0.1528,11090,482.5,0.2132,265,11.53,9,0.39,6,0.26,,,,,,,,,,,,,,,,,,,,,,,,6589,152,6030,158,559,-6,2,1,2,0,1,1,8670,214,8202,217,468,-3,2,1,2,0,2,1,10222,247,11220,252,-998,-5,2,2,4,2,6,1,,,,,,,,,,,,,1,1
lol-game-116566854547835314,partial,,LPL,2026,,0,2026-07-25 10:25:00,2,16.14.794.5912,5,Blue,sup,Jwei,,WeiboGaming,,Nautilus,0,1379,0,4,4,9,20,,,0.0512,6410,278.9,0.1232,37,1.61,48,2.09,12,0.52,,,,,,,,,,,,,,,,,,,,,,,,3416,28,4056,26,-640,2,0,2,1,1,3,1,4696,34,5191,30,-495,4,0,3,1,1,4,1,5829,36,6559,35,-730,1,0,4,3,1,6,3,,,,,,,,,,,,,1,1
lol-game-116566854547835314,partial,,LPL,2026,,0,2026-07-25 10:25:00,2,16.14.794.5912,,Blue,team,,,WeiboGaming,,,0,1379,9,20,14,9,20,0.392,1.262,,52018,,,1023,,89,,39,,,,,,,0,3,0,3,0,0,0,0,0,0,0,0,0,1,2,7,0,1,27998,634,28290,618,-292,16,3,7,5,5,10,3,38627,850,37386,825,1241,25,5,10,6,6,12,5,46759,971,49642,975,-2883,-4,8,13,14,14,26,8,,,,,,,,,,,,,1,1
lol-game-116566854547835314,partial,,LPL,2026,,0,2026-07-25 10:25:00,2,16.14.794.5912,6,Red,top,TheShy,,Invictus Gaming,,Olaf,1,1379,5,3,3,20,9,,,0.3084,12253,533.1,0.2045,259,11.27,9,0.39,4,0.17,,,,,,,,,,,,,,,,,,,,,,,,5990,162,5872,169,118,-7,1,1,0,0,0,0,7645,209,8106,210,-461,-1,1,1,2,1,0,0,9513,236,9822,236,-309,0,2,3,3,2,1,0,,,,,,,,,,,,,1,1
lol-game-116566854547835314,partial,,LPL,2026,,0,2026-07-25 10:25:00,2,16.14.794.5912,7,Red,jng,Wei,,Invictus Gaming,,Naafiri,1,1379,6,1,8,20,9,,,0.2056,12987,565.1,0.2167,217,9.44,10,0.44,7,0.3,,,,,,,,,,,,,,,,,,,,,,,,6432,135,6435,128,-3,7,2,1,1,1,2,2,8069,172,9364,184,-1295,-12,2,1,1,2,2,3,11127,200,11709,223,-582,-23,5,5,1,3,2,4,,,,,,,,,,,,,1,1
lol-game-116566854547835314,partial,,LPL,2026,,0,2026-07-25 10:25:00,2,16.14.794.5912,8,Red,mid,Rookie,,Invictus Gaming,,Ryze,1,1379,5,1,11,20,9,,,0.2526,13393,582.7,0.2235,270,11.75,13,0.57,2,0.09,,,,,,,,,,,,,,,,,,,,,,,,5782,137,5686,157,96,-20,1,4,0,0,2,0,8279,197,7791,208,488,-11,2,4,0,0,4,0,11223,252,9177,229,2046,23,4,6,0,1,4,3,,,,,,,,,,,,,1,1
lol-game-116566854547835314,partial,,LPL,2026,,0,2026-07-25 10:25:00,2,16.14.794.5912,9,Red,bot,Assum,,Invictus Gaming,,Seraphine,1,1379,3,1,10,20,9,,,0.1816,13258,576.9,0.2212,271,11.79,16,0.7,7,0.3,,,,,,,,,,,,,,,,,,,,,,,,6030,158,6589,152,-559,6,0,1,1,2,1,2,8202,217,8670,214,-468,3,0,2,1,2,1,2,11220,252,10222,247,998,5,2,6,1,2,2,4,,,,,,,,,,,,,1,1
lol-game-116566854547835314,partial,,LPL,2026,,0,2026-07-25 10:25:00,2,16.14.794.5912,10,Red,sup,Meiko,,Invictus Gaming,,Rell,1,1379,1,3,11,20,9,,,0.0519,8034,349.6,0.1341,37,1.61,47,2.04,18,0.78,,,,,,,,,,,,,,,,,,,,,,,,4056,26,3416,28,640,-2,1,3,1,0,2,1,5191,30,4696,34,495,-4,1,4,1,0,3,1,6559,35,5829,36,730,-1,1,6,3,0,4,3,,,,,,,,,,,,,1,1
lol-game-116566854547835314,partial,,LPL,2026,,0,2026-07-25 10:25:00,2,16.14.794.5912,,Red,team,,,Invictus Gaming,,,1,1379,20,9,43,20,9,0.87,1.262,,59925,,,1054,,95,,38,,,,,,,3,0,3,0,1,0,0,0,1,1,0,0,1,0,7,2,1,0,28290,618,27998,634,292,-16,5,10,3,3,7,5,37386,825,38627,850,-1241,-25,6,12,5,5,10,6,49642,975,46759,971,2883,4,14,26,8,8,13,14,,,,,,,,,,,,,1,1
lol-game-116566854547835315,partial,,LPL,2026,,0,2026-07-25 11:15:00,3,16.14.794.5912,1,Blue,top,TheShy,,Invictus Gaming,,Yorick,1,1365,2,0,5,14,5,,,0.2545,11701,514.3,0.2236,226,9.93,9,0.4,2,0.09,,,,,,,,,,,,,,,,,,,,,,,,4008,110,3809,100,199,10,0,0,0,0,0,0,6576,162,5487,145,1089,17,0,0,0,0,1,1,9581,208,7241,199,2340,9,1,3,0,0,2,2,,,,,,,,,,,,,1,1
lol-game-116566854547835315,partial,,LPL,2026,,0,2026-07-25 11:15:00,3,16.14.794.5912,2,Blue,jng,Wei,,Invictus Gaming,,Trundle,1,1365,4,0,5,14,5,,,0.131,11047,485.6,0.2111,178,7.82,8,0.35,12,0.53,,,,,,,,,,,,,,,,,,,,,,,,4092,85,4201,81,-109,4,1,0,0,1,0,0,5793,121,6298,121,-505,0,1,1,0,2,0,0,9182,169,7708,144,1474,25,3,2,0,2,2,1,,,,,,,,,,,,,1,1
lol-game-116566854547835315,partial,,LPL,2026,,0,2026-07-25 11:15:00,3,16.14.794.5912,3,Blue,mid,Rookie,,Invictus Gaming,,Viktor,1,1365,6,2,2,14,5,,,0.3353,11114,488.5,0.2124,233,10.24,11,0.48,6,0.26,,,,,,,,,,,,,,,,,,,,,,,,4699,125,3819,101,880,24,1,1,0,0,1,1,6640,167,5484,147,1156,20,2,1,1,0,1,1,8571,204,7390,179,1181,25,3,2,2,2,1,2,,,,,,,,,,,,,1,1
lol-game-116566854547835315,partial,,LPL,2026,,0,2026-07-25 11:15:00,3,16.14.794.5912,4,Blue,bot,Assum,,Invictus Gaming,,Ezreal,1,1365,2,1,7,14,5,,,0.2252,11827,519.9,0.226,239,10.51,12,0.53,3,0.13,,,,,,,,,,,,,,,,,,,,,,,,3901,106,4072,113,-171,-7,0,2,0,0,0,1,7068,168,6218,161,850,7,1,2,0,0,0,2,9961,219,8427,219,1534,0,2,5,0,0,1,3,,,,,,,,,,,,,1,1
lol-game-116566854547835315,partial,,LPL,2026,,0,2026-07-25 11:15:00,3,16.14.794.5912,5,Blue,sup,Meiko,,Invictus Gaming,,Leona,1,1365,0,2,7,14,5,,,0.054,6636,291.7,0.1268,36,1.58,49,2.15,12,0.53,,,,,,,,,,,,,,,,,,,,,,,,2789,24,2586,16,203,8,0,2,1,0,1,0,4162,30,3881,29,281,1,0,3,1,0,1,0,5296,32,4994,33,302,-1,0,4,2,0,3,1,,,,,,,,,,,,,1,1
lol-game-116566854547835315,partial,,LPL,2026,,0,2026-07-25 11:15:00,3,16.14.794.5912,,Blue,team,,,Invictus Gaming,,,1,1365,14,5,26,14,5,0.615,0.835,,52325,,,912,,89,,35,,,,,,,2,1,2,1,1,0,0,0,0,1,0,0,1,0,10,1,1,0,19489,450,18487,411,1002,39,2,5,1,1,2,2,30239,648,27368,603,2871,45,4,7,2,2,3,4,42591,832,35760,774,6831,58,9,16,4,4,9,9,,,,,,,,,,,,,1,1
lol-game-116566854547835315,partial,,LPL,2026,,0,2026-07-25 11:15:00,3,16.14.794.5912,6,Red,top,Zika,,WeiboGaming,,Rumble,0,1365,0,3,3,5,14,,,0.2033,8223,361.5,0.1995,220,9.67,11,0.48,0,0.0,,,,,,,,,,,,,,,,,,,,,,,,3809,100,4008,110,-199,-10,0,0,0,0,0,0,5487,145,6576,162,-1089,-17,0,1,1,0,0,0,7241,199,9581,208,-2340,-9,0,2,2,1,3,0,,,,,,,,,,,,,1,1
lol-game-116566854547835315,partial,,LPL,2026,,0,2026-07-25 11:15:00,3,16.14.794.5912,7,Red,jng,Jiejie,,WeiboGaming,,Wukong,0,1365,3,2,2,5,14,,,0.1886,9499,417.5,0.2304,162,7.12,7,0.31,5,0.22,,,,,,,,,,,,,,,,,,,,,,,,4201,81,4092,85,109,-4,1,0,0,1,0,0,6298,121,5793,121,505,0,2,0,0,1,1,0,7708,144,9182,169,-1474,-25,2,2,1,3,2,0,,,,,,,,,,,,,1,1
lol-game-116566854547835315,partial,,LPL,2026,,0,2026-07-25 11:15:00,3,16.14.794.5912,8,Red,mid,Xiaohu,,WeiboGaming,,Sylas,0,1365,2,3,2,5,14,,,0.1686,8448,371.3,0.2049,194,8.53,10,0.44,3,0.13,,,,,,,,,,,,,,,,,,,,,,,,3819,101,4699,125,-880,-24,0,1,1,1,1,0,5484,147,6640,167,-1156,-20,0,1,1,2,1,1,7390,179,8571,204,-1181,-25,2,1,2,3,2,2,,,,,,,,,,,,,1,1
lol-game-116566854547835315,partial,,LPL,2026,,0,2026-07-25 11:15:00,3,16.14.794.5912,9,Red,bot,Elk,,WeiboGaming,,Varus,0,1365,0,4,2,5,14,,,0.3232,9305,409.0,0.2257,230,10.11,8,0.35,4,0.18,,,,,,,,,,,,,,,,,,,,,,,,4072,113,3901,106,171,7,0,0,1,0,2,0,6218,161,7068,168,-850,-7,0,0,2,1,2,0,8427,219,9961,219,-1534,0,0,1,3,2,5,0,,,,,,,,,,,,,1,1
lol-game-116566854547835315,partial,,LPL,2026,,0,2026-07-25 11:15:00,3,16.14.794.5912,10,Red,sup,Jwei,,WeiboGaming,,Bard,0,1365,0,2,4,5,14,,,0.1162,5749,252.7,0.1395,35,1.54,47,2.07,13,0.57,,,,,,,,,,,,,,,,,,,,,,,,2586,16,2789,24,-203,-8,0,1,0,0,2,1,3881,29,4162,30,-281,-1,0,1,0,0,3,1,4994,33,5296,32,-302,1,0,3,1,0,4,2,,,,,,,,,,,,,1,1
lol-game-116566854547835315,partial,,LPL,2026,,0,2026-07-25 11:15:00,3,16.14.794.5912,,Red,team,,,WeiboGaming,,,0,1365,5,14,13,5,14,0.22,0.835,,41224,,,841,,83,,25,,,,,,,1,2,1,2,0,0,0,0,1,0,0,0,0,1,1,10,0,1,18487,411,19489,450,-1002,-39,1,2,2,2,5,1,27368,603,30239,648,-2871,-45,2,3,4,4,7,2,35760,774,42591,832,-6831,-58,4,9,9,9,16,4,,,,,,,,,,,,,1,1
lol-game-116566854547835317,partial,,LPL,2026,,0,2026-07-26 07:15:00,1,16.14.794.5912,1,Blue,top,HOYA,,Shenzhen NINJAS IN PYJAMAS,,Yorick,1,1437,0,1,8,14,2,,,0.237,12031,502.3,0.2101,268,11.19,15,0.63,8,0.33,,,,,,,,,,,,,,,,,,,,,,,,4249,113,4566,121,-317,-8,0,0,1,0,1,0,6614,169,6865,178,-251,-9,0,1,1,0,1,1,9544,226,8341,217,1203,9,0,4,1,0,1,1,,,,,,,,,,,,,1,1
lol-game-116566854547835317,partial,,LPL,2026,,0,2026-07-26 07:15:00,1,16.14.794.5912,2,Blue,jng,Guwon,,Shenzhen NINJAS IN PYJAMAS,,Naafiri,1,1437,6,0,5,14,2,,,0.1989,12630,527.3,0.2206,206,8.6,9,0.38,7,0.29,,,,,,,,,,,,,,,,,,,,,,,,4457,95,4508,93,-51,2,1,0,0,1,0,0,6863,135,6252,137,611,-2,2,0,0,1,0,0,9580,173,7485,159,2095,14,3,3,0,1,0,2,,,,,,,,,,,,,1,1
lol-game-116566854547835317,partial,,LPL,2026,,0,2026-07-26 07:15:00,1,16.14.794.5912,3,Blue,mid,Care,,Shenzhen NINJAS IN PYJAMAS,,Cassiopeia,1,1437,3,0,5,14,2,,,0.2308,11170,466.4,0.1951,242,10.1,12,0.5,6,0.25,,,,,,,,,,,,,,,,,,,,,,,,4247,122,4115,114,132,8,0,0,0,0,0,0,6234,178,6343,185,-109,-7,0,0,0,0,0,0,9188,215,7736,220,1452,-5,2,2,0,0,0,1,,,,,,,,,,,,,1,1
lol-game-116566854547835317,partial,,LPL,2026,,0,2026-07-26 07:15:00,1,16.14.794.5912,4,Blue,bot,Photic,,Shenzhen NINJAS IN PYJAMAS,,Xayah,1,1437,4,1,8,14,2,,,0.2703,13734,573.4,0.2399,273,11.4,13,0.54,6,0.25,,,,,,,,,,,,,,,,,,,,,,,,5521,133,3851,97,1670,36,1,2,0,0,0,2,7699,185,6767,159,932,26,1,2,0,0,0,2,10718,242,8471,195,2247,47,2,4,0,0,0,2,,,,,,,,,,,,,1,1
lol-game-116566854547835317,partial,,LPL,2026,,0,2026-07-26 07:15:00,1,16.14.794.5912,5,Blue,sup,fengyue,,Shenzhen NINJAS IN PYJAMAS,,Rakan,1,1437,1,0,10,14,2,,,0.063,7695,321.3,0.1344,30,1.25,57,2.38,11,0.46,,,,,,,,,,,,,,,,,,,,,,,,3553,23,3040,24,513,-1,1,2,0,0,0,1,4799,28,4166,28,633,0,1,2,0,0,0,1,6213,28,5245,34,968,-6,1,6,0,0,0,2,,,,,,,,,,,,,1,1
lol-game-116566854547835317,partial,,LPL,2026,,0,2026-07-26 07:15:00,1,16.14.794.5912,,Blue,team,,,Shenzhen NINJAS IN PYJAMAS,,,1,1437,14,2,36,14,2,0.585,0.668,,57260,,,1019,,106,,38,,,,,,,4,0,4,0,2,0,1,0,1,0,0,0,1,0,11,2,2,0,22027,486,20080,449,1947,37,3,4,1,1,1,3,32209,695,30393,687,1816,8,4,5,1,1,1,4,45243,884,37278,825,7965,59,8,19,1,1,1,8,,,,,,,,,,,,,1,1
lol-game-116566854547835317,partial,,LPL,2026,,0,2026-07-26 07:15:00,1,16.14.794.5912,6,Red,top,sheer,,Suzhou LNG Esports,,Jayce,0,1437,1,3,1,2,14,,,0.3341,10636,444.1,0.2305,241,10.06,14,0.58,5,0.21,,,,,,,,,,,,,,,,,,,,,,,,4566,121,4249,113,317,8,0,1,0,0,0,1,6865,178,6614,169,251,9,0,1,1,0,1,1,8341,217,9544,226,-1203,-9,0,1,1,0,4,1,,,,,,,,,,,,,1,1
lol-game-116566854547835317,partial,,LPL,2026,,0,2026-07-26 07:15:00,1,16.14.794.5912,7,Red,jng,Weiwei,,Suzhou LNG Esports,,Pantheon,0,1437,1,4,1,2,14,,,0.1042,8622,360.0,0.1868,168,7.01,9,0.38,10,0.42,,,,,,,,,,,,,,,,,,,,,,,,4508,93,4457,95,51,-2,1,0,0,1,0,0,6252,137,6863,135,-611,2,1,0,0,2,0,0,7485,159,9580,173,-2095,-14,1,0,2,3,3,0,,,,,,,,,,,,,1,1
lol-game-116566854547835317,partial,,LPL,2026,,0,2026-07-26 07:15:00,1,16.14.794.5912,8,Red,mid,Nia,,Suzhou LNG Esports,,Syndra,0,1437,0,2,1,2,14,,,0.2309,9885,412.7,0.2142,274,11.44,12,0.5,7,0.29,,,,,,,,,,,,,,,,,,,,,,,,4115,114,4247,122,-132,-8,0,0,0,0,0,0,6343,185,6234,178,109,7,0,0,0,0,0,0,7736,220,9188,215,-1452,5,0,0,1,2,2,0,,,,,,,,,,,,,1,1
lol-game-116566854547835317,partial,,LPL,2026,,0,2026-07-26 07:15:00,1,16.14.794.5912,9,Red,bot,1xn,,Suzhou LNG Esports,,Lucian,0,1437,0,3,0,2,14,,,0.2813,10521,439.3,0.228,233,9.73,8,0.33,8,0.33,,,,,,,,,,,,,,,,,,,,,,,,3851,97,5521,133,-1670,-36,0,0,2,1,2,0,6767,159,7699,185,-932,-26,0,0,2,1,2,0,8471,195,10718,242,-2247,-47,0,0,2,2,4,0,,,,,,,,,,,,,1,1
lol-game-116566854547835317,partial,,LPL,2026,,0,2026-07-26 07:15:00,1,16.14.794.5912,10,Red,sup,Ycx,,Suzhou LNG Esports,,Milio,0,1437,0,2,1,2,14,,,0.0495,6488,270.9,0.1406,40,1.67,46,1.92,19,0.79,,,,,,,,,,,,,,,,,,,,,,,,3040,24,3553,23,-513,1,0,0,1,1,2,0,4166,28,4799,28,-633,0,0,0,1,1,2,0,5245,34,6213,28,-968,6,0,0,2,1,6,0,,,,,,,,,,,,,1,1
lol-game-116566854547835317,partial,,LPL,2026,,0,2026-07-26 07:15:00,1,16.14.794.5912,,Red,team,,,Suzhou LNG Esports,,,0,1437,2,14,4,2,14,0.084,0.668,,46152,,,956,,89,,49,,,,,,,0,4,0,4,0,0,0,0,0,0,0,0,0,1,2,11,0,2,20080,449,22027,486,-1947,-37,1,1,3,3,4,1,30393,687,32209,695,-1816,-8,1,1,4,4,5,1,37278,825,45243,884,-7965,-59,1,1,8,8,19,1,,,,,,,,,,,,,1,1
lol-game-116566854547835318,partial,,LPL,2026,,0,2026-07-26 08:05:00,2,16.14.794.5912,1,Blue,top,HOYA,,Shenzhen NINJAS IN PYJAMAS,,Gnar,1,1595,3,1,7,16,7,,,0.1719,12330,463.8,0.2045,259,9.74,12,0.45,7,0.26,,,,,,,,,,,,,,,,,,,,,,,,4773,114,3841,107,932,7,1,3,0,0,0,2,6863,147,5244,139,1619,8,3,4,0,0,3,3,8661,194,6929,179,1732,15,3,4,1,0,4,3,11097,242,8297,213,2800,29,3,7,1,0,4,4,1,1
lol-game-116566854547835318,partial,,LPL,2026,,0,2026-07-26 08:05:00,2,16.14.794.5912,2,Blue,jng,Guwon,,Shenzhen NINJAS IN PYJAMAS,,Lee Sin,1,1595,2,2,10,16,7,,,0.1463,10813,406.8,0.1793,192,7.22,21,0.79,8,0.3,,,,,,,,,,,,,,,,,,,,,,,,4335,85,3925,92,410,-7,1,3,0,1,0,1,6049,118,6475,134,-426,-16,1,6,1,2,2,1,7751,157,8114,170,-363,-13,1,6,1,2,2,1,10118,188,9479,196,639,-8,2,10,1,2,3,2,1,1
lol-game-116566854547835318,partial,,LPL,2026,,0,2026-07-26 08:05:00,2,16.14.794.5912,3,Blue,mid,Care,,Shenzhen NINJAS IN PYJAMAS,,Twisted Fate,1,1595,6,0,7,16,7,,,0.3395,15781,593.6,0.2617,295,11.1,6,0.23,15,0.56,,,,,,,,,,,,,,,,,,,,,,,,5502,111,4040,106,1462,5,3,2,0,0,1,1,8085,169,5669,144,2416,25,3,4,0,0,3,2,10872,231,8738,216,2134,15,3,4,0,1,3,2,14492,282,10576,266,3916,16,6,6,0,1,4,3,1,1
lol-game-116566854547835318,partial,,LPL,2026,,0,2026-07-26 08:05:00,2,16.14.794.5912,4,Blue,bot,Photic,,Shenzhen NINJAS IN PYJAMAS,,Ezreal,1,1595,5,1,7,16,7,,,0.3025,13825,520.1,0.2292,296,11.13,13,0.49,8,0.3,,,,,,,,,,,,,,,,,,,,,,,,5205,110,3626,95,1579,15,2,1,0,0,1,2,7573,165,7676,154,-103,11,3,3,1,2,2,2,9938,232,10064,215,-126,17,3,3,1,2,3,2,12922,287,12302,265,620,22,4,7,1,3,3,3,1,1
lol-game-116566854547835318,partial,,LPL,2026,,0,2026-07-26 08:05:00,2,16.14.794.5912,5,Blue,sup,fengyue,,Shenzhen NINJAS IN PYJAMAS,,Alistar,1,1595,0,3,15,16,7,,,0.0399,7559,284.4,0.1253,31,1.17,79,2.97,9,0.34,,,,,,,,,,,,,,,,,,,,,,,,3228,20,2514,15,714,5,0,6,1,0,1,1,4397,26,3649,25,748,1,0,9,2,0,2,2,5414,27,4666,27,748,0,0,9,2,0,2,2,6979,30,5839,32,1140,-2,0,14,3,0,3,3,1,1
lol-game-116566854547835318,partial,,LPL,2026,,0,2026-07-26 08:05:00,2,16.14.794.5912,,Blue,team,,,Shenzhen NINJAS IN PYJAMAS,,,1,1595,16,7,46,16,7,0.602,0.865,,60308,,,1073,,131,,47,,,,,,,2,2,2,2,0,0,1,0,0,1,0,0,1,0,10,0,2,0,23043,440,17946,415,5097,25,7,15,1,1,3,7,32967,625,28713,596,4254,29,10,26,4,4,12,10,42636,841,38511,807,4125,34,10,26,5,5,14,10,55608,1029,46493,972,9115,57,15,44,6,6,17,15,1,1
lol-game-116566854547835318,partial,,LPL,2026,,0,2026-07-26 08:05:00,2,16.14.794.5912,6,Red,top,sheer,,Suzhou LNG Esports,,Rumble,0,1595,0,4,5,7,16,,,0.2588,8595,323.3,0.1755,213,8.01,14,0.53,1,0.04,,,,,,,,,,,,,,,,,,,,,,,,3841,107,4773,114,-932,-7,0,0,2,1,3,0,5244,139,6863,147,-1619,-8,0,3,3,3,4,0,6929,179,8661,194,-1732,-15,0,4,3,3,4,1,8297,213,11097,242,-2800,-29,0,4,4,3,7,1,1,1
lol-game-116566854547835318,partial,,LPL,2026,,0,2026-07-26 08:05:00,2,16.14.794.5912,7,Red,jng,Weiwei,,Suzhou LNG Esports,,Skarner,0,1595,3,2,3,7,16,,,0.1689,10318,388.1,0.2106,198,7.45,9,0.34,16,0.6,,,,,,,,,,,,,,,,,,,,,,,,3925,92,4335,85,-410,7,1,0,1,1,3,0,6475,134,6049,118,426,16,2,2,1,1,6,1,8114,170,7751,157,363,13,2,2,1,1,6,1,9479,196,10118,188,-639,8,2,3,2,2,10,1,1,1
lol-game-116566854547835318,partial,,LPL,2026,,0,2026-07-26 08:05:00,2,16.14.794.5912,8,Red,mid,Nia,,Suzhou LNG Esports,,Ryze,0,1595,1,3,4,7,16,,,0.3061,11020,414.5,0.225,275,10.34,17,0.64,8,0.3,,,,,,,,,,,,,,,,,,,,,,,,4040,106,5502,111,-1462,-5,0,1,1,3,2,0,5669,144,8085,169,-2416,-25,0,3,2,3,4,0,8738,216,10872,231,-2134,-15,1,3,2,3,4,0,10576,266,14492,282,-3916,-16,1,4,3,6,6,0,1,1
lol-game-116566854547835318,partial,,LPL,2026,,0,2026-07-26 08:05:00,2,16.14.794.5912,9,Red,bot,1xn,,Suzhou LNG Esports,,Miss Fortune,0,1595,3,3,4,7,16,,,0.2097,12885,484.7,0.263,273,10.27,14,0.53,13,0.49,,,,,,,,,,,,,,,,,,,,,,,,3626,95,5205,110,-1579,-15,0,1,2,2,1,0,7676,154,7573,165,103,-11,2,2,2,3,3,1,10064,215,9938,232,126,-17,2,3,2,3,3,1,12302,265,12922,287,-620,-22,3,3,3,4,7,1,1,1
lol-game-116566854547835318,partial,,LPL,2026,,0,2026-07-26 08:05:00,2,16.14.794.5912,10,Red,sup,Ycx,,Suzhou LNG Esports,,Nautilus,0,1595,0,4,3,7,16,,,0.0565,6169,232.1,0.1259,34,1.28,51,1.92,13,0.49,,,,,,,,,,,,,,,,,,,,,,,,2514,15,3228,20,-714,-5,0,1,1,0,6,1,3649,25,4397,26,-748,-1,0,2,2,0,9,2,4666,27,5414,27,-748,0,0,2,2,0,9,2,5839,32,6979,30,-1140,2,0,3,3,0,14,3,1,1
lol-game-116566854547835318,partial,,LPL,2026,,0,2026-07-26 08:05:00,2,16.14.794.5912,,Red,team,,,Suzhou LNG Esports,,,0,1595,7,16,19,7,16,0.263,0.865,,48987,,,993,,105,,51,,,,,,,2,2,2,2,0,0,1,0,1,0,0,0,0,1,0,10,0,2,17946,415,23043,440,-5097,-25,1,3,7,7,15,1,28713,596,32967,625,-4254,-29,4,12,10,10,26,4,38511,807,42636,841,-4125,-34,5,14,10,10,26,5,46493,972,55608,1029,-9115,-57,6,17,15,15,44,6,1,1
lol-game-116566854547835321,partial,,LPL,2026,,0,2026-08-08 07:00:00,1,,1,Blue,top,LNGsheer,,WeiboGaming,,Zaahen,0,,0,0,0,0,0,,,,500,,0.2,0,,0,,0,,,,,,,,,,,,,,,,,,,,,,,,,,,,,,,,,,,,,,,,,,,,,,,,,,,,,,,,,,,,,,,,,,,,,,,,,1,0
lol-game-116566854547835321,partial,,LPL,2026,,0,2026-08-08 07:00:00,1,,2,Blue,jng,Weiwei,,WeiboGaming,,Nocturne,0,,0,0,0,0,0,,,,500,,0.2,0,,0,,0,,,,,,,,,,,,,,,,,,,,,,,,,,,,,,,,,,,,,,,,,,,,,,,,,,,,,,,,,,,,,,,,,,,,,,,,,1,0
lol-game-116566854547835321,partial,,LPL,2026,,0,2026-08-08 07:00:00,1,,3,Blue,mid,Nia,,WeiboGaming,,Galio,0,,0,0,0,0,0,,,,500,,0.2,0,,0,,0,,,,,,,,,,,,,,,,,,,,,,,,,,,,,,,,,,,,,,,,,,,,,,,,,,,,,,,,,,,,,,,,,,,,,,,,,1,0
lol-game-116566854547835321,partial,,LPL,2026,,0,2026-08-08 07:00:00,1,,4,Blue,bot,LNG1xn,,WeiboGaming,,Lucian,0,,0,0,0,0,0,,,,500,,0.2,0,,0,,0,,,,,,,,,,,,,,,,,,,,,,,,,,,,,,,,,,,,,,,,,,,,,,,,,,,,,,,,,,,,,,,,,,,,,,,,,1,0
lol-game-116566854547835321,partial,,LPL,2026,,0,2026-08-08 07:00:00,1,,5,Blue,sup,MISSING,,WeiboGaming,,Milio,0,,0,0,0,0,0,,,,500,,0.2,0,,0,,0,,,,,,,,,,,,,,,,,,,,,,,,,,,,,,,,,,,,,,,,,,,,,,,,,,,,,,,,,,,,,,,,,,,,,,,,,1,0
lol-game-116566854547835321,partial,,LPL,2026,,0,2026-08-08 07:00:00,1,,,Blue,team,,,WeiboGaming,,,0,,0,0,0,0,0,,,,2500,,,0,,0,,0,,,,,,,0,0,0,0,0,0,0,0,0,0,0,0,0,0,0,0,,,,,,,,,,,,,,,,,,,,,,,,,,,,,,,,,,,,,,,,,,,,,,,,,,,1,0
lol-game-116566854547835321,partial,,LPL,2026,,0,2026-08-08 07:00:00,1,,6,Red,top,Zika,,Suzhou LNG Esports,,Olaf,0,,0,0,0,0,0,,,,500,,0.2,0,,0,,0,,,,,,,,,,,,,,,,,,,,,,,,,,,,,,,,,,,,,,,,,,,,,,,,,,,,,,,,,,,,,,,,,,,,,,,,,1,0
lol-game-116566854547835321,partial,,LPL,2026,,0,2026-08-08 07:00:00,1,,7,Red,jng,Xiaohao,,Suzhou LNG Esports,,Jarvan IV,0,,0,0,0,0,0,,,,500,,0.2,0,,0,,0,,,,,,,,,,,,,,,,,,,,,,,,,,,,,,,,,,,,,,,,,,,,,,,,,,,,,,,,,,,,,,,,,,,,,,,,,1,0
lol-game-116566854547835321,partial,,LPL,2026,,0,2026-08-08 07:00:00,1,,8,Red,mid,Xiaohu,,Suzhou LNG Esports,,Aurora,0,,0,0,0,0,0,,,,500,,0.2,0,,0,,0,,,,,,,,,,,,,,,,,,,,,,,,,,,,,,,,,,,,,,,,,,,,,,,,,,,,,,,,,,,,,,,,,,,,,,,,,1,0
lol-game-116566854547835321,partial,,LPL,2026,,0,2026-08-08 07:00:00,1,,9,Red,bot,Elk,,Suzhou LNG Esports,,Ziggs,0,,0,0,0,0,0,,,,500,,0.2,0,,0,,0,,,,,,,,,,,,,,,,,,,,,,,,,,,,,,,,,,,,,,,,,,,,,,,,,,,,,,,,,,,,,,,,,,,,,,,,,1,0
lol-game-116566854547835321,partial,,LPL,2026,,0,2026-08-08 07:00:00,1,,10,Red,sup,Moham,,Suzhou LNG Esports,,Shen,0,,0,0,0,0,0,,,,500,,0.2,0,,0,,0,,,,,,,,,,,,,,,,,,,,,,,,,,,,,,,,,,,,,,,,,,,,,,,,,,,,,,,,,,,,,,,,,,,,,,,,,1,0
lol-game-116566854547835321,partial,,LPL,2026,,0,2026-08-08 07:00:00,1,,,Red,team,,,Suzhou LNG Esports,,,0,,0,0,0,0,0,,,,2500,,,0,,0,,0,,,,,,,0,0,0,0,0,0,0,0,0,0,0,0,0,0,0,0,,,,,,,,,,,,,,,,,,,,,,,,,,,,,,,,,,,,,,,,,,,,,,,,,,,1,0
lol-game-116566854547835322,partial,,LPL,2026,,0,2026-08-08 08:15:00,2,16.15.800.8073,1,Blue,top,Zika,,WeiboGaming,,K'Sante,1,1946,5,2,14,24,9,,,0.1769,13279,409.4,0.196,253,7.8,12,0.37,3,0.09,,,,,,,,,,,,,,,,,,,,,,,,3916,68,3885,76,31,-8,2,2,1,2,4,1,5519,119,5602,134,-83,-15,2,2,1,2,4,1,7458,158,7902,181,-444,-23,2,3,2,3,4,2,9919,196,9235,209,684,-13,4,5,2,3,4,3,1,1
lol-game-116566854547835322,partial,,LPL,2026,,0,2026-08-08 08:15:00,2,16.15.800.8073,2,Blue,jng,Xiaohao,,WeiboGaming,,Naafiri,1,1946,6,1,15,24,9,,,0.2538,14836,457.4,0.219,270,8.32,13,0.4,9,0.28,,,,,,,,,,,,,,,,,,,,,,,,3714,73,3844,71,-130,2,0,5,1,0,6,1,5341,112,5617,117,-276,-5,0,5,1,0,6,1,7344,164,7408,152,-64,12,0,5,1,0,7,1,10363,215,8771,176,1592,39,2,9,1,0,7,3,1,1
lol-game-116566854547835322,partial,,LPL,2026,,0,2026-08-08 08:15:00,2,16.15.800.8073,3,Blue,mid,Xiaohu,,WeiboGaming,,Syndra,1,1946,6,1,16,24,9,,,0.2954,13285,409.6,0.1961,270,8.32,15,0.46,5,0.15,,,,,,,,,,,,,,,,,,,,,,,,3879,87,4119,84,-240,3,2,3,1,3,1,0,5867,144,6166,145,-299,-1,3,3,1,3,1,1,8146,196,8555,196,-409,0,4,3,1,4,1,1,10299,224,10278,227,21,-3,5,7,1,5,1,2,1,1
lol-game-116566854547835322,partial,,LPL,2026,,0,2026-08-08 08:15:00,2,16.15.800.8073,4,Blue,bot,Elk,,WeiboGaming,,Kai'Sa,1,1946,7,2,8,24,9,,,0.2237,17904,552.0,0.2643,340,10.48,13,0.4,11,0.34,,,,,,,,,,,,,,,,,,,,,,,,3743,79,3381,78,362,1,1,2,1,1,1,1,6161,140,5713,134,448,6,1,2,1,1,1,1,9003,205,8543,197,460,8,1,2,1,1,2,1,11928,265,10407,241,1521,24,2,5,2,1,3,2,1,1
lol-game-116566854547835322,partial,,LPL,2026,,0,2026-08-08 08:15:00,2,16.15.800.8073,5,Blue,sup,Moham,,WeiboGaming,,Leona,1,1946,0,3,19,24,9,,,0.0502,8450,260.5,0.1247,43,1.33,70,2.16,23,0.71,,,,,,,,,,,,,,,,,,,,,,,,2379,16,2332,16,47,0,0,2,2,0,2,2,3513,22,3504,29,9,-7,0,3,2,0,2,2,4724,30,4619,31,105,-1,0,3,3,0,3,2,6306,39,5933,36,373,3,0,9,3,0,4,3,1,1
lol-game-116566854547835322,partial,,LPL,2026,,0,2026-08-08 08:15:00,2,16.15.800.8073,,Blue,team,,,WeiboGaming,,,1,1946,24,9,72,24,9,0.74,1.017,,67754,,,1176,,123,,51,,,,,,,3,1,3,1,1,2,0,0,0,0,0,0,0,1,7,3,1,0,17631,323,17561,325,70,-2,5,14,6,6,14,5,26401,537,26602,559,-201,-22,6,15,6,6,14,6,36675,753,37027,757,-352,-4,7,16,8,8,17,7,48815,939,44624,889,4191,50,13,35,9,9,19,13,1,1
lol-game-116566854547835322,partial,,LPL,2026,,0,2026-08-08 08:15:00,2,16.15.800.8073,6,Red,top,LNGsheer,,Suzhou LNG Esports,,Yorick,0,1946,3,5,4,9,24,,,0.3138,11436,352.6,0.2014,249,7.68,15,0.46,11,0.34,,,,,,,,,,,,,,,,,,,,,,,,3885,76,3916,68,-31,8,2,4,1,2,2,1,5602,134,5519,119,83,15,2,4,1,2,2,1,7902,181,7458,158,444,23,3,4,2,2,3,2,9235,209,9919,196,-684,13,3,4,3,4,5,2,1,1
lol-game-116566854547835322,partial,,LPL,2026,,0,2026-08-08 08:15:00,2,16.15.800.8073,7,Red,jng,Weiwei,,Suzhou LNG Esports,,Pantheon,0,1946,0,5,7,9,24,,,0.1409,10612,327.2,0.1869,198,6.1,13,0.4,9,0.28,,,,,,,,,,,,,,,,,,,,,,,,3844,71,3714,73,130,-2,0,6,1,0,5,1,5617,117,5341,112,276,5,0,6,1,0,5,1,7408,152,7344,164,64,-12,0,7,1,0,5,1,8771,176,10363,215,-1592,-39,0,7,3,2,9,1,1,1
lol-game-116566854547835322,partial,,LPL,2026,,0,2026-08-08 08:15:00,2,16.15.800.8073,8,Red,mid,Nia,,Suzhou LNG Esports,,Locke,0,1946,5,4,1,9,24,,,0.2121,12881,397.2,0.2268,278,8.57,13,0.4,11,0.34,,,,,,,,,,,,,,,,,,,,,,,,4119,84,3879,87,240,-3,3,1,0,2,3,1,6166,145,5867,144,299,1,3,1,1,3,3,1,8555,196,8146,196,409,0,4,1,1,4,3,1,10278,227,10299,224,-21,3,5,1,2,5,7,1,1,1
lol-game-116566854547835322,partial,,LPL,2026,,0,2026-08-08 08:15:00,2,16.15.800.8073,9,Red,bot,LNG1xn,,Suzhou LNG Esports,,Ezreal,0,1946,1,4,3,9,24,,,0.2924,14060,433.5,0.2476,324,9.99,13,0.4,9,0.28,,,,,,,,,,,,,,,,,,,,,,,,3381,78,3743,79,-362,-1,1,1,1,1,2,1,5713,134,6161,140,-448,-6,1,1,1,1,2,1,8543,197,9003,205,-460,-8,1,2,1,1,2,1,10407,241,11928,265,-1521,-24,1,3,2,2,5,2,1,1
lol-game-116566854547835322,partial,,LPL,2026,,0,2026-08-08 08:15:00,2,16.15.800.8073,10,Red,sup,MISSING,,Suzhou LNG Esports,,Nautilus,0,1946,0,6,4,9,24,,,0.0408,7804,240.6,0.1374,43,1.33,70,2.16,15,0.46,,,,,,,,,,,,,,,,,,,,,,,,2332,16,2379,16,-47,0,0,2,2,0,2,2,3504,29,3513,22,-9,7,0,2,2,0,3,2,4619,31,4724,30,-105,1,0,3,2,0,3,3,5933,36,6306,39,-373,-3,0,4,3,0,9,3,1,1
lol-game-116566854547835322,partial,,LPL,2026,,0,2026-08-08 08:15:00,2,16.15.800.8073,,Red,team,,,Suzhou LNG Esports,,,0,1946,9,24,19,9,24,0.277,1.017,,56793,,,1092,,124,,55,,,,,,,1,3,1,3,0,0,0,1,0,0,0,0,1,0,3,7,0,1,17561,325,17631,323,-70,2,6,14,5,5,14,6,26602,559,26401,537,201,22,6,14,6,6,15,6,37027,757,36675,753,352,4,8,17,7,7,16,8,44624,889,48815,939,-4191,-50,9,19,13,13,35,9,1,1
lol-game-116566854547835325,partial,,LPL,2026,,0,2026-07-30 07:15:00,1,16.14.794.5912,1,Blue,top,Zika,,WeiboGaming,,Ambessa,0,1653,0,3,1,6,13,,,0.1487,10559,383.3,0.2065,276,10.02,11,0.4,7,0.25,,,,,,,,,,,,,,,,,,,,,,,,4549,126,4089,109,460,17,0,1,0,0,0,1,6144,165,6160,164,-16,1,0,1,1,0,1,1,8176,214,8440,212,-264,2,0,1,1,1,1,1,9668,253,11415,258,-1747,-5,0,1,2,2,3,1,1,1
lol-game-116566854547835325,partial,,LPL,2026,,0,2026-07-30 07:15:00,1,16.14.794.5912,2,Blue,jng,Jiejie,,WeiboGaming,,Nocturne,0,1653,1,2,3,6,13,,,0.2159,10232,371.4,0.2001,207,7.51,14,0.51,11,0.4,,,,,,,,,,,,,,,,,,,,,,,,4536,87,3862,85,674,2,1,2,0,0,0,0,6433,133,5756,123,677,10,1,2,0,0,2,0,8173,172,7794,167,379,5,1,2,0,0,3,0,9735,202,10435,197,-700,5,1,3,1,1,6,0,1,1
lol-game-116566854547835325,partial,,LPL,2026,,0,2026-07-30 07:15:00,1,16.14.794.5912,3,Blue,mid,Xiaohu,,WeiboGaming,,Syndra,0,1653,0,3,3,6,13,,,0.3399,9722,352.9,0.1902,235,8.53,14,0.51,9,0.33,,,,,,,,,,,,,,,,,,,,,,,,4240,118,4014,112,226,6,0,1,0,0,0,1,6743,175,5525,145,1218,30,0,2,0,0,2,1,7925,199,7246,195,679,4,0,2,1,0,2,1,9272,226,9475,211,-203,15,0,3,2,1,5,2,1,1
lol-game-116566854547835325,partial,,LPL,2026,,0,2026-07-30 07:15:00,1,16.14.794.5912,4,Blue,bot,Elk,,WeiboGaming,,Kai'Sa,0,1653,4,2,1,6,13,,,0.2253,13239,480.5,0.2589,267,9.69,13,0.47,10,0.36,,,,,,,,,,,,,,,,,,,,,,,,4728,105,3968,107,760,-2,2,1,0,0,0,1,7874,163,6752,166,1122,-3,3,1,0,1,0,1,10124,214,8832,223,1292,-9,3,1,0,1,0,1,12601,256,12066,268,535,-12,4,1,1,3,1,1,1,1
lol-game-116566854547835325,partial,,LPL,2026,,0,2026-07-30 07:15:00,1,16.14.794.5912,5,Blue,sup,Jwei,,WeiboGaming,,Shen,0,1653,1,3,4,6,13,,,0.0703,7374,267.7,0.1442,40,1.45,65,2.36,18,0.65,,,,,,,,,,,,,,,,,,,,,,,,3469,28,2719,15,750,13,1,2,0,0,0,1,4640,32,4269,19,371,13,1,3,1,1,1,2,5763,34,5551,25,212,9,1,3,1,1,2,2,6868,39,7333,28,-465,11,1,4,2,1,6,2,1,1
lol-game-116566854547835325,partial,,LPL,2026,,0,2026-07-30 07:15:00,1,16.14.794.5912,,Blue,team,,,WeiboGaming,,,0,1653,6,13,12,6,13,0.218,0.69,,51126,,,1025,,117,,55,,,,,,,0,4,0,4,0,0,0,0,0,0,0,0,0,1,3,9,0,1,21522,464,18652,428,2870,36,4,7,0,0,0,4,31834,668,28462,617,3372,51,5,9,2,2,6,5,40161,833,37863,822,2298,11,5,9,3,3,8,5,48144,976,50724,962,-2580,14,6,12,8,8,21,6,1,1
lol-game-116566854547835325,partial,,LPL,2026,,0,2026-07-30 07:15:00,1,16.14.794.5912,6,Red,top,HOYA,,Shenzhen NINJAS IN PYJAMAS,,Gnar,1,1653,2,1,7,13,6,,,0.1772,12538,455.1,0.2143,276,10.02,17,0.62,14,0.51,,,,,,,,,,,,,,,,,,,,,,,,4089,109,4549,126,-460,-17,0,0,1,0,1,0,6160,164,6144,165,16,-1,0,1,1,0,1,1,8440,212,8176,214,264,-2,1,1,1,0,1,1,11415,258,9668,253,1747,5,2,3,1,0,1,2,1,1
lol-game-116566854547835325,partial,,LPL,2026,,0,2026-07-30 07:15:00,1,16.14.794.5912,7,Red,jng,Guwon,,Shenzhen NINJAS IN PYJAMAS,,Trundle,1,1653,3,0,9,13,6,,,0.1595,12412,450.5,0.2122,213,7.73,11,0.4,6,0.22,,,,,,,,,,,,,,,,,,,,,,,,3862,85,4536,87,-674,-2,0,0,0,1,2,0,5756,123,6433,133,-677,-10,0,2,0,1,2,0,7794,167,8173,172,-379,-5,0,3,0,1,2,0,10435,197,9735,202,700,-5,1,6,0,1,3,1,1,1
lol-game-116566854547835325,partial,,LPL,2026,,0,2026-07-30 07:15:00,1,16.14.794.5912,8,Red,mid,Care,,Shenzhen NINJAS IN PYJAMAS,,Cassiopeia,1,1653,4,2,6,13,6,,,0.21,11232,407.7,0.192,217,7.88,13,0.47,11,0.4,,,,,,,,,,,,,,,,,,,,,,,,4014,112,4240,118,-226,-6,0,0,1,0,1,0,5525,145,6743,175,-1218,-30,0,2,1,0,2,0,7246,195,7925,199,-679,-4,0,2,1,0,2,1,9475,211,9272,226,203,-15,1,5,2,0,3,2,1,1
lol-game-116566854547835325,partial,,LPL,2026,,0,2026-07-30 07:15:00,1,16.14.794.5912,9,Red,bot,Photic,,Shenzhen NINJAS IN PYJAMAS,,Ezreal,1,1653,3,1,6,13,6,,,0.3883,13982,507.5,0.239,295,10.71,17,0.62,15,0.54,,,,,,,,,,,,,,,,,,,,,,,,3968,107,4728,105,-760,2,0,0,1,2,1,0,6752,166,7874,163,-1122,3,1,0,1,3,1,0,8832,223,10124,214,-1292,9,1,0,1,3,1,0,12066,268,12601,256,-535,12,3,1,1,4,1,1,1,1
lol-game-116566854547835325,partial,,LPL,2026,,0,2026-07-30 07:15:00,1,16.14.794.5912,10,Red,sup,fengyue,,Shenzhen NINJAS IN PYJAMAS,,Alistar,1,1653,1,2,11,13,6,,,0.0651,8330,302.4,0.1424,30,1.09,74,2.69,10,0.36,,,,,,,,,,,,,,,,,,,,,,,,2719,15,3469,28,-750,-13,0,0,1,1,2,0,4269,19,4640,32,-371,-13,1,1,2,1,3,1,5551,25,5763,34,-212,-9,1,2,2,1,3,1,7333,28,6868,39,465,-11,1,6,2,1,4,2,1,1
lol-game-116566854547835325,partial,,LPL,2026,,0,2026-07-30 07:15:00,1,16.14.794.5912,,Red,team,,,Shenzhen NINJAS IN PYJAMAS,,,1,1653,13,6,39,13,6,0.472,0.69,,58494,,,1031,,132,,56,,,,,,,4,0,4,0,0,0,1,1,0,2,0,0,1,0,9,3,1,0,18652,428,21522,464,-2870,-36,0,0,4,4,7,0,28462,617,31834,668,-3372,-51,2,6,5,5,9,2,37863,822,40161,833,-2298,-11,3,8,5,5,9,3,50724,962,48144,976,2580,-14,8,21,6,6,12,8,1,1
lol-game-116566854547835326,partial,,LPL,2026,,0,2026-07-30 08:13:23,2,16.14.794.5912,1,Blue,top,HOYA,,Shenzhen NINJAS IN PYJAMAS,,Yorick,1,1738,1,2,5,17,7,,,0.2282,11822,408.1,0.1909,270,9.32,16,0.55,6,0.21,,,,,,,,,,,,,,,,,,,,,,,,5338,132,4630,123,708,9,1,1,0,0,0,1,7484,166,5947,153,1537,13,1,1,0,0,0,1,8506,194,7804,179,702,15,1,1,1,1,1,1,10233,244,9563,226,670,18,1,1,2,1,2,1,1,1
lol-game-116566854547835326,partial,,LPL,2026,,0,2026-07-30 08:13:23,2,16.14.794.5912,2,Blue,jng,Guwon,,Shenzhen NINJAS IN PYJAMAS,,Naafiri,1,1738,3,1,6,17,7,,,0.1179,12193,420.9,0.1969,224,7.73,9,0.31,12,0.41,,,,,,,,,,,,,,,,,,,,,,,,5457,107,4707,77,750,30,1,2,1,1,0,3,6867,130,5759,99,1108,31,2,2,1,1,0,3,8274,160,7278,131,996,29,2,2,1,1,1,3,9759,193,8855,163,904,30,2,2,1,1,2,3,1,1
lol-game-116566854547835326,partial,,LPL,2026,,0,2026-07-30 08:13:23,2,16.14.794.5912,3,Blue,mid,Care,,Shenzhen NINJAS IN PYJAMAS,,Locke,1,1738,4,0,6,17,7,,,0.2114,12458,430.1,0.2012,263,9.08,7,0.24,19,0.66,,,,,,,,,,,,,,,,,,,,,,,,5946,125,4397,121,1549,4,4,1,0,0,0,0,7161,147,5845,160,1316,-13,4,2,0,0,0,0,8671,175,7201,189,1470,-14,4,2,0,1,0,0,10550,233,9316,241,1234,-8,4,2,0,2,0,0,1,1
lol-game-116566854547835326,partial,,LPL,2026,,0,2026-07-30 08:13:23,2,16.14.794.5912,4,Blue,bot,Photic,,Shenzhen NINJAS IN PYJAMAS,,Sivir,1,1738,8,1,6,17,7,,,0.3801,16866,582.3,0.2724,313,10.81,15,0.52,10,0.35,,,,,,,,,,,,,,,,,,,,,,,,7125,122,5529,115,1596,7,3,5,1,1,2,4,8785,168,7167,162,1618,6,3,5,1,1,2,4,10540,202,8782,197,1758,5,3,5,1,1,3,4,12895,268,10786,254,2109,14,3,5,1,1,3,4,1,1
lol-game-116566854547835326,partial,,LPL,2026,,0,2026-07-30 08:13:23,2,16.14.794.5912,5,Blue,sup,fengyue,,Shenzhen NINJAS IN PYJAMAS,,Rakan,1,1738,1,3,13,17,7,,,0.0625,8581,296.2,0.1386,32,1.1,72,2.49,20,0.69,,,,,,,,,,,,,,,,,,,,,,,,4092,17,3694,21,398,-4,1,6,1,1,2,2,5154,22,4544,22,610,0,1,7,1,1,2,3,5831,23,5384,24,447,-1,1,7,2,1,3,3,6923,27,6471,28,452,-1,1,7,2,1,3,3,1,1
lol-game-116566854547835326,partial,,LPL,2026,,0,2026-07-30 08:13:23,2,16.14.794.5912,,Blue,team,,,Shenzhen NINJAS IN PYJAMAS,,,1,1738,17,7,36,17,7,0.587,0.829,,61920,,,1102,,119,,67,,,,,,,4,1,4,1,0,0,0,1,3,0,0,0,1,0,10,2,2,0,27958,503,22957,457,5001,46,10,15,3,3,4,10,35451,633,29262,596,6189,37,11,17,3,3,4,11,41822,754,36449,720,5373,34,11,17,5,5,8,11,50360,965,44991,912,5369,53,11,17,6,6,10,11,1,1
lol-game-116566854547835326,partial,,LPL,2026,,0,2026-07-30 08:13:23,2,16.14.794.5912,6,Red,top,Zika,,WeiboGaming,,Rumble,0,1738,1,3,3,7,17,,,0.2258,10228,353.1,0.2009,230,7.94,8,0.28,3,0.1,,,,,,,,,,,,,,,,,,,,,,,,4630,123,5338,132,-708,-9,0,0,1,1,1,0,5947,153,7484,166,-1537,-13,0,0,1,1,1,0,7804,179,8506,194,-702,-15,1,1,1,1,1,1,9563,226,10233,244,-670,-18,1,2,1,1,1,2,1,1
lol-game-116566854547835326,partial,,LPL,2026,,0,2026-07-30 08:13:23,2,16.14.794.5912,7,Red,jng,Jiejie,,WeiboGaming,,Vi,0,1738,1,5,2,7,17,,,0.1339,9845,339.9,0.1934,180,6.21,9,0.31,16,0.55,,,,,,,,,,,,,,,,,,,,,,,,4707,77,5457,107,-750,-30,1,0,3,1,2,1,5759,99,6867,130,-1108,-31,1,0,3,2,2,1,7278,131,8274,160,-996,-29,1,1,3,2,2,1,8855,163,9759,193,-904,-30,1,2,3,2,2,1,1,1
lol-game-116566854547835326,partial,,LPL,2026,,0,2026-07-30 08:13:23,2,16.14.794.5912,8,Red,mid,Xiaohu,,WeiboGaming,,Taliyah,0,1738,3,0,0,7,17,,,0.2717,11067,382.1,0.2174,277,9.56,12,0.41,9,0.31,,,,,,,,,,,,,,,,,,,,,,,,4397,121,5946,125,-1549,-4,0,0,0,4,1,0,5845,160,7161,147,-1316,13,0,0,0,4,2,0,7201,189,8671,175,-1470,14,1,0,0,4,2,0,9316,241,10550,233,-1234,8,2,0,0,4,2,0,1,1
lol-game-116566854547835326,partial,,LPL,2026,,0,2026-07-30 08:13:23,2,16.14.794.5912,9,Red,bot,Elk,,WeiboGaming,,Varus,0,1738,1,4,4,7,17,,,0.2844,12359,426.7,0.2428,286,9.87,14,0.48,12,0.41,,,,,,,,,,,,,,,,,,,,,,,,5529,115,7125,122,-1596,-7,1,2,4,3,5,1,7167,162,8785,168,-1618,-6,1,2,4,3,5,1,8782,197,10540,202,-1758,-5,1,3,4,3,5,1,10786,254,12895,268,-2109,-14,1,3,4,3,5,1,1,1
lol-game-116566854547835326,partial,,LPL,2026,,0,2026-07-30 08:13:23,2,16.14.794.5912,10,Red,sup,Jwei,,WeiboGaming,,Rell,0,1738,1,5,4,7,17,,,0.0843,7411,255.8,0.1456,30,1.04,72,2.49,14,0.48,,,,,,,,,,,,,,,,,,,,,,,,3694,21,4092,17,-398,4,1,2,2,1,6,1,4544,22,5154,22,-610,0,1,2,3,1,7,1,5384,24,5831,23,-447,1,1,3,3,1,7,2,6471,28,6923,27,-452,1,1,3,3,1,7,2,1,1
lol-game-116566854547835326,partial,,LPL,2026,,0,2026-07-30 08:13:23,2,16.14.794.5912,,Red,team,,,WeiboGaming,,,0,1738,7,17,13,7,17,0.242,0.829,,50910,,,1003,,115,,54,,,,,,,1,4,1,4,0,0,0,0,0,1,0,0,0,1,2,10,0,2,22957,457,27958,503,-5001,-46,3,4,10,10,15,3,29262,596,35451,633,-6189,-37,3,4,11,11,17,3,36449,720,41822,754,-5373,-34,5,8,11,11,17,5,44991,912,50360,965,-5369,-53,6,10,11,11,17,6,1,1
